Xegwi_(n=3),-0.63285633,0.060931667,0.021747333,0.024332667,-0.00092333333,0.0059493333,0.10011467,-0.072612333,-0.013430333,0.016340667,0.004547,-0.025527333,-0.012140667,0.0041286667,-0.00063366667,-0.0075576667,0.0048243333,0.13124967,-0.045502667,0.003335,-0.014308333,-0.0042453333,0.003081,-0.001687,-0.0011973333
Gui-G||ana_(n=34),-0.60637594,0.060991471,0.018323618,0.0214795,0.0016473235,-0.00038552941,0.18401338,-0.14119094,0.015610029,0.0047541765,0.0043750294,-0.044148971,-0.017839324,0.0049908529,0.012486206,-0.016967529,0.023488382,0.21037762,-0.068864059,0.00078717647,-0.025712,-0.0017128824,0.0037988824,-0.0027110882,-0.0019229706
Gui-G||ana_o1_(n=3),-0.608195,0.060254667,0.017599,0.024332667,0.0011283333,-0.000465,0.226942,-0.17537733,0.025429333,0.00078966667,0.0048173333,-0.052303667,-0.020168333,0.006331,0.018955667,-0.021391,0.029988333,0.25971133,-0.086145,-0.001084,-0.029281667,-0.003091,0.006532,-0.006788,-0.0013573333
Gui-G||ana_o2_(n=3),-0.62602733,0.062286,0.018730333,0.023148333,0.000718,0.005206,0.12956933,-0.097919,-0.00068166667,0.011359333,0.002977,-0.031572,-0.016848,0.0038993333,0.004162,-0.0015026667,0.011387,0.15667133,-0.054595,0.002543,-0.016637333,-0.005276,0.0055873333,-0.0018876667,-0.000918
Gui-G||ana_o3_(n=6),-0.62849333,0.063301167,0.018918667,0.019810667,0.0021028333,0.0063678333,0.10536317,-0.073881333,-0.0056245,0.0098711667,0.0013803333,-0.022455,-0.017269667,0.0034406667,-0.0019906667,-0.0019225,0.00791,0.13127067,-0.046235833,0.0020216667,-0.014932,-0.0008655,0.0048681667,-0.00243,-0.00033916667
Gui-G||ana_o4_(n=4),-0.63171825,0.06118575,0.023287,0.02059125,-0.001,0.00885475,0.06315925,-0.0400945,-0.0173845,0.01280225,0.0006085,-0.0158855,-0.01364,0.0031655,-0.00420725,0.004011,0.000489,0.09362275,-0.03371825,0.0060655,-0.00549025,-0.00136,0.00459125,0.00069275,0.00050875
Gui-G||ana_o5_(n=1),-0.623751,0.062963,0.021873,0.017442,-0.003693,0.005857,0.035487,-0.019845,-0.011453,0.015672,0.002436,-0.012739,-0.011596,0.007569,-0.003529,0.000398,-0.001565,0.066005,-0.022626,0,-0.005116,-0.000247,0.003451,-0.001928,0.00467
Abazin_(n=8),0.1079895,0.07553,-0.023145625,-0.017563125,-0.032313625,0.0003835,0.008166625,-0.003115125,-0.04990375,-0.022278375,-0.00158325,0.0053015,-0.017913625,0.003784625,0.00108575,-0.011402625,0.00857275,-0.003753125,-0.006740625,0.0197125,0.009031,0.00064925,-0.001186125,-0.0064315,-0.002604375
Abdal_(n=2),0.0921965,0.101553,-0.0456315,-0.030039,-0.019542,-0.0126895,0.001175,-0.0036925,-0.0049085,0.0066515,0,-0.001049,0.0015605,0.00172,-0.0073965,0.0055025,0.0068455,0.007918,0.001948,-0.0038145,-0.003993,-0.002535,-0.0043135,-0.0066875,-0.0020355
Abkhazian_(n=11),0.10895991,0.11761682,-0.050088364,-0.041608273,-0.040287091,-0.0062623636,0.011836182,-0.0054121818,-0.061394455,-0.022315364,-0.0012843636,0.010694909,-0.024839909,0.0031778182,0.0036891818,-0.021817,0.012078273,-0.0049638182,-0.011415636,0.021396545,0.013963818,0.0023381818,0.0034172727,-0.0076679091,-0.0034726364
Acadian_(n=35),0.12586971,0.13920443,0.051583829,0.023988486,0.040681771,0.0085996571,0.000762,0.0017766571,0.011278314,0.016322057,-0.0044455429,0.0065654286,-0.014220543,-0.0089632,0.012796686,0.0026154857,-0.0042655714,0.0012524571,0.0018049429,-0.000039914286,0.0031432,0.0013751429,-0.0005956,0.0063439143,-0.000099057143
Achang_Yunnan_(low_res)_(n=65),0.015234769,-0.43197494,-0.018101785,-0.045935569,0.066199262,0.030201723,0.0024838769,0.00062129231,-0.0048676923,0.0033335077,-0.047597338,-0.0063612923,0.0059120615,-0.0047596308,-0.0084773231,-0.0046406769,0.0020199538,-0.00093941538,-0.002773,0.00028475385,0.00035898462,0.021759062,0.0083030308,0.0025804615,0.032566308
Adiyan_Kerala_(n=3),0.0045526667,-0.162823,-0.18566933,0.13716833,-0.052215,0.053454,-0.0038383333,0.014768667,0.085695667,0.053213,0.0045466667,0.0037966667,-0.0020316667,0.011835667,-0.023524667,-0.023954667,0.014385333,0.00097133333,-0.0031423333,0.027179667,0.011937,0.012654,-0.011626333,0.009439,-0.004351
Aeta_(n=2),-0.016504,-0.3330935,-0.0923945,0.033269,0.104173,-0.006554,0.00235,-0.0139605,0.004704,0.001458,0.0424645,0.0019485,-0.00721,0.001858,0.004682,0.0000665,0.0086705,0.007158,0.00088,0.003189,0.003369,-0.0179295,-0.006039,-0.0074705,-0.0543665
Afar_Ethiopia_(n=8),-0.229069,0.10104487,-0.03092375,-0.077964125,0.0001155,-0.03601175,-0.016744625,0.0012115,0.10520188,-0.0648305,-0.0000405,-0.01189575,0.017728,-0.00158275,0.020358125,-0.010822625,0.009681,-0.000602,0.009741625,0.001954125,0.003774375,0.0075735,-0.0024805,0.004096875,-0.004894625
African_American_(n=115),-0.46653447,0.07174422,0.02837571,0.02170154,0.0079426347,0.012360964,-0.025233478,0.025653559,-0.030308311,0.022502832,0.0033433515,0.00017348523,0.0092071933,-0.0018378297,0.0092036162,-0.0028964323,0.0014262249,0.0018497279,0.0012380715,0.0003882054,0.00060421627,0.0014125319,-0.00046174783,0.0019243694,0.000067099968
Afrikaner_(n=66),0.11511652,0.12954153,0.051619818,0.038280394,0.037801864,0.014569939,0.0036923485,0.0061500758,0.0061109848,0.0051605606,-0.0040695606,0.0039533182,-0.0088678636,-0.0079612879,0.01392997,0.0056550758,-0.0029317121,0.0027314697,0.0022987879,0.0030525606,0.0036639242,0.0031756364,0.00015875758,0.010832,0.000070787879
Afrikaner_o_(n=7),0.084554,0.11228857,0.042884,0.036314429,0.034643714,0.014940571,0.0071844286,0.0024395714,0.0087654286,0.009216,-0.0050804286,0.0028047143,-0.0088345714,-0.0052101429,0.011962857,0.0034661429,-0.0024214286,0.0073117143,0.0037888571,0.0036624286,0.0038322857,0.0039922857,-0.00068671429,0.011671,0.000034285714
Afro-Bahamian_(n=8),-0.47234925,0.087954,0.029596875,0.022649,0.01201125,0.0140555,-0.003239625,0.01477175,-0.025596125,0.02311875,0.00209125,0.001938625,0.00544475,-0.00035575,0.00614475,-0.001633625,-0.000024,0.0008345,-0.001874,0.000338875,0.001853625,-0.001647625,0.000697625,0.001747625,0.00054775
Afro-Barbadian_(n=93),-0.54709751,0.069885839,0.024723677,0.018334591,0.0048179785,0.012670086,-0.030702882,0.033943957,-0.03912343,0.028203462,0.0041418065,0.00014664516,0.015756473,-0.00087455914,0.011167097,-0.0065767312,0.0050247527,0.0023185376,0.003118129,-0.0011954946,0.0015054301,0.0020116882,-0.0011661828,0.0010351828,-0.00035795699
Afro-Barbadian_o_(n=2),-0.301631,0.098506,0.0375235,0.0224485,0.0180035,0.011156,-0.0129255,0.0211145,-0.0197365,0.023235,-0.0011365,0.004721,0.00721,-0.0088075,0.012079,0.0001325,0.0009125,0.007538,0.002954,0.0017505,0.0009985,0.0019785,0.0007395,0.0003615,-0.001018
Afro-Brazilian_(n=16),-0.54102587,0.065391187,0.025516125,0.014732688,0.002927625,0.00839575,-0.02122075,0.011939438,-0.026755938,0.0211175,0.00219275,0.0051848125,0.00719225,0.00293,0.00087175,-0.00098775,-0.000010375,0.002851,-0.0015515625,0.000580375,0.00206925,-0.0010675,0.0023625,0.0004936875,0.0011625625
Afro-Colombian_(n=2),-0.3000895,0.0090615,0.0399855,0.020349,-0.0126215,-0.00139,-0.0749105,-0.05831,-0.0110595,0.014617,-0.0009125,0.003192,0.0042515,0.0032305,0.0022285,0.0007865,0.0010115,-0.0005085,-0.0013305,0.002755,0.001772,-0.0009825,0.000364,0.0005345,0.0018005
Afro-Costa_Rican_(n=1),-0.23832,0.015115,0.044728,0.03283,-0.014648,0.005371,-0.075206,-0.061576,-0.017701,0.008508,-0.000569,0.003975,0.000261,0.000635,0.005036,0.000382,-0.001614,-0.000488,-0.001565,0.001033,0.001592,0.001622,0.000469,0.002318,-0.000264
Afro-Cuban_(n=7),-0.32301786,0.089665857,0.028703429,0.0087244286,0.017447714,0.0053905714,-0.018472857,0.0092604286,-0.010225571,0.028777714,0.00075214286,0.0015268571,0.00206,-0.0023071429,0.0048437143,-0.002152,0.00058185714,0.000442,-0.0038215714,0.00041414286,0.0017092857,-0.0023407143,0.001106,-0.00038385714,0.00062914286
Afro-Emirati_(n=7),-0.200166,0.082838,-0.038735571,-0.034284143,-0.021190714,-0.0069722857,-0.0062108571,0.0025384286,0.013966,-0.0081227143,0.0063797143,-0.0075147143,0.011022286,0.00027528571,-0.002889,0.010455571,-0.0099277143,0.0041627143,0.00070042857,0.0026262857,0.0015864286,-0.00033542857,0.00028171429,-0.0012391429,0.0016421429
Afro-Grenadian_(n=7),-0.52191586,0.080376286,0.024149286,0.019670571,0.0082457143,0.012239143,-0.02697,0.037620857,-0.034461571,0.028282286,0.0033092857,-0.00081471429,0.008663,0.00035514286,0.0075327143,-0.0017452857,0.00024657143,0.0034835714,-0.00078914286,0.0021204286,0.002921,-0.00077942857,0.00057,0.0025912857,0.0013077143
Afro-Guadeloupean_(n=3),-0.29976933,0.10974767,0.035205333,0.015042667,0.023479333,0.0090506667,-0.011009667,0.02147,-0.012093333,0.026220667,-0.000024333333,0.0058556667,-0.000461,-0.0052733333,0.010031333,0.00024533333,-0.001719,0.002157,0.00036966667,0.00020333333,0.0031473333,-0.000061,0.000118,0.003326,-0.00047833333
Afro-Guyanese_(n=3),-0.61102733,0.068578,0.016378667,0.015716,0.0021663333,0.013631333,-0.026589667,0.039424333,-0.034546333,0.023456333,0.002586,0.00079833333,0.0062566667,0.0032906667,0.000969,-0.00015166667,-0.00086633333,0.002352,-0.0013286667,0.0014806667,0.0031233333,-0.0025823333,0.0014746667,0.0016596667,0.0010696667
Afro-Haitian_(n=31),-0.53337248,0.083956613,0.023558161,0.015148677,0.0085941935,0.011264968,-0.0099638065,0.022929516,-0.029058,0.025361839,0.0038824839,0.0023657097,0.0082244516,-0.00075829032,0.0056789677,-0.0015937097,0.00087951613,0.0018064194,-0.0018189355,0.00044654839,0.0016548387,-0.0016400645,0.00082406452,0.0013737097,0.00032232258
Afro-Jamaican_(n=46),-0.48633635,0.085759913,0.027702478,0.020531304,0.010424261,0.013141022,-0.017547652,0.030126043,-0.029944717,0.023795761,0.0032028043,-0.00024765217,0.0074469348,-0.00015932609,0.0070243261,-0.0012988261,0.00031086957,0.0023504565,-0.001503587,0.0011595217,0.0019085652,-0.0015385,0.0010453478,0.0028060217,0.0003106087
Afro-Kuwaiti_(n=3),-0.21436667,0.10053733,-0.031426667,-0.054156333,-0.012002,-0.023519667,-0.015511,0.006615,0.046563333,-0.039180667,-0.0044386667,0.00029966667,0.0053023333,-0.0037616667,0.005293,0.0082646667,0.018384333,-0.0010556667,0.004651,-0.0012086667,0.003494,0.0016073333,0.000904,0.0035346667,-0.001557
Afro-Martinican_(n=1),-0.334003,0.101511,0.032821,0.013332,0.018903,0.008425,-0.019866,0.03051,-0.018953,0.026202,0.002389,-0.000572,0.004873,0.000195,0.008208,-0.001859,-0.000098,0.002235,-0.000212,-0.000341,0.002123,-0.003123,0.001071,0.002915,-0.000144
Afro-Mehri_(n=1),-0.210573,0.084289,-0.042615,-0.04845,-0.012002,-0.014502,-0.00564,0.003923,0.018612,0.002551,0.008607,-0.01139,0.020961,0.003441,-0.005022,0.01896,-0.008996,0.002787,-0.005154,0.016008,0.00549,-0.005688,-0.000246,0.006748,-0.007903
Afro-Omani_(n=1),-0.133173,0.08632,-0.053928,-0.043282,-0.017849,-0.00753,-0.00235,-0.000462,0.00634,0.000547,0.000325,-0.017235,0.015461,0.011973,-0.007193,0.019358,-0.016689,0.010515,0,0.009755,0.000374,0.011871,-0.006409,-0.004338,-0.001437
Afro-Panamanian_(n=6),-0.50199733,0.056968833,0.029003333,0.018875167,0.00099366667,0.0096893333,-0.042765,0.011586333,-0.032525833,0.024020833,0.0030656667,-0.00031066667,0.0079786667,0.0024801667,0.0048103333,-0.0013066667,0.00065716667,0.0028093333,-0.0013858333,0.001534,0.0027721667,-0.0014178333,0.00095283333,0.0016223333,0.00097816667
Afro-Puerto_Rican_(n=12),-0.32170375,0.066981583,0.032802,0.014098333,0.00540175,0.004106,-0.03558625,-0.0097546667,-0.01297075,0.02013875,0.0020966667,0.0021898333,0.00293275,-0.0014984167,0.0045025833,-0.0029605,0.00006025,0.00075541667,-0.00146675,-0.0017481667,-0.00036691667,-0.0016015833,0.00080041667,-0.00082325,-0.00042358333
Afro-Saudi_(n=61),-0.21426731,0.09063182,-0.035226787,-0.047158,-0.011608557,-0.016765377,-0.01123423,0.0036240492,0.034809279,-0.023290328,0.0020418525,-0.0068643934,0.016143098,0.0022809672,0.0018155574,0.007672918,-0.0085006557,0.0019543443,0.0005275082,0.0057178689,0.004469623,0.0051345902,-0.0017699016,0.00093047541,-0.0021161311
Afro-Trinidadian_(n=9),-0.42448967,0.074383222,0.026798556,0.021553667,0.012271778,0.013941111,-0.022980667,0.029656111,-0.026401667,0.021650111,0.0013178889,0.0011608889,0.0031,0.00060911111,0.0044622222,0.000986,-0.0013177778,0.0015343333,-0.00096944444,0.0024921111,0.0027103333,-0.0011693333,0.00065633333,0.0028918889,0.0014598889
Afro-Uruguayan_(n=1),-0.270107,0.019018,0.046034,0.026912,-0.007286,0.002666,-0.068799,-0.062777,-0.008918,0.010144,-0.000559,0.000308,0.006727,0.004973,0.007437,-0.003036,0.00482,0.005462,0.002129,-0.000875,0.001878,0.001089,-0.000432,0.001695,0.000594
Afro-Venezuelan_(n=1),-0.337836,0.037929,0.013527,0.034014,-0.009878,0.016515,-0.028593,-0.027302,-0.013277,0.019259,0.007578,-0.000082,0.006374,-0.005508,0.006,0.002481,-0.000659,-0.000244,-0.002457,-0.000867,-0.001097,0.000529,0.000637,0.00194,-0.000392
Afro-Vincentian_(n=5),-0.47105,0.081674,0.0300186,0.0220888,0.0099262,0.0125706,-0.0246844,0.0285584,-0.0275152,0.021651,0.0021158,0.0012228,0.0069184,0.0013086,0.0062762,-0.0004526,-0.0009558,0.0016796,-0.0006018,0.0013518,0.0032536,-0.0017374,0.0010804,0.0028502,0.0008638
Afro-Yemeni_Hadramaut_(n=3),-0.15100533,0.095798,-0.041860333,-0.062877333,-0.009848,-0.02008,-0.011123667,0.0021536667,0.049085667,-0.027882,0.007903,-0.010390667,0.023092,0.003991,0.0099526667,0.0088833333,-0.0068666667,0.0018583333,0.0013826667,0.0015423333,-0.000624,0.0024316667,0.0039026667,0.000562,-0.00063866667
Afro-Yemeni_Shabwah_(n=2),-0.230492,0.0847965,-0.029038,-0.049742,-0.0033855,-0.019801,-0.0030555,0.001731,0.0232135,-0.000091,0.0069825,-0.011465,0.0194745,0.0111475,-0.0046825,0.0111375,-0.0164935,0.0031035,-0.004588,0.0135065,0.0063635,0.005688,0.0005545,0.000301,-0.00479
Agaw_(n=2),-0.2248005,0.105615,-0.032998,-0.0860795,0.002462,-0.0428095,-0.0117505,-0.0043845,0.1035915,-0.0659695,-0.0017865,-0.01109,0.017468,0,0.0216475,-0.0145185,0.010561,0.0009505,0.006536,0.002626,0.0026825,0.0040805,-0.0048685,0.0044585,-0.0079635
Aghem_(n=28),-0.62871004,0.062273607,0.020620393,0.015677036,-0.00047264286,0.013615786,-0.025120857,0.030641571,-0.036215357,0.019024143,0.0049818571,0.00022475,0.0060579643,0.00022607143,0.00075614286,0.00030307143,0.00098260714,-0.00033478571,0.0011850714,0.0031398214,-0.0010695357,0.0016207857,-0.0019586786,0.00015496429,-0.00010689286
Agta_(n=2),-0.021057,-0.33157,-0.0956,0.034238,0.104481,-0.0139445,0.0001175,-0.009115,0.0070565,0.0013665,0.0410845,0.004571,-0.00446,-0.0062615,0.003732,0.0002655,0.009453,0.011655,0.0050905,0.0035645,-0.0007485,-0.028193,-0.0115235,-0.0081335,-0.061551
Ajam_Bandari_Emirates_(n=10),0.0360819,0.0759615,-0.083834,0.0020672,-0.060042,0.0154227,0.001081,-0.0018691,-0.0181208,-0.0159457,0.0024519,-0.0038066,0.0070761,-0.0039496,0.010437,0.0238396,-0.0109522,0.0036107,0.0025392,-0.0142069,0.0021212,-0.0113389,-0.000912,-0.0104591,0.0100828
Ajam_Emirates_(n=8),0.0813835,0.097236875,-0.071841375,-0.023942375,-0.046624125,0.00038375,0.00323125,-0.002048,-0.02185875,-0.013143875,0.000974125,-0.003934125,0.007061375,-0.006003875,0.0060905,0.014021375,-0.0083935,0.00342075,0.00248275,-0.007941125,0.000436625,-0.002426625,-0.0015405,-0.004804875,0.003757125
Ajam_Emirates_o_(n=2),0.082522,0.08632,-0.0788185,-0.007429,-0.054318,0.0064145,0.0010575,0,-0.0196345,-0.0164015,-0.002355,-0.0050205,0.0046085,-0.0078445,0.0102465,0.026054,0.0021515,0.010705,0.0067245,-0.016383,0.00574,-0.0062445,0.003081,-0.0119295,0.002814
Akan_Ghana_(n=51),-0.62689747,0.063679549,0.020948725,0.015757333,0.00082056863,0.012161804,-0.038168647,0.039925941,-0.043824196,0.031426765,0.0046901373,-0.000038176471,0.020191588,0.00097954902,0.011472373,-0.0093488235,0.0085440196,0.0018307059,0.0028688627,-0.0020303529,-0.00021037255,0.0020366471,-0.00045431373,0.00030719608,-0.000014058824
Akha_Thailand_(n=31),0.016082097,-0.43340177,-0.020656548,-0.050679742,0.081186323,0.035796871,0.00094003226,-0.0036325806,-0.0064062258,-0.0015459677,-0.025599742,-0.0039593871,0.0025800323,-0.0023795484,-0.0041679032,-0.00068435484,0.0019010323,-0.0035391613,-0.0064065161,0.0042480645,-0.0015818065,0.021036935,0.0043970968,0.0019550645,0.031664065
Akhvakh_(n=29),0.11543231,0.10964217,-0.023004276,0.014089483,-0.041302069,0.013088586,0.0045947241,-0.0046072759,-0.059798448,-0.040035448,-0.0046085517,0.0070178621,-0.014086897,-0.0069285172,0.015837138,-0.0040188276,-0.0034304483,-0.0019833448,-0.002461931,0.0040450345,-0.0003012069,0.0013644828,0.0071398621,0.008518,0.00010734483
Alawite_Syria_(n=4),0.083041377,0.13175948,-0.047701214,-0.065343012,-0.018529759,-0.0222065,-0.00037528473,-0.0029566163,-0.006851665,0.003211283,0.0045441233,-0.00085864932,0.0085255766,0.0000910036,-0.0053650243,0.012462932,0.0051608663,0.00035070312,0.00026306425,-0.00093991148,0.0009899375,0.0005432604,-0.0021780799,0.0044073386,-0.0016670989
Alawite_Turkey_(n=11),0.082884,0.13931227,-0.046626,-0.069474364,-0.016338545,-0.020435,-0.0010254545,-0.0056010909,-0.0020267273,0.0065274545,0.0053882727,-0.0037601818,0.0078112727,0.0013888182,-0.0059717273,0.0047129091,-0.0022758182,0.00051836364,0.003828,-0.0028762727,-0.00083927273,-0.00024745455,0.0010195455,0.0026509091,0.00015245455
Albanian_(n=13),0.12150923,0.14373646,0.014823769,-0.018388538,0.025732538,-0.0076586923,0.0043565385,0.0036743846,-0.00029884615,0.018558154,0.0012740769,0.0022134615,-0.0067583846,0.0068283077,-0.020326923,-0.0067008462,0.0086153846,0.00074061538,0.0062172308,-0.0063876154,-0.0067283846,0.00040884615,0.0021615385,0.0022523077,-0.0034910769
Albanian_Gheg_(n=46),0.12502433,0.14743948,0.0163265,-0.021333326,0.026001,-0.0093016957,0.0023833261,0.00069528261,0.00069930435,0.020265152,-0.00021604348,0.0041951957,-0.0071743696,0.0081692174,-0.019371022,-0.0045188261,0.0099716087,0.0012826522,0.00833695,-0.0080202391,-0.0097691957,0.0012951304,0.0019258261,0.0045185652,-0.0037701304
Albanian_Gheg_Kosovo_(n=54),0.12479239,0.14563498,0.019777667,-0.013549463,0.026465537,-0.005356537,0.0038550926,0.0012128148,0.0015589444,0.017337019,0.00011948148,0.0035290741,-0.005771463,0.0081608889,-0.017946685,-0.0041111481,0.0095997778,0.00031774074,0.0087359815,-0.0068590741,-0.010469778,0.0013533148,0.0029516852,0.0028974259,-0.0022041111
Albanian_Gheg_Montenegro_(n=9),0.12586989,0.14262867,0.023194444,-0.0099583333,0.026968889,-0.0055181111,0.0029768889,0.0019346667,0.0038993333,0.014905667,-0.0022078889,0.00015333333,-0.0034933333,0.011502667,-0.017396111,-0.0068982222,0.0039183333,0.0016472222,0.0061608889,-0.0092204444,-0.010412889,-0.00043377778,0.003684,-0.00021066667,-0.0024491111
Albanian_Gheg_North_Macedonia_(n=11),0.12355355,0.14329625,0.021500455,-0.017162836,0.026091727,-0.0061642727,0.0023329091,0.00070536364,0.0021175273,0.018379991,-0.00043663636,0.0037871636,-0.0058400364,0.007217,-0.015580055,-0.0040883636,0.011428973,0.0013835455,0.00684,-0.0074740273,-0.0075737273,0.0011159455,0.005523,0.0019802182,-0.0021761455
Albanian_Gheg_Serbia_(n=3),0.12444667,0.14318967,0.024261333,-0.017226667,0.025953333,-0.0045553333,0.0068933333,0.00046133333,0.0053856667,0.013546333,-0.00027066667,0.0038466667,-0.0058966667,0.0095876667,-0.018503333,0.00053033333,0.012995,-0.00046433333,0.0069973333,-0.0015006667,-0.0065303333,0.0058113333,0.004971,0.006587,-0.00471
Albanian_Tosk_(n=42),0.11902645,0.14405882,0.01415819,-0.020190795,0.022837452,-0.0077694952,0.0022493095,0.00067580952,0.001972119,0.017327643,0.00080699048,0.0035503571,-0.0058585524,0.0047185,-0.018907119,-0.0028890476,0.010623174,0.0008325,0.0071588333,-0.0056157857,-0.0096258333,0.0014956429,0.0026470071,0.0029779762,-0.0040174348
Albanian_Tosk_Cham_Greece_(n=4),0.118376,0.1457285,0.01376475,-0.0237405,0.021773,-0.00732075,-0.00088125,-0.001096,0.001943,0.02086625,-0.0003245,0.00651925,-0.0116325,0.00199525,-0.01394525,0.000033,0.014114,0.00307225,0.009019,-0.002345,-0.00932725,0.00034,0.0013865,0.005302,-0.00179625
Albanian_Tosk_North_Macedonia_(n=4),0.122929,0.14369725,0.021213,-0.0143735,0.0227735,-0.00808775,0.001175,-0.0004615,-0.001176,0.0137135,-0.001015,0.00310975,-0.0048315,0.0076035,-0.0197135,-0.00072925,0.0140815,-0.0009185,0.00829625,-0.0055965,-0.00605175,-0.000371,0.0020335,0.002892,-0.00401125
Aleut_(European-Mixed)_(n=9),0.095990667,-0.090607556,0.095495222,0.062446667,-0.030809,0.00018588889,-0.045435333,-0.051382333,-0.0043632222,-0.027396111,0.003663,-0.0062778889,0.015064333,0.0062543333,-0.016935,-0.0043313333,0.000058,0.00085855556,0.0058518889,0.005072,0.0042702222,-0.014934444,0.0031633333,0.0059847778,0.012107889
Algerian_Arab_(n=32),-0.042356352,0.13539464,-0.0087983729,-0.068888725,0.022477383,-0.029508074,-0.022103493,0.006953225,0.055356433,0.023909376,0.0061268833,-0.006492849,0.021554307,-0.01277548,0.013191184,-0.010463791,-0.0023207172,-0.01499231,-0.03196306,0.0074879984,-0.009903688,-0.028748807,0.017521279,-0.0037945203,0.0040842594
Algerian_Arab_Algiers_(n=24),-0.055820708,0.13413458,-0.0073537917,-0.068301042,0.022401458,-0.030782542,-0.022649125,0.006451625,0.054130583,0.025961,0.00546025,-0.0059634583,0.021456625,-0.013773833,0.013555042,-0.011005,-0.0043135417,-0.016955125,-0.032571583,0.0079465,-0.010777875,-0.028043458,0.018908167,-0.0010894583,0.0019259167
Algerian_Arab-Berber_(n=2),-0.053497,0.1376045,-0.0101825,-0.0757435,0.0252355,-0.0308175,-0.0240885,0.0053075,0.0514375,0.023235,0.0038975,-0.006594,0.022968,-0.0152075,0.017983,0.001326,0.0029985,-0.0184965,-0.0334355,0.008504,-0.0042425,-0.019475,0.0190415,-0.0004215,0.001317
Algerian_Jew_(n=9),0.076228111,0.14677911,-0.020911111,-0.061549667,0.011241333,-0.026047,-0.0058325556,-0.0027585556,0.016574667,0.021840222,0.0050646667,-0.0015248889,0.007053,-0.0045712222,-0.0050541111,-0.00039177778,-0.0020625556,-0.0017433333,-0.0058971111,-0.0027662222,-0.0034527778,-0.0021001111,0.0012736667,0.000055444444,-0.00078433333
Algonquin_(European-Mixed)_(n=7),0.074331714,-0.21273729,0.10121871,0.071266286,-0.072730714,-0.010612571,-0.16133471,-0.194484,-0.0069422857,-0.015736,0.0052347143,-0.0025181429,0.0026192857,0.0071535714,-0.0061204286,0.001282,0.0018601429,0.0019854286,0.0061198571,0.005498,0.0041957143,-0.002484,0.0029311429,0.0061035714,0.0040878571
Alor_(n=23),-0.020983087,-0.31618283,-0.16814665,0.14175587,0.16820522,-0.23446213,-0.0014815217,-0.003351,-0.025885652,-0.013533,0.020679826,0.0035967391,-0.0035290435,-0.001531913,0.0013926087,0.0030496087,-0.001456913,0.00099152174,0.00282,-0.0033766087,-0.0015136522,-0.0095266522,-0.0014253913,-0.00084347826,-0.018415304
Alsatian_Bas-Rhin_(n=44),0.12722325,0.14037382,0.050388409,0.02220625,0.038195795,0.0092096591,0.0029909091,0.0045207727,0.0062240227,0.010213523,-0.0032108864,0.0041792727,-0.0095852955,-0.0044164091,0.008646,0.0030315455,-0.0045249773,0.002312,0.0031910227,-0.00036097727,0.0030174545,0.0011831818,-0.0014846364,0.0072818182,-0.00044090909
Alsatian_Haut-Rhin_(n=1),0.140002,0.141159,0.050157,0.026486,0.046778,0.003068,0.006345,0.005307,0.003477,0.007472,-0.003573,0.006744,-0.006244,-0.002615,0.007329,-0.000133,-0.000522,0.008488,0.001885,0.001501,-0.001123,0.004081,0.004314,0.007953,-0.000599
Altai-Kizhi_(n=36),0.055551917,-0.29492681,0.072239528,-0.0051859444,-0.061908917,-0.02480575,0.011731,0.015101917,0.000073805556,0.00025308333,-0.014001556,-0.0013279444,-0.00059466667,-0.015107861,0.00094622222,0.0024528611,-0.0010358611,-0.00040469444,0.010604028,0.016042389,-0.028311167,0.00019927778,-0.011270222,-0.0041437222,-0.0021588056
Altai-Kizhi_o_(n=1),0.075123,-0.214277,0.071653,0.036499,-0.071706,-0.011992,0.01034,0.01523,-0.007976,-0.015126,-0.008119,-0.000899,0.003271,-0.015827,0.013843,-0.009016,-0.029467,0.000127,0.007793,0.016883,-0.040678,0.004204,-0.000863,-0.001566,-0.00934
Alur_(low_res)_(n=10),-0.6008722,0.0563619,0.0082212,0.0111435,-0.0028929,0.0044344,0.0253108,-0.0118379,0.032499,-0.0456319,-0.01252,0.0250876,-0.0266549,-0.0022157,-0.0043296,-0.0033678,0.0011345,-0.0121494,0.0061843,-0.0089419,-0.0017971,-0.0010015,-0.0042273,-0.0000724,0.000431
Amerindian_Bolivia_(n=6),0.0617415,-0.30812217,0.12011133,0.099337,-0.1096565,-0.014014167,-0.301985,-0.36188083,-0.013351667,-0.017014,0.00048833333,-0.0035996667,0.0022435,0.021938,-0.01029,0.00275,0.0067881667,0.0012108333,0.0038916667,0.0010643333,0.00045883333,0.0024816667,-0.00045633333,0.0023001667,0.002208
Amerindian_Bolivia_Cochabamba_(n=1),0.060703,-0.31357,0.119475,0.102225,-0.112284,-0.013976,-0.307129,-0.367578,-0.013386,-0.016313,-0.005655,-0.005545,0.002114,0.024234,-0.009448,0.002542,0.007236,0.002109,0.00265,0.001195,-0.002137,0.005903,-0.001682,0.001959,0.002622
Amerindian_Bolivia_La_Paz_(n=2),0.059757,-0.3183685,0.1199245,0.0957695,-0.117714,-0.0164545,-0.3017535,-0.3618315,-0.0092035,-0.0090205,-0.000974,-0.003297,0.001189,0.026561,-0.010179,0.004243,0.0069755,-0.005701,-0.002891,0.0012505,-0.0013725,0.008594,0.000308,-0.003012,0.00006
Amerindian_Bolivia_Pando_(n=1),0.05122,-0.292472,0.106348,0.090763,-0.108636,-0.013666,-0.286243,-0.347985,-0.01084,-0.017859,0.001624,-0.005545,-0.001635,0.018029,-0.012758,-0.002652,0.008084,0.000127,0.000126,-0.001751,-0.009733,0.011747,-0.000123,0.006507,0.000599
Amerindian_Ecuador_(n=2),0.062998,-0.297408,0.1161165,0.095986,-0.103838,-0.015001,-0.288527,-0.3463935,-0.0128635,-0.0160905,0.0015735,-0.0028685,0.0011635,0.0210785,-0.0099545,0.0025545,0.006555,0.0015535,0.0044335,0.0013605,0.0010365,0.001426,-0.000485,0.002482,0.00274
Amerindian_Guatemala_(n=12),0.06022525,-0.30889367,0.11801225,0.099360583,-0.10825117,-0.01399975,-0.29732575,-0.35600575,-0.0130525,-0.01639675,-0.005148,-0.0045136667,0.0029666667,0.021081417,-0.0099485,0.0028560833,0.0067309167,0.00075541667,0.0022475833,0.00074066667,-0.0021735,0.00659425,-0.0015713333,0.0010674167,0.0024866667
Amerindian_Mexico_(n=10),0.0597939,-0.3014269,0.1140551,0.0942759,-0.1064634,-0.013592,-0.2806775,-0.3356511,-0.013087,-0.0172761,0.0016258,-0.0030488,0.0018451,0.0196811,-0.0098335,0.0027541,0.0070525,0.0009985,0.0034056,0.0008119,-0.0001907,0.002251,-0.0001586,0.0013537,0.0023404
Amerindian_Panama_(n=4),0.055092,-0.31617125,0.1190615,0.1012595,-0.1105225,-0.01531775,-0.30183375,-0.36235775,-0.0143065,-0.01674825,-0.00529175,-0.00440575,0.00389525,0.02230625,-0.01028425,0.00286525,0.00685175,0.000434,0.00236925,0.000819,-0.00203925,0.00650175,-0.001369,0.001247,0.003382
Amhara_(n=175),-0.22161035,0.10551645,-0.035307086,-0.083871103,0.000035148571,-0.038866217,-0.01484748,-0.000269,0.10277262,-0.063367109,-0.00140768,-0.012677851,0.018096669,0.0013101771,0.021388754,-0.011894406,0.0091991429,0.00066387429,0.0063732686,0.0023547314,0.0043601314,0.0066976971,-0.00297344,0.0029193886,-0.0034520971
Ami_(n=35),0.017918943,-0.44898017,-0.043778314,-0.067645429,0.14043934,0.064272314,-0.0046463714,-0.013252286,-0.023076114,-0.021243571,0.041784743,0.0042818857,-0.0044894857,-0.0029175143,0.0086085429,0.0058187429,-0.0020786857,0.0059833429,0.0080051143,-0.016615114,0.0089662857,-0.026627714,0.00084862857,-0.0065686571,-0.053322743
Anakalangu_(n=28),-0.0030080714,-0.37538321,-0.11259739,0.035841464,0.156161,-0.069682786,-0.0017205357,-0.0062140357,-0.020686107,-0.0159065,0.050595643,0.0080927857,-0.0079586071,0.00082085714,0.0061656429,0.00549775,-0.0027101786,0.0018369286,0.0055127857,-0.00247,-0.0057844286,-0.013102821,-0.0050223214,-0.0042087143,-0.023599143
Andi_(Ciscaucasian_Profile)_(n=7),0.11317271,0.10503486,-0.022465714,0.016473,-0.038600571,0.012629714,0.0043642857,-0.0068568571,-0.056273286,-0.039987857,0.000023285714,0.008885,-0.0080491429,-0.0081001429,0.018554857,0.0023108571,0.0036135714,-0.0038185714,-0.0074162857,0.0052704286,0.000089142857,0.0022257143,0.0032221429,0.0062312857,-0.0011118571
Andi_(Transcaucasian_Profile)_(n=10),0.1089285,0.1234884,-0.0465744,-0.0397936,-0.0356682,-0.0043506,0.0083426,-0.005492,-0.0490243,-0.01662,0.0031991,0.0059196,-0.0130524,0.0013625,0.0036101,-0.0057012,0.0037551,-0.0002788,-0.0049902,0.005015,0.0022959,0.0028811,0.0017625,-0.0010121,0.000491
Anglo-American_(n=43),0.12627634,0.13604805,0.058303797,0.039101057,0.039615743,0.014670743,0.0030879441,0.0057348544,0.0058624829,0.00608149,-0.0058385647,0.005365113,-0.011263348,-0.010132153,0.018221827,0.0034622172,-0.0083793423,0.0029593699,0.0034073377,0.0026529009,0.0047504585,0.0031923446,-0.00010551463,0.010781866,0.00027462219
Anglo-American_Alabama_(n=73),0.13345556,0.14189064,0.064979603,0.043785397,0.043451123,0.016980685,0.0050164658,0.0048507671,0.0058051918,0.0072482603,-0.0054252055,0.005687274,-0.013059164,-0.0081810685,0.013482616,0.0029071918,-0.0034792055,0.0013457123,0.0010929452,0.0018719863,0.0043884932,0.0039009452,-0.0019532192,0.0055230274,-0.0012266849
Anglo-American_Alaska_(n=3),0.13420867,0.142084,0.060574333,0.040994,0.041312,0.016758,0.004384,0.004418,0.0048183333,0.010158,-0.0061656667,0.007135,-0.015701667,-0.0096593333,0.014127,0.0021113333,-0.003216,0.00096733333,0.00025033333,0.0011526667,0.003949,0.0030693333,-0.0017876667,0.0043806667,-0.0010896667
Anglo-American_Arizona_(n=5),0.1349936,0.1436562,0.062893,0.04013,0.041778,0.0156566,0.0041746,0.0044464,0.006424,0.0059888,-0.0022724,0.0051522,-0.0116678,-0.0123888,0.0154512,0.005209,-0.0052484,0.0015578,0.0011262,0.0010976,0.0032364,0.0053346,-0.0021848,0.0061998,-0.0018682
Anglo-American_Arkansas_(n=39),0.1368939,0.14242444,0.065340051,0.044297744,0.043830513,0.017327462,0.0051201282,0.0053205897,0.0055902308,0.0070552564,-0.0054600513,0.0054660769,-0.012668359,-0.0081265128,0.013427513,0.0035814872,-0.003074359,0.0013841282,0.001293,0.0023245385,0.0044948974,0.0043007692,-0.0019774359,0.0062287436,-0.0013664615
Anglo-American_California_(n=49),0.13525286,0.14280118,0.06219551,0.039967327,0.042472592,0.015946551,0.005052449,0.0054707143,0.0060113673,0.0071211837,-0.005111898,0.0049657551,-0.011538571,-0.0067175714,0.011996816,0.0024787551,-0.0031325714,0.0010676735,0.00079965306,0.0019217959,0.0041966122,0.0033162449,-0.0016750408,0.0048210408,-0.0010529184
Anglo-American_Colorado_(n=5),0.1366248,0.1412226,0.0637942,0.0445744,0.0431152,0.016791,0.0054366,0.0063924,0.0060544,0.0075074,-0.0045106,0.005788,-0.013018,-0.0097302,0.0135162,0.0033692,-0.0029602,0.0009926,0.0005722,0.0017642,0.003458,0.0040354,-0.0017076,0.0054626,-0.0015176
Anglo-American_Connecticut_(n=17),0.13580971,0.14307253,0.062033706,0.039117647,0.042145824,0.015672647,0.0038707059,0.0046079412,0.0059961176,0.0076505882,-0.0041171176,0.0050257647,-0.011467765,-0.0076642353,0.011957941,0.0027086471,-0.0031853529,0.00091370588,0.00056841176,0.0014398235,0.0036038235,0.0033261765,-0.0015673529,0.0045823529,-0.0011387647
Anglo-American_Delaware_(n=9),0.13668278,0.14266022,0.063520667,0.043323,0.043741111,0.016703,0.0046682222,0.0051113333,0.0067362222,0.0084991111,-0.0053558889,0.0059928889,-0.013590333,-0.0099173333,0.014548667,0.0041106667,-0.0032738889,0.0013931111,0.0011127778,0.00227,0.0043497778,0.0046035556,-0.0021042222,0.0064983333,-0.0015248889
Anglo-American_District_of_Columbia_(n=2),0.135992,0.144217,0.0676495,0.0390685,0.0448305,0.0149525,0.003676,0.006332,0.0081145,0.009778,-0.0031795,0.005897,-0.0127205,-0.012968,0.01418,0.004913,-0.0020425,0.0005225,-0.000197,0.002257,0.0023915,0.0046525,-0.001458,0.0062315,-0.0020955
Anglo-American_Florida_(n=22),0.13390364,0.14292632,0.064315455,0.041985364,0.043717455,0.016884955,0.0046382727,0.0051503636,0.0069503182,0.0081046364,-0.0051395909,0.0052771364,-0.012180136,-0.0077332273,0.012892818,0.0030101364,-0.0033580455,0.0012568636,0.0010285455,0.0020447727,0.0043936818,0.0038315,-0.0018942273,0.0055112727,-0.0011839091
Anglo-American_Georgia_(n=94),0.13351664,0.14244713,0.064308862,0.043322255,0.04330967,0.017111957,0.0051439894,0.0050722872,0.0061335745,0.0074603511,-0.0054803404,0.0056085426,-0.012917011,-0.0083101064,0.013684383,0.0032754149,-0.0035339894,0.0014465851,0.0012584681,0.0020415532,0.0045499255,0.004124617,-0.0020501915,0.0058930319,-0.0012592979
Anglo-American_Hawaii_(n=1),0.139653,0.140851,0.068254,0.049781,0.04721,0.020704,0.005568,0.009102,0.011746,0.005504,-0.002988,0.00101,-0.003736,0.002607,0.003178,0.000703,0.000203,0.000302,0.001325,0.002767,0.003725,0.001971,-0.000586,0.004293,-0.000309
Anglo-American_Idaho_(n=12),0.13436625,0.13956067,0.066147333,0.0434515,0.042667583,0.016834667,0.0037936667,0.0036001667,0.0047651667,0.0055766667,-0.0049875833,0.0047319167,-0.011188167,-0.0061908333,0.011713333,0.0027835833,-0.0027818333,0.0011983333,0.0012020833,0.00211125,0.0042555,0.0036623333,-0.0016741667,0.0054184167,-0.00112775
Anglo-American_Illinois_(n=70),0.13588127,0.14202416,0.0643353,0.043519586,0.0425475,0.017296171,0.0054678143,0.0053810857,0.0045949143,0.0049827429,-0.0043971857,0.0050404714,-0.011723757,-0.0079717,0.012907886,0.0032364857,-0.0033747143,0.0012177857,0.0010091143,0.0017109857,0.0038337286,0.0040677286,-0.0017367714,0.0054052571,-0.0013800571
Anglo-American_Indiana_(n=54),0.1358285,0.1432335,0.064248759,0.042203667,0.043215981,0.016611648,0.0051393704,0.0055108519,0.0057447963,0.0066359074,-0.0043874074,0.0052863333,-0.012103148,-0.0085503148,0.013016741,0.0032771296,-0.0032748704,0.0011408333,0.00086809259,0.0016954074,0.0037691111,0.0039779815,-0.0017527963,0.0054008148,-0.0013651852
Anglo-American_Iowa_(n=32),0.13684541,0.14178037,0.064160938,0.043791312,0.042280844,0.016782594,0.0059319687,0.005705,0.0041756563,0.0045355625,-0.00489,0.0049737813,-0.011660313,-0.0075032813,0.012744094,0.0033946875,-0.002967,0.001277375,0.0012145937,0.00209325,0.0040568438,0.00411875,-0.0017664062,0.0057951563,-0.0013798438
Anglo-American_Kansas_(n=17),0.13381882,0.14236776,0.062491529,0.042485353,0.042293765,0.016142706,0.0058540588,0.0054214706,0.004807,0.0063745294,-0.0054225294,0.0053387059,-0.012406882,-0.0069534118,0.012695294,0.0023867647,-0.0036813529,0.0013593529,0.0011930588,0.0016030588,0.0044525294,0.0034532941,-0.0019022353,0.004955,-0.0010055882
Anglo-American_Kentucky_(n=125),0.13418522,0.14216218,0.064205288,0.042706224,0.04314836,0.016611096,0.004679232,0.004485256,0.00607076,0.007180968,-0.00511824,0.005778288,-0.0131598,-0.009148064,0.013969248,0.003508496,-0.003380856,0.00134412,0.001058904,0.001903904,0.004177688,0.004237288,-0.001971048,0.005890168,-0.001386752
Anglo-American_Louisiana_(n=23),0.13307465,0.14180974,0.062131609,0.039894304,0.042480217,0.015838739,0.0034583043,0.0038584348,0.0067873913,0.0084504783,-0.004751087,0.0055446522,-0.012544739,-0.0088980435,0.013348043,0.0033723913,-0.0032971739,0.0011526957,0.00076956522,0.0018282609,0.0040037391,0.0039096087,-0.001841913,0.0054595217,-0.0012887391
Anglo-American_Maine_(n=29),0.13663552,0.14235959,0.063224759,0.042134,0.04357569,0.016464828,0.0043497586,0.0049796207,0.00734,0.0090572069,-0.0053398276,0.0056545517,-0.012913517,-0.0084103103,0.013247448,0.0031803448,-0.0032581034,0.0012582414,0.0010164138,0.0020196552,0.0043755172,0.0038768621,-0.0019577586,0.0056623793,-0.0011944828
Anglo-American_Maryland_(n=30),0.13531183,0.14271693,0.0621742,0.0416284,0.0417009,0.016618167,0.0057945667,0.0060297667,0.0049218667,0.0056001333,-0.0042235667,0.0048977333,-0.011152067,-0.0076058333,0.0125187,0.0031229667,-0.0030129667,0.0013564,0.0010869667,0.0017985,0.0035834667,0.0038206667,-0.0016513,0.0053895667,-0.0013106333
Anglo-American_Massachusetts_(n=31),0.1366869,0.14341861,0.064119903,0.041252645,0.043842935,0.015717161,0.004645129,0.0056870323,0.0064766129,0.0073998065,-0.0032759355,0.0051710323,-0.011696129,-0.0090615161,0.012600194,0.002872129,-0.0036953871,0.00089570968,0.00042609677,0.0010597419,0.003143129,0.0036300645,-0.0015866129,0.0045145484,-0.0013332258
Anglo-American_Michigan_(n=42),0.13549471,0.14236424,0.063314714,0.041143619,0.042506476,0.01647731,0.0050105714,0.0053515238,0.005730881,0.0067080476,-0.0051802857,0.0049493095,-0.011498262,-0.0065715238,0.011723048,0.0027782143,-0.0024736429,0.0010545,0.00096130952,0.0021219524,0.004124881,0.0034785714,-0.0016180476,0.0052954524,-0.0011066667
Anglo-American_Minnesota_(n=19),0.13689905,0.13966916,0.065643,0.045790632,0.042604105,0.018463737,0.0053236316,0.0063643684,0.0056203684,0.0031658947,-0.0029505263,0.0036397368,-0.0088536316,-0.0065938947,0.010979158,0.0034388947,-0.0026364211,0.00091389474,0.00088963158,0.0020383158,0.0031798421,0.0041411579,-0.0013417368,0.0054057895,-0.0015046842
Anglo-American_Mississippi_(n=53),0.13453679,0.14207894,0.064084434,0.04291166,0.043019415,0.016880774,0.0047292264,0.0048856792,0.0059939057,0.0072114151,-0.0044747547,0.0055661887,-0.012714415,-0.0095584906,0.014095642,0.0036723208,-0.0039928113,0.0014003962,0.0010971887,0.0016307358,0.0040341509,0.0043729623,-0.0020252075,0.0057738302,-0.0014206604
Anglo-American_Missouri_(n=55),0.13571362,0.14260053,0.063095291,0.041213,0.042608145,0.016220709,0.0050846909,0.0052876727,0.0056035273,0.0073956364,-0.0051702,0.0055624545,-0.012700927,-0.0083443273,0.013148727,0.0030985636,-0.0031887273,0.0011916,0.00091492727,0.0018505273,0.0041008909,0.0037953273,-0.0018260545,0.0054093273,-0.0012442364
Anglo-American_Montana_(n=4),0.133169,0.142344,0.06051475,0.03856875,0.04153525,0.0162445,0.0043395,0.0051495,0.007594,0.00886075,-0.007086,0.0039575,-0.0098425,-0.00199325,0.00963925,0.00148875,-0.0024655,0.0012295,0.0014065,0.0031675,0.00580825,0.00243675,-0.0017725,0.004899,-0.00041725
Anglo-American_Nebraska_(n=19),0.13646374,0.14235774,0.064881895,0.043141,0.042476158,0.017369211,0.0053852105,0.005652,0.0051072632,0.0055482105,-0.0045957895,0.0050988421,-0.011800684,-0.0083795789,0.013049421,0.0036681053,-0.0029453158,0.0011924211,0.0010219474,0.0020994211,0.0038510526,0.0042593158,-0.001747,0.0058944211,-0.0014872105
Anglo-American_New_Hampshire_(n=11),0.13587009,0.142828,0.063597545,0.041614909,0.041726364,0.016806273,0.0046630909,0.004497,0.0048611818,0.0059508182,-0.0043639091,0.0053107273,-0.012152909,-0.0080567273,0.012640364,0.002848,-0.0032656364,0.0010917273,0.00081590909,0.0013552727,0.0036392727,0.0036323636,-0.0016584545,0.0049106364,-0.0012443636
Anglo-American_New_Jersey_(n=15),0.1360632,0.1440646,0.062618933,0.03986,0.042057533,0.016540467,0.0053307333,0.0062457333,0.0055,0.0061458,-0.0038199333,0.0045572667,-0.0105872,-0.0073407333,0.0118074,0.002832,-0.003352,0.00094086667,0.00063426667,0.0015560667,0.0035362667,0.0035007333,-0.0015279333,0.0046394,-0.0012361333
Anglo-American_New_Mexico_(n=1),0.12702872,0.13267724,0.05518384,0.04616642,0.03742504,0.01844846,0.0053971,0.0044321,0.00637866,0.0020048,-0.0044446,0.00205682,-0.0086276,-0.007351,0.01961172,0.00376196,-0.00652836,0.00178514,0.00620764,0.0083027,0.00185424,0.00064198,0.00120328,0.01135024,-0.00190187
Anglo-American_New_York_(n=77),0.13664921,0.14296796,0.06338926,0.041817545,0.042627247,0.016585766,0.0053515325,0.005398974,0.0051973766,0.0066761948,-0.0053079351,0.0052134545,-0.012133753,-0.007193013,0.012647623,0.0028133377,-0.0033294805,0.0012641688,0.0010948961,0.0019194156,0.0043675065,0.0036658701,-0.0018376104,0.0052791299,-0.0011376234
Anglo-American_North_Carolina_(n=101),0.13322013,0.14256405,0.063140079,0.042310505,0.043052851,0.016601198,0.0051958119,0.005294396,0.0059671287,0.0077953564,-0.0051217723,0.0057457624,-0.013101228,-0.0090355941,0.013997505,0.0032538218,-0.0038967129,0.0013881188,0.0010474653,0.001723495,0.0043016931,0.0040744257,-0.0020364653,0.0055628614,-0.0012888713
Anglo-American_Ohio_(n=86),0.13558123,0.14248151,0.06124107,0.039133488,0.041390419,0.015569605,0.0051044186,0.0052192791,0.0047490349,0.0066701047,-0.005007407,0.0051991512,-0.011945814,-0.0076089186,0.01249936,0.002992593,-0.0030743488,0.0011231047,0.00088922093,0.0017879302,0.0040094302,0.0035664884,-0.0017097326,0.0051304884,-0.001156686
Anglo-American_Oklahoma_(n=24),0.136534,0.142397,0.065095042,0.043130167,0.042837792,0.017544458,0.0047905417,0.0048651667,0.0053184583,0.0073639167,-0.00558375,0.0058092083,-0.013271958,-0.0084697083,0.01349075,0.003368625,-0.003007375,0.001301,0.0012535417,0.00190975,0.0041414583,0.0038960417,-0.0017048333,0.0061763333,-0.0012719167
Anglo-American_Oregon_(n=17),0.13679141,0.14165247,0.065700529,0.044576412,0.043481588,0.017901647,0.0057720588,0.0051411765,0.0044789412,0.0050254118,-0.0053724706,0.0050229412,-0.011921529,-0.0062410588,0.012300471,0.0025182941,-0.0033500588,0.0013790588,0.0013735294,0.0018062353,0.0045045882,0.0037291176,-0.0018218235,0.0052968235,-0.0010589412
Anglo-American_Pennsylvania_(n=133),0.13588535,0.14373849,0.061133985,0.038168902,0.041649414,0.015309233,0.0049471278,0.0054953308,0.0053765188,0.0068841654,-0.0045835414,0.0048005414,-0.011098617,-0.0070403534,0.011817353,0.0028848421,-0.0030160752,0.0010250301,0.00082108271,0.0017810827,0.0039030827,0.0033962481,-0.0016196015,0.0049170902,-0.0011086466
Anglo-American_Rhode_Island_(n=7),0.137309,0.14554643,0.065554714,0.045083857,0.044575429,0.018287143,0.0069471429,0.0057875714,0.0053131429,0.0066191429,-0.0083504286,0.0058037143,-0.013794857,-0.0059062857,0.013738571,0.003009,-0.0029518571,0.001771,0.0019025714,0.0027577143,0.0058622857,0.0039365714,-0.0021901429,0.0065687143,-0.000967
Anglo-American_South_Carolina_(n=51),0.1327448,0.14117443,0.06310402,0.042056922,0.042930824,0.016539216,0.0047178824,0.004776902,0.0056591176,0.0071497843,-0.0050761373,0.005501451,-0.012578588,-0.0082778431,0.013234627,0.0031231176,-0.0032357843,0.0012114706,0.00090562745,0.001868,0.0041279608,0.003915549,-0.001822902,0.0054630784,-0.0012667647
Anglo-American_South_Dakota_(n=4),0.139576,0.1418645,0.06585425,0.04486625,0.04128875,0.019088,0.00553475,0.005825,0.00358525,0.00279675,-0.00332475,0.0037485,-0.0092205,-0.0048995,0.0101225,0.0019705,-0.0032895,0.0009325,0.00093125,0.0011925,0.003382,0.0031485,-0.00129625,0.0040295,-0.00106425
Anglo-American_Tennessee_(n=94),0.13313783,0.14231197,0.063379255,0.042113106,0.042887117,0.016406479,0.0050693404,0.0048585745,0.0053134681,0.0069739149,-0.0054777447,0.0055445851,-0.012739691,-0.0079525426,0.013301266,0.0031636489,-0.0031844894,0.001325,0.0011229149,0.0020275851,0.0044023617,0.0039430106,-0.0019135213,0.0056997766,-0.0012386489
Anglo-American_Texas_(n=194),0.13197659,0.13910677,0.061416928,0.042136613,0.041563351,0.016268418,0.0040717062,0.0051655773,0.0059730928,0.0063208247,-0.0048569691,0.0051151701,-0.01254917,-0.0099538351,0.016596995,0.0038636649,-0.0055755052,0.0017939072,0.0011942835,0.0023056804,0.0044805309,0.0035458041,-0.0011837062,0.0091170825,-0.00080369588
Anglo-American_Utah_(n=107),0.13059257,0.13844089,0.062737009,0.043833598,0.040651028,0.016729729,0.0045003178,0.0054278037,0.0053809252,0.0051392056,-0.0058586262,0.0052810654,-0.012195009,-0.0092662804,0.017486822,0.0040468505,-0.0068416262,0.0017742336,0.0027738505,0.0021831028,0.0046386168,0.0039421869,-0.0016130935,0.010428832,-0.00069688785
Anglo-American_Vermont_(n=6),0.1369115,0.14417117,0.064779167,0.0390495,0.044271,0.0150135,0.0023958333,0.002932,0.0075525,0.010948333,-0.0064218333,0.0061118333,-0.013715,-0.0071456667,0.011998167,0.0020086667,-0.002139,0.00079816667,0.00043516667,0.0017218333,0.0041735,0.0026306667,-0.001538,0.0046048333,-0.00083016667
Anglo-American_Virginia_(n=83),0.13385216,0.14253849,0.063148325,0.04114547,0.042074024,0.016367313,0.0047924458,0.0047350723,0.0054244217,0.0071954217,-0.0050396867,0.0056959157,-0.012942108,-0.0089050241,0.013642048,0.0032214819,-0.0034548193,0.001245241,0.00089348193,0.0017339639,0.004045253,0.003920253,-0.0018793855,0.0054274819,-0.0013139518
Anglo-American_Washington_(n=22),0.13598041,0.14180709,0.064170136,0.042742136,0.041908,0.017313182,0.005417,0.0054184545,0.0053105455,0.0055271818,-0.0048853182,0.0049085909,-0.011474682,-0.0072485455,0.012311318,0.0032852727,-0.0027984545,0.0012446364,0.0012407273,0.0020617727,0.0040677727,0.0039423636,-0.0017426364,0.0057465,-0.0012525455
Anglo-American_West_Virginia_(n=39),0.13420864,0.14266105,0.063480385,0.040662846,0.04270641,0.016124513,0.0042873846,0.0047078718,0.0062055641,0.0075111282,-0.0039411538,0.0055747692,-0.012535744,-0.0098250513,0.013610077,0.0034425128,-0.0036583846,0.0011112051,0.00066712821,0.0013322821,0.003477359,0.0040302308,-0.0017833333,0.0052233333,-0.001412359
Anglo-American_Wisconsin_(n=24),0.13784483,0.14174721,0.065512542,0.045960625,0.042840917,0.018430458,0.0064738333,0.0067465417,0.004529125,0.003273,-0.0047310417,0.003586875,-0.0090864583,-0.0032322917,0.0097034167,0.0018922917,-0.0026099583,0.001089125,0.0013229167,0.0021676667,0.0042978333,0.0031533333,-0.001432875,0.0047481667,-0.00092408333
Anglo-American_Wyoming_(n=5),0.1377672,0.1433726,0.061165,0.038658,0.0425078,0.0149036,0.00478,0.0051164,0.005728,0.0087356,-0.0053244,0.0058278,-0.0132348,-0.0094782,0.0141528,0.0037016,-0.0038318,0.0013906,0.0010658,0.0018744,0.0043914,0.0041116,-0.0020954,0.005779,-0.0012832
Anglo-Australian_(n=16),0.13044212,0.13769594,0.060423688,0.043771625,0.040164812,0.01733675,0.003791375,0.0056045,0.00592225,0.0041178125,-0.005171375,0.005202125,-0.012569937,-0.010724313,0.021684312,0.0056094375,-0.0086859375,0.001959,0.0018043125,0.0027543125,0.005381125,0.00190875,0.0004586875,0.012024625,0.0005870625
Anglo-Australian_New_South_Wales_(n=97),0.13703426,0.14192471,0.066156969,0.045162433,0.044073,0.017437804,0.004974732,0.0049771649,0.0058159175,0.006828299,-0.0049686495,0.0057255876,-0.013180825,-0.009715701,0.01460468,0.0037125258,-0.0042016495,0.0014823299,0.0011641649,0.0016397423,0.0041720103,0.0044984639,-0.0020687732,0.0059047423,-0.0014613918
Anglo-Australian_Queensland_(n=47),0.13798981,0.14191521,0.065220809,0.045899638,0.043745766,0.018065277,0.0054398511,0.0055699362,0.0060563617,0.0064664255,-0.0053549787,0.0053479574,-0.012499043,-0.0079471277,0.013416149,0.0034162766,-0.0033074043,0.0014121489,0.0013091064,0.0022277872,0.0044664894,0.004310766,-0.0019736383,0.0061041064,-0.0013598085
Anglo-Australian_South_Australia_(n=24),0.13760967,0.14339133,0.064687458,0.04518925,0.043249833,0.0179935,0.0060499583,0.0059181667,0.0049697917,0.0056804167,-0.0050527083,0.0054785,-0.012737333,-0.0090580833,0.014362875,0.0038998333,-0.0038832917,0.0015309583,0.0013427917,0.0019743333,0.0043205833,0.004664,-0.0020686667,0.0062528333,-0.001525875
Anglo-Australian_Tasmania_(n=29),0.13717072,0.1421411,0.065592862,0.044228552,0.044569897,0.017104448,0.0052688621,0.0055183793,0.0064809655,0.0079674138,-0.0060408276,0.0056653103,-0.013107586,-0.0079799655,0.013455448,0.0032631379,-0.0031011724,0.0013875862,0.001266931,0.0023106552,0.004676069,0.0040747931,-0.0019953103,0.0060933448,-0.0012252069
Anglo-Australian_Victoria_(n=78),0.13699241,0.14244092,0.065105897,0.04477859,0.043456423,0.017420731,0.0053293462,0.0051153974,0.0054077179,0.0067518333,-0.0054056923,0.0057660513,-0.013321692,-0.0091759103,0.014528474,0.0036671538,-0.0039646667,0.0015586667,0.0013212308,0.0020012308,0.0045270128,0.0045100641,-0.0021548974,0.0061440128,-0.0014384872
Anglo-Australian_Western_Australia_(n=14),0.137589,0.14181043,0.067735214,0.046320214,0.044346857,0.018666929,0.0054029286,0.0055672143,0.005818,0.005825,-0.004485,0.0054473571,-0.012629286,-0.009363,0.014161929,0.0035607143,-0.0039472857,0.0013720714,0.0010472143,0.0018259286,0.0039979286,0.0045872857,-0.0019555714,0.0058466429,-0.0015695
Anglo-Bahamian_(n=4),0.13020575,0.1437515,0.0608445,0.038708,0.04175625,0.0166785,0.0038215,0.004502,0.00454775,0.00673275,-0.00616425,0.00483125,-0.01308875,-0.00705825,0.0175525,0.00417325,-0.00555175,0.00261175,0.00242575,0.00273675,0.004927,0.0019125,-0.001469,0.00852225,-0.00033225
Anglo-Canadian_Alberta_(n=8),0.13594112,0.14333412,0.06499825,0.04271025,0.043089875,0.016711625,0.00390125,0.004322,0.006121625,0.006982,-0.00434325,0.005932875,-0.013344375,-0.010685875,0.01468525,0.004134125,-0.004105,0.00154675,0.00006725,0.001962,0.00418875,0.004644875,-0.0016535,0.0068345,-0.00062325
Anglo-Canadian_British_Columbia_(n=12),0.13572975,0.13914833,0.06588075,0.043717333,0.042916667,0.016219333,0.0036669167,0.0029454167,0.00621625,0.00641225,-0.0053371667,0.0056851667,-0.01234775,-0.0065895,0.012703917,0.0032161667,-0.0030316667,0.0016376667,0.0018581667,0.00259925,0.0046368333,0.0046693333,-0.0020290833,0.0062220833,-0.00081116667
Anglo-Canadian_Manitoba_(n=9),0.13710378,0.14124256,0.066513667,0.046049556,0.042793222,0.018856444,0.0051938889,0.0047922222,0.0052132222,0.0060195556,-0.0055563333,0.0053946667,-0.012694,-0.0082173333,0.013970778,0.0038244444,-0.0036811111,0.0016976667,0.0017388889,0.0022821111,0.0047905556,0.0046541111,-0.0021937778,0.0065988889,-0.0013761111
Anglo-Canadian_New_Brunswick_(n=16),0.13631181,0.14192044,0.063711625,0.043304563,0.041965813,0.016887875,0.00515225,0.0054629375,0.00472025,0.0060349375,-0.0039556875,0.005547625,-0.012639437,-0.010150687,0.01434675,0.00347125,-0.0043770625,0.001233,0.000675125,0.0013500625,0.003554375,0.0042658125,-0.001884,0.0051394375,-0.0015825625
Anglo-Canadian_Newfoundland_and_Labrador_(n=471),0.13095107,0.13760842,0.060598764,0.042399314,0.041165369,0.016116117,0.0036832357,0.0058851635,0.0062549236,0.0059723673,-0.0055117749,0.0060793015,-0.013229439,-0.01110776,0.018860155,0.004505121,-0.0075988896,0.0022722739,0.0028798832,0.0025735096,0.0047305414,0.003463397,-0.00068443737,0.011763261,-0.00077790446
Anglo-Canadian_Nova_Scotia_(n=17),0.13680188,0.14239459,0.066021353,0.044408765,0.043728824,0.017816529,0.0049451176,0.0056781176,0.0074407647,0.0070332353,-0.0038501765,0.0053243529,-0.012200529,-0.0097114706,0.013771588,0.0034583529,-0.0040308235,0.0012337647,0.00083688235,0.0015502353,0.0036465882,0.0043146471,-0.0018896471,0.0054560588,-0.0015003529
Anglo-Canadian_Ontario_(n=65),0.13638403,0.14169408,0.064480292,0.043129938,0.043546354,0.016514662,0.0046924462,0.0047311692,0.0057744769,0.0077634,-0.0052490923,0.0059468923,-0.013522538,-0.0092752615,0.014019723,0.0033487692,-0.0035056308,0.0013200462,0.0009998,0.0018161385,0.0041991385,0.0041365077,-0.0019821385,0.0057249538,-0.0013495692
Anglo-Canadian_Quebec_(n=2),0.136489,0.142672,0.0642595,0.0445135,0.0459745,0.0154865,0.005431,0.006155,0.006527,0.00909,-0.005402,0.006062,-0.0136875,-0.0094895,0.0139375,0.0039735,-0.002757,0.0013335,0.0012285,0.002235,0.0043135,0.004479,-0.002049,0.0066115,-0.0014275
Anglo-Canadian_Saskatchewan_(n=6),0.13783567,0.14047983,0.067551833,0.048540167,0.042063667,0.020185333,0.0060851667,0.0056641667,0.0024205,0.0012273333,-0.0029998333,0.0048286667,-0.011341667,-0.0097205,0.0140345,0.0043125,-0.0037823333,0.0012946667,0.0010458333,0.0014685,0.0030723333,0.0051566667,-0.0016845,0.005988,-0.001953
Anglo-Indian_(n=1),0.053033,-0.029978,-0.095571,0.079923,-0.036907,0.041392,0.003756,0.00496,0.036899,0.024822,-0.001786,0.000457,0.000324,0.002166,-0.004382,-0.004562,0.002528,0.000883,-0.00228,0.004646,-0.000769,0.002448,-0.000774,0.001783,0.003951
Anglo-Jamaican_(n=1),0.139591,0.142933,0.067261,0.043871,0.045407,0.018091,0.003915,0.005509,0.009792,0.009932,-0.004713,0.004951,-0.011513,-0.007371,0.011791,0.003327,-0.002694,0.001219,0.001356,0.002227,0.004318,0.003932,-0.001878,0.006099,-0.00109
Anglo-New_Zealander_(n=80),0.13711507,0.14244939,0.065406337,0.045433925,0.043871712,0.0178088,0.0059321375,0.005776875,0.005024175,0.0063654,-0.005318125,0.0058337125,-0.01332565,-0.009143575,0.014510588,0.0035019875,-0.0039462875,0.0014801125,0.0012579,0.001832475,0.0043461375,0.0044224875,-0.0020180125,0.0061381875,-0.0013908875
Anglo-South_African_(n=5),0.1306504,0.1333628,0.057893,0.0432116,0.0372892,0.0180488,0.0052206,0.0059426,0.00296,0.0017824,-0.005098,0.0051674,-0.0100794,-0.0089686,0.0155504,0.0045282,-0.0065078,0.0008238,0.0029216,0.0015788,0.0015758,0.0048782,-0.0008434,0.0110594,-0.0019106
Anuak_Ethiopia_(n=18),-0.57297289,0.053484611,0.0013827778,-0.0069983333,-0.0020687222,-0.0027734444,-0.0084210556,0.012845722,0.078468778,-0.096726889,-0.0198205,0.023196056,-0.039147333,-0.00080283333,0.0086032222,-0.016720944,0.021028056,-0.0083192222,0.019664667,-0.018946611,0.0000625,0.0050903889,-0.0049161667,-0.0026375,0.0046167778
Apache_(European-Mixed)_(n=1),0.069635,-0.247256,0.112955,0.08366,-0.084415,-0.007665,-0.231182,-0.273521,-0.009637,-0.017368,-0.001851,-0.002175,0.000701,0.013138,-0.004012,0.003646,0.003793,-0.002196,0.000714,0.001965,-0.0045,0.002224,0.000264,0.000655,-0.002998
Arbereshe_(n=3),0.11653597,0.14391878,0.0015653653,-0.03218353,0.015821985,-0.011310072,0.00095054833,-0.0014065087,-0.000042826,0.016843887,0.002558203,0.0028090863,-0.0051237833,0.002494633,-0.013180238,-0.0014278657,0.0063197703,0.00053592133,0.0042692263,-0.0055474467,-0.0054464133,0.001264169,0.001899825,0.000345102,-0.0017253193
Argentine_Euro-Mestizo_(n=888),0.10125842,0.085748348,0.042180662,0.0063896959,0.014842688,-0.004803348,-0.042806673,-0.046577548,0.012375206,0.017374732,-0.00044906644,0.0030515191,-0.0060356104,-0.0030371824,0.0039419561,0.00045958671,-0.0011036565,-0.00057648761,-0.0015403007,0.000082753378,0.0019666014,-0.0014661374,-0.00026031194,-0.00032672973,0.0008293964
Argentine_Indo-Mestizo_(n=12),0.055614333,-0.19985542,0.09984875,0.075072083,-0.073601333,-0.0113355,-0.22555558,-0.26933033,-0.00517475,-0.0074711667,0.0076284167,-0.00029416667,-0.001866,0.010925,-0.0052360833,0.0014021667,0.0028285,0.0014723333,0.0031040833,0.00016983333,0.0021204167,-0.0010834167,0.00028758333,0.0016349167,0.0018536667
Argentine_Mestizo_(n=1173),0.070602049,-0.028408595,0.064954728,0.033636597,-0.018301326,-0.0075518747,-0.11461161,-0.1339309,0.0074388201,0.0093743828,0.0028354757,0.0021971628,-0.0050505584,0.0014326223,0.00075390622,0.00057891134,0.00056642967,0.00012353879,-0.000042809037,-0.00011707332,0.0017673325,-0.0013566198,-0.0000085063939,0.00030906991,0.0012721228
Ari_(n=2),-0.415454,0.0655015,-0.016782,-0.039083,0.0016925,-0.0184065,0.0280835,-0.0278065,0.1048185,-0.0941245,-0.0112045,-0.002173,-0.0119675,-0.002202,0.0254475,-0.018828,0.0331175,0.021157,0.004525,-0.0100045,-0.002246,0.0009275,-0.0023415,0.001747,-0.000838
Ari_Blacksmith_(n=6),-0.42228383,0.064993833,-0.017096,-0.0366605,-0.0018978333,-0.020916833,0.025694333,-0.024498833,0.10372767,-0.086592667,-0.0127205,-0.0051703333,-0.016699667,-0.00075716667,0.0258095,-0.022650833,0.025989667,0.0188555,0.0050488333,-0.0076911667,0.00022866667,0.003318,-0.0047038333,-0.000040166667,0.0017761667
Ari_Cultivator_(n=15),-0.4108256,0.067701867,-0.018479,-0.037295733,0.00010253333,-0.022534533,0.024864,-0.024383667,0.10595713,-0.0875462,-0.011930267,-0.003367,-0.015321933,-0.00023853333,0.025352533,-0.0231944,0.0240254,0.0186992,0.0048015333,-0.0091294,-0.0014974,0.004501,-0.0029989333,-0.0015904,0.0007504
Aringa_(n=4),-0.59017275,0.04976075,0.0062225,0.00702525,-0.009925,0.00041825,0.00658,0.001904,0.054966,-0.06774625,-0.01550825,0.020644,-0.0264245,-0.00017225,0.003902,-0.01306,0.018612,-0.00383225,0.0172205,-0.01116175,-0.0026515,0.0055335,-0.00486825,0.00262075,0.00098775
Armenian_(n=19),0.10458272,0.13774646,-0.054989395,-0.060474526,-0.029357695,-0.015261611,0.0035326526,-0.0070787158,-0.030131616,-0.0033173579,0.0028376842,0.00072491579,-0.0030976842,0.0031119474,-0.0048779158,-0.0029028,-0.00096926316,0.00073946316,0.0015813158,-0.0019689684,0.0013856842,0.0024322684,-0.0033905368,-0.0014839789,-0.0000473
Armenian_Adana_(n=1),0.097888,0.147252,-0.05242,-0.061047,-0.029852,-0.020359,0.003055,-0.005307,-0.029451,-0.005832,0.004709,0.000599,-0.004014,0.00055,-0.011129,0.00053,0.001043,-0.002154,0.000126,-0.003252,0.001373,0.003957,0.000739,-0.007591,0.005748
Armenian_Aintab_(n=3),0.100923,0.14285133,-0.056065333,-0.065676667,-0.028005,-0.020731,0.0036816667,-0.0045383333,-0.023452333,-0.00078966667,0.0030853333,0.0030473333,-0.000347,0.0016056667,-0.006786,-0.0015026667,0.010778667,0.000591,0.000126,-0.0042103333,0.00083166667,-0.000082333333,0.0011503333,-0.0018476667,-0.00083833333
Armenian_Alashkert_(n=4),0.10443275,0.14014325,-0.057605,-0.06322725,-0.02462,-0.01666375,0.00287875,-0.005942,-0.02490075,1.08e-19,0.00186775,0.00086175,-0.00271325,0.00189225,-0.002884,0.00046425,-0.001206,0.003072,0.00273375,-0.0036895,-0.00096675,0.0008965,0.00024675,-0.00117475,0.00287375
Armenian_Amasia_(n=1),0.103579,0.137096,-0.062979,-0.062662,-0.025543,-0.01757,0.005405,-0.004846,-0.028224,0.004009,0.004222,-0.000749,-0.008028,0.00289,-0.009365,-0.002254,0.00326,-0.003674,0.000503,-0.000625,0.00025,0.005441,-0.004067,-0.004458,0.004191
Armenian_Ararat_(n=17),0.10304335,0.13632,-0.059385471,-0.061959,-0.026882765,-0.017340529,0.0042852941,-0.0045201176,-0.028176235,-0.0034302353,0.0030472941,0.0033322941,-0.0027021765,0.0025096471,-0.0055247059,-0.0017938824,0.00092035294,0.001319,0.0039485294,-0.0044507059,0.00023476471,0.0040441176,-0.0012614706,-0.00026929412,0.0012115294
Armenian_Artsakh_(n=22),0.10458459,0.13350359,-0.054609682,-0.052054318,-0.031358364,-0.011880864,0.0049242727,-0.0052022273,-0.033441455,-0.0074523636,0.0032368636,0.0021151818,-0.0036040909,0.00099804545,-0.0025952273,0.00036381818,0.0019480455,0.0007395,0.0013051818,-0.0014187727,0.001807,0.0012059091,-0.00020918182,-0.0012195455,0.0018948636
Armenian_Artvin_(n=1),0.104717,0.131003,-0.062225,-0.055879,-0.030467,-0.019522,0.004935,-0.005769,-0.034155,-0.00328,-0.004709,0.001798,-0.004162,-0.000688,-0.003393,0.01127,0.01695,-0.00114,0.001257,0.004002,0.002121,0.002349,-0.011709,0.000723,-0.00479
Armenian_Ashtarak_(n=1),0.105855,0.147252,-0.063733,-0.056525,-0.042777,-0.003068,-0.00141,-0.007384,-0.030883,-0.003827,-0.002273,0.006444,-0.007582,0.004817,-0.000407,0.004375,0.007302,0.001647,0.00817,0.003001,0.000998,0,0.010723,-0.001928,0.007185
Armenian_Bayazet_(n=4),0.10130275,0.13658875,-0.062225,-0.058786,-0.02985175,-0.015269,0.00311375,-0.00571125,-0.025412,-0.00250575,0.001705,-0.0008245,-0.0005575,-0.0003785,-0.00091625,0.00546925,-0.0030965,0.0009185,0.0020425,-0.00175075,0.0018405,0.00244225,-0.00252675,0.00394625,0.0020955
Armenian_Chapaghjur_(n=1),0.100809,0.14118,-0.053164,-0.06846,-0.02595,-0.019628,0.003156,-0.005413,-0.024982,-0.002228,0.004115,0.001016,-0.000896,0.005233,-0.007301,-0.002088,0.002617,0.000284,0.00065,0.001898,0.002683,0.001208,-0.001303,-0.002694,0.000111
Armenian_Erzurum_(n=9),0.10433756,0.13495244,-0.059668778,-0.059719111,-0.029509667,-0.016857333,0.0045433333,-0.006974,-0.032178333,-0.006358,0.0033741111,0.0048291111,-0.0048067778,0.0034101111,-0.0028501111,-0.0016498889,0.0054906667,-0.00028155556,0.00081,-0.00090322222,0.0033828889,0.0017996667,-0.002561,-0.000066888889,0.00079833333
Armenian_Gardman_(n=1),0.105855,0.132019,-0.052797,-0.052649,-0.031698,-0.014781,0.011751,-0.005307,-0.041314,-0.005467,0.001299,0.004496,-0.010555,0.005918,-0.002714,-0.015513,-0.014081,0.000633,0.001257,-0.01088,-0.003743,0.002473,-0.000863,-0.005422,-0.001557
Armenian_Gegharkunik_(n=1),0.108132,0.128972,-0.052043,-0.051034,-0.033852,-0.013666,0.00188,-0.013615,-0.039678,-0.015126,0.004222,-0.001349,0.000297,0.003991,-0.003936,-0.002784,-0.007432,-0.000253,0.001383,-0.006503,0.001123,0.00643,0.000739,-0.004097,0.00455
Armenian_Gesaria_(n=4),0.106709,0.13506525,-0.05279675,-0.06015875,-0.02592775,-0.01512975,0.00452375,-0.0047305,-0.02791775,-0.00186775,0.00405975,0.0022855,-0.003568,0.0025805,-0.0050215,-0.00420975,-0.0000325,0.00034825,0.00179125,-0.0043145,0.0009985,0.005286,-0.00246475,-0.0015965,0.00128725
Armenian_Gurin_(n=2),0.1041485,0.1391275,-0.0580765,-0.061693,-0.029082,-0.0164545,0.0059925,-0.006577,-0.0306785,-0.0028245,0.002436,0.0024725,0.003568,0.0001375,-0.008143,0.0098115,0.014603,-0.001837,0.0024515,0.002689,0.003494,-0.000062,-0.0017255,-0.001205,-0.0026345
Armenian_Halep_(n=1),0.102441,0.144205,-0.051666,-0.065569,-0.025851,-0.014781,0.003995,-0.00923,-0.028429,-0.005832,0.003735,0.000599,-0.002081,0.009634,-0.008686,-0.009016,-0.009127,-0.00038,0.003394,-0.010005,0.007112,0.007543,-0.001232,-0.001084,-0.002275
Armenian_Havav_(n=1),0.10274,0.144819,-0.050447,-0.065762,-0.023723,-0.018273,0.003661,-0.006103,-0.027198,0.002335,0.003746,0.003576,-0.004362,0.004361,-0.009473,-0.002168,0.004696,0.001119,0.002345,-0.003033,0.001954,-0.000015,-0.00046,-0.003111,0.001058
Armenian_Hemshin_(n=8),0.1069935,0.13773112,-0.0580765,-0.060845125,-0.03512175,-0.0142235,0.006903375,-0.00775925,-0.044944125,-0.00539875,0.003065375,0.006875125,-0.011874125,0.001272875,-0.008228,-0.00774,0.00783925,-0.000221625,-0.001649625,0.004001875,0.004367125,0.00398775,-0.00301975,-0.00674775,0.000464
Armenian_Iran_(n=6),0.10414817,0.13574233,-0.057762167,-0.055340667,-0.030416,-0.011016167,0.0050525,-0.0036153333,-0.032451333,-0.0070768333,0.0016508333,0.00047483333,-0.0064421667,0.004083,-0.0034383333,-0.0040883333,0.0030208333,-0.0019213333,-0.0002305,-0.0032723333,0.0019965,0.0014218333,0.0009245,-0.00084333333,0.0012171667
Armenian_Istanbul_(n=1),0.102441,0.139128,-0.042992,-0.048127,-0.019696,-0.008088,0.00611,-0.007615,-0.034769,-0.007836,-0.001624,0.004796,0.001189,0.006193,-0.002443,-0.007955,-0.008084,0.004307,0.000754,-0.006878,-0.000374,-0.003586,0.009244,-0.003735,-0.000599
Armenian_Kars_(n=1),0.105855,0.136081,-0.062602,-0.062985,-0.034468,-0.021753,-0.000705,-0.011307,-0.030679,-0.004009,0.006983,0.002847,-0.010406,0.003165,0.003529,-0.003182,-0.014864,0.003927,0.004274,-0.006378,0.002745,-0.005317,-0.003697,-0.001687,0.000599
Armenian_Kessab_(n=4),0.10386375,0.1388735,-0.0566625,-0.063631,-0.0263125,-0.017361,0.00564025,-0.00623075,-0.02219075,0.00195925,0.00552125,0.004271,-0.0030105,0.00454175,-0.00573425,0.0025855,0.00589975,-0.00063325,0.00197975,-0.00393925,0.0034005,-0.00018575,0.00129425,0.001235,-0.00071825
Armenian_Kharberd_(n=2),0.103647,0.1415455,-0.0534335,-0.0617195,-0.027081,-0.017007,0.004248,-0.007573,-0.027791,0.0001135,0.0042685,0.0023545,-0.005961,0.001502,-0.005713,-0.003681,0.002447,0.0006765,0.0019385,0.003494,0.002487,0.0015295,-0.0004015,0.0001795,-0.00018
Armenian_Lebanon_(n=60),0.10274428,0.13966917,-0.056222367,-0.064734583,-0.026030383,-0.017872233,0.0035916,-0.0065843,-0.025422283,-0.00027643333,0.0036049833,0.0017784,-0.0019524167,0.00185335,-0.0072497,0.00054801667,0.00388105,0.0014865667,0.0021703833,-0.00214265,0.0012852333,0.00178885,-0.00067381667,-0.0003173,0.0010039
Armenian_Lori_(n=5),0.1031236,0.1336436,-0.0537022,-0.0537472,-0.0337292,-0.0094822,0.0090242,-0.0079842,-0.0353826,-0.0088202,0.0019162,0.0050958,-0.0064816,-0.000523,-0.003936,-0.0043756,0.0001304,-0.000304,0.0040978,-0.00015,0.0060644,0.0020526,0.0009614,-0.000482,0.0046222
Armenian_Mamiki_(n=2),0.100079,0.142331,-0.0542175,-0.069185,-0.026506,-0.0199225,0.003141,-0.006205,-0.0257715,-0.001313,0.004303,0.0015525,-0.000741,0.004498,-0.0074555,-0.001299,0.002674,0.0010025,0.0012045,0.0008495,0.0033015,0.001409,-0.001383,-0.002522,0.0000435
Armenian_Mush_(n=6),0.10376883,0.13878917,-0.0581395,-0.0641155,-0.027338333,-0.0198475,0.003055,-0.0040766667,-0.030678333,-0.0056796667,0.003789,0.00039983333,-0.0021308333,-0.00016066667,-0.0050895,0.0022761667,0.0041941667,0.0013725,0.0017596667,0.000020666667,0.0020381667,0.0014633333,0.0012326667,0.00034133333,0.0025745
Armenian_Parspatunik_(n=2),0.1058555,0.140651,-0.04978,-0.0524875,-0.033083,-0.005996,0.00564,-0.0019615,-0.034871,-0.007745,0.0026795,0.0059945,-0.002676,0.0004125,-0.006718,-0.00769,-0.004694,-0.00114,0.000691,-0.003689,0.0006865,0.0037095,0.002465,-0.000904,0.0006585
Armenian_Peria_(n=1),0.104717,0.138112,-0.056568,-0.055233,-0.033852,-0.006693,0.00094,-0.002769,-0.026384,0.006196,-0.000812,0.005695,-0.01115,-0.006193,-0.0076,0.001856,0.008996,-0.0019,0.003645,-0.003877,0.008735,-0.005317,-0.006655,-0.004217,0.002515
Armenian_Sasun_(n=5),0.0985708,0.1437992,-0.0630548,-0.0720936,-0.027328,-0.0172912,0.003384,-0.0082152,-0.0259336,-0.0000366,0.0038646,0.0000298,-0.0024082,0.0056976,-0.0062702,0.0009812,0.0009912,0.0025338,0.0045502,-0.0066532,0.0029446,0.0008902,-0.0035496,0.0001444,-0.0003112
Armenian_Sebastia_(n=2),0.1069935,0.1391275,-0.0526085,-0.070737,-0.0253895,-0.019522,0.0008225,-0.004038,-0.026997,-0.002278,0.005602,0.000899,-0.000892,0.0018575,-0.006854,0.0032485,0.0059975,-0.0002535,0.00176,-0.003627,-0.000936,0.000062,0.002465,-0.00247,0.0016165
Armenian_Shamakhi_(n=2),0.1064245,0.12948,-0.04846,-0.0369835,-0.0300055,-0.0040435,0.001175,-0.0045,-0.0377345,-0.0104785,0.001218,-0.000375,-0.0049055,0.00117,0.001425,0.003514,0.0073665,0.0007605,0.0048395,0.001563,0.000187,0.000989,-0.0093055,0.0010845,0.0024545
Armenian_Syunik_(n=14),0.10504229,0.13470264,-0.053551071,-0.051887643,-0.031698214,-0.011195571,0.0044482143,-0.0053733571,-0.032490143,-0.0073676429,0.0030622857,0.00395,-0.0026334286,0.0048855,-0.0016674286,-0.0018183571,-0.0046660714,0.0024431429,0.0022445714,-0.0038322143,0.0026293571,0.000079571429,-0.00081871429,0.0011189286,0.00019664286
Armenian_Tigranakert_(Diyarbakir)_(n=2),0.099595,0.1355735,-0.0593965,-0.066538,-0.0289285,-0.0170125,0.004465,-0.005769,-0.0255655,0.000273,0.0039785,0.000899,0.0010405,-0.0001375,-0.0041395,0.007292,0.0110825,0.0011405,-0.0002515,0.0012505,-0.000936,-0.002844,0.0026495,-0.0008435,-0.0063465
Armenian_Urfa_(n=9),0.10193489,0.13991733,-0.058621111,-0.068655444,-0.026124333,-0.018592778,0.0024805556,-0.005333,-0.026247111,0.0016198889,0.0042041111,0.001815,0.00028088889,0.0045415556,-0.0063185556,-0.00042744444,-0.00020266667,0.00090088889,0.0018854444,-0.0026122222,0.00023577778,0.0011814444,-0.0012186667,-0.0019412222,0.00095777778
Armenian_Van_(n=4),0.1018715,0.137604,-0.057134,-0.061047,-0.03400625,-0.0160365,0.005405,-0.0067495,-0.03103625,-0.005467,0.001705,0.0011615,0.00196975,0.0018925,-0.00495375,-0.00036475,0.0008475,-0.0007915,0.00345675,-0.00528375,0.00424275,0.0005565,0.00030825,0.00054225,-0.0007185
Armenian_Yerevan_(n=13),0.1033804,0.13629333,-0.057231923,-0.060896577,-0.029441462,-0.017073885,0.0045274744,-0.0069873846,-0.030268051,-0.0040662821,0.0030063333,0.00074844872,-0.0035904231,0.0043712051,-0.0056613974,-0.00078920513,0.0011233462,0.0022228205,0.0029039744,-0.0013689359,-0.001542859,0.00071375641,-0.0008720641,-0.0010589615,0.0031185256
Arunthathiyar_(n=18),0.025989611,-0.12344333,-0.190844,0.13054683,-0.068422944,0.067150667,-0.0029244444,0.013576444,0.073389944,0.048829056,-0.0046098889,-0.00069938889,-0.00071033333,0.0071334444,-0.014439167,-0.013848278,0.0084894444,-0.00094311111,-0.00051666667,0.0107065,0.0063636667,0.0055232222,-0.00070533333,0.0061184444,-0.0080097222
Arunthathiyar_o_(n=5),0.0334638,-0.0881478,-0.1767188,0.1108546,-0.0733058,0.0586786,-0.000329,0.0142144,0.050722,0.029595,-0.0005846,-0.002338,-0.0002676,-0.0012662,-0.0049946,-0.0047732,0.0056846,0.0010134,0.0006034,0.0025512,0.0054654,-0.0014592,0.000074,0.0045306,-0.006634
Ashaninka_(n=8),0.05420825,-0.31735287,0.11686025,0.096455875,-0.11417512,-0.017814,-0.30480887,-0.3641965,-0.015288125,-0.0159455,-0.000933625,-0.0011615,0.0019325,0.023722625,-0.006277125,0.00334775,0.004107125,-0.001726125,-0.002419625,-0.002360375,0.001996375,0.00370975,-0.0035895,0.000180625,-0.0025745
Ashkenazi_Jew_(n=1209),0.099572745,0.13633385,-0.0068967844,-0.041083869,0.010614708,-0.014893239,-0.0012535406,-0.00049781448,0.0071832096,0.013713559,0.0012456902,-0.00099646173,0.0019204698,0.0011064296,-0.0048532819,-0.0016338213,-0.0024819239,-0.00092977524,-0.0001320972,-0.0035911256,-0.0034711873,-0.0029826975,0.0014733157,0.0025291029,0.000054611688
Ashkenazi_Jew_Austria_(n=2),0.0956115,0.1370965,-0.0115025,-0.047481,0.010925,-0.0147815,-0.00235,-0.0028845,0.0097145,0.0142145,0.002923,-0.0016485,-0.0005945,0.001101,-0.00475,0.001525,-0.0086055,0.0000635,-0.0014455,-0.002814,-0.0021835,-0.0030915,-0.0014175,0.001205,-0.000898
Ashkenazi_Jew_Belarus_(n=15),0.10168193,0.13330507,-0.0069138,-0.039901267,0.010771133,-0.0145954,-0.00086166667,-0.00050753333,0.0065311333,0.013752667,0.0025225333,-0.00052946667,0.0025669333,-0.001413,-0.0033205333,0.0031642667,0.0017558667,-0.00036306667,0.0011647333,-0.0012756667,-0.0041594,-0.0005606,0.0021774,0.0015102,0.00054273333
Ashkenazi_Jew_France_(n=8),0.095611375,0.14369738,-0.015132,-0.051357,0.0093095,-0.0194875,-0.00252625,-0.002048125,0.0085645,0.019544875,0.00377575,-0.00093675,0.0025085,-0.002305125,-0.003647375,0.003182125,0.000896625,-0.002264375,-0.002136875,-0.005393,-0.000889125,-0.002890125,0.000369625,0.002590625,0.001601625
Ashkenazi_Jew_Germany_(n=10),0.0973188,0.1423773,-0.014406,-0.0499358,0.010925,-0.0187694,-0.001974,-0.0017538,0.0098579,0.0188432,0.0039622,-0.0011239,0.0025123,-0.0026699,-0.0050489,0.0030892,0.0022035,-0.0016977,-0.0007794,-0.0011255,-0.0033441,-0.0026957,0.0008751,0.0013857,0.0008143
Ashkenazi_Jew_Latvia_(n=2),0.097319,0.1350655,-0.0162165,-0.0437665,0.00677,-0.015757,-0.00329,-0.004038,0.0049085,0.0134855,0.0019485,0.0017235,0.006467,0.002133,-0.0069215,-0.004177,-0.006128,-0.001077,-0.0007545,-0.0057525,-0.003931,-0.002782,0.0018485,0.0030125,0.003413
Ashkenazi_Jew_Lithuania_(n=11),0.099853909,0.13275745,-0.0092223636,-0.040375,0.0094842727,-0.014147455,-0.00055545455,-0.001175,0.0060612727,0.013700909,0.0015499091,-0.0018529091,0.0025678182,0.00062572727,-0.0044417273,0.0034594545,0.0016000909,0.00016118182,0.00044554545,-0.0031720909,-0.0032555455,-0.0033497273,0.0029244545,0.0024428182,-0.001056
Ashkenazi_Jew_Poland_(n=35),0.10006677,0.13721254,-0.0071114571,-0.0427006,0.0102436,-0.015697543,-0.00042971429,-0.00038902857,0.0085082857,0.013516657,0.0011321429,-0.00027405714,0.0019198286,0.00039711429,-0.0032921714,-0.0020267714,-0.0042356286,-0.00032928571,-0.0015370571,-0.0038304571,-0.0023637143,-0.002254,0.0010494286,0.0023272857,0.00070131429
Ashkenazi_Jew_Romania_(n=3),0.10209033,0.14171433,-0.006811,-0.043958,0.011257,-0.015515,-0.0023806667,-0.00091266667,0.0063733333,0.015616667,0.0030643333,0.0021736667,-0.00058933333,0.0020636667,-0.004052,-0.001275,-0.001174,0.000326,0.00048633333,-0.0058076667,-0.002197,-0.0030893333,0.00094,0.0040183333,0.000034333333
Ashkenazi_Jew_Russia_(n=10),0.1011888,0.131511,-0.0064488,-0.0382755,0.0103711,-0.014335,-0.0019505,-0.0001847,0.0065447,0.0140506,0.0011205,0.0002997,0.0021408,0.0003303,-0.0050352,-0.0002651,-0.0012125,-0.0005701,-0.0021367,-0.0031266,-0.0035687,-0.0029553,0.0006286,0.0045788,-0.0012214
Ashkenazi_Jew_Ukraine_(n=24),0.098978667,0.13536154,-0.005311125,-0.040159667,0.01206625,-0.014176958,-0.0010672917,0.000057791667,0.0076527083,0.012946375,0.000690125,0.00014366667,0.002087375,0.000235,-0.0025334167,-0.0011767083,-0.0037485417,0.000073875,0.0013930833,-0.0041269167,-0.0028180417,-0.002215375,0.001335125,0.00186775,0.00059375
Assamese_(n=1),0.039838,-0.152329,-0.118793,0.081073,-0.029544,0.054105,-0.003055,0.01223,0.031701,0.023508,-0.006008,0.002248,0.001487,-0.003165,-0.006922,0.00716,0.007171,-0.003927,-0.00352,0.010255,0.003743,0.00643,0.002711,0.004338,0.016286
Assamese_Brahmin_(n=1),0.056912,-0.069056,-0.124827,0.097869,-0.058165,0.051874,-0.00094,0.009461,0.019225,0.013303,-0.002761,0.001499,-0.004311,-0.008257,0.003936,0.006629,0.012386,-0.006208,0.00176,-0.001376,-0.004617,-0.004451,0.000616,0.005061,0.005868
Assiniboine_(n=1),0.053352,-0.32428,0.10858,0.074495,-0.105581,-0.021554,-0.218232,-0.259969,-0.006344,-0.012443,0.003229,-0.003015,0.002721,0.013718,-0.012478,0.000249,0.006279,0.003216,0.007391,0.005387,0.001065,-0.00285,-0.001654,0.003006,0.006808
Assiniboine_(European-Mixed)_(n=4),0.077313,-0.2194915,0.1050095,0.07717875,-0.07652225,-0.00931425,-0.1760805,-0.20985775,-0.009105,-0.017337,0.00414375,-0.0034595,0.0038025,0.003406,-0.0059785,0.000823,0.00119375,0.0023335,0.00490175,0.000742,0.00113,0.000944,0.000519,0.00532075,0.00039375
Assyrian_Armenia_(n=5),0.100392,0.1377056,-0.0580764,-0.068153,-0.0296668,-0.0181838,0.001363,-0.004523,-0.027897,-0.0061228,-0.0005522,0.0006894,0.0022002,0.0015414,-0.007356,0.0050912,-0.0007824,0.00076,0.0024886,-0.0067782,0.0015474,0.003314,0.001134,0.0017592,0.0052688
Assyrian_Chaldean_Catholic_Iraq_(n=34),0.094175882,0.13523871,-0.060946706,-0.067349324,-0.029767971,-0.019423882,0.0032720588,-0.0064530882,-0.0212135,-0.00087994118,0.004195,-0.0021184412,0.00089188235,-0.00015317647,-0.0039674706,0.0072139118,0.0040287353,0.0011670588,0.0011341176,-0.0031615882,-0.0014112647,0.0014724706,-0.0034769412,-0.0019585294,0.000815
Assyrian_Iran_Urmia_(n=2),0.097888,0.131511,-0.057511,-0.0646,-0.0307745,-0.020917,0.00705,-0.0019615,-0.022395,-0.0050115,0.0055215,-0.002323,0.002527,-0.004748,-0.0061075,0.013657,0.0056715,-0.001647,0.004211,-0.0060655,-0.0054275,0.0034,-0.002157,-0.002711,0.0021555
Assyrian_Iraq_(n=20),0.09720495,0.13465915,-0.06235685,-0.0659889,-0.02922075,-0.0173051,0.00270255,-0.00893035,-0.0188571,-0.0033987,0.00338585,-0.00235295,0.0064592,0.0019542,-0.00462125,0.00573445,-0.0046807,0.00235645,0.0034127,-0.00377055,-0.0016408,0.00006805,-0.0009798,-0.0020605,0.00182015
Assyrian_Syriac_Orthodox_Syria_(n=3),0.095232,0.138112,-0.060465,-0.065892,-0.026569,-0.019801,0.003995,-0.008538,-0.020043333,0.003827,0.0044926667,-0.002048,0.0031716667,-0.0035323333,-0.002443,0.0089716667,-0.00060833333,0.0040963333,0.0054886667,-0.0053776667,0.0023706667,0.0012363333,-0.0013556667,-0.0010043333,-0.001477
Assyrian_Syriac_Orthodox_Turkey_Tur_Abdin_(n=15),0.098039733,0.1414294,-0.059911867,-0.071339933,-0.025543133,-0.020284533,0.001316,-0.0074612667,-0.0183662,-0.00038873333,0.003605,0.00019993333,0.0034885333,0.0028166667,-0.0057003333,0.0088217333,0.0044939333,0.0012246667,0.0016842667,-0.0018675333,-0.00035766667,0.0026297333,-0.00085446667,0.0005622,0.0031135333
Assyrian_Syriac_Orthodox/Catholic_Iraq_(n=9),0.0942,0.13538889,-0.058188889,-0.065688889,-0.026933333,-0.020122222,0.0035222222,-0.0048666667,-0.020033333,0.0003,0.0034555556,-0.00094444444,-0.00098888889,-0.00087777778,-0.0033777778,0.010588889,0.0091666667,-0.00027777778,-0.0010555556,-0.00052222222,-0.0024666667,0.0014444444,-0.0026333333,-0.0021666667,0.00096666667
Assyrian_Turkey_Hakkari_(n=14),0.0974,0.13397721,-0.062440357,-0.065361357,-0.031698143,-0.016952571,0.0027192857,-0.0080105,-0.022687571,-0.0027595714,0.0064491429,-0.0010918571,0.0057660714,-0.000019714286,-0.0020746429,0.0070555,0.000065214286,0.0016830714,0.0043904286,-0.0052704286,0.0012387143,0.0029942143,-0.00067785714,-0.00098985714,0.00272
Asur_(n=12),0.0018971667,-0.21986208,-0.17671242,0.1167655,-0.011489167,0.06370325,-0.0051896667,0.011730333,0.078622417,0.050251583,0.019080667,0.0038715833,-0.0050916667,0.0153565,-0.022733167,-0.024971167,0.0099416667,-0.0032199167,-0.0026816667,0.024438833,0.005116,0.017682417,-0.0099830833,0.01181875,0.0044008333
Asur_o_(n=2),0.015935,-0.1716245,-0.174607,0.117896,-0.038469,0.0669335,-0.0010575,0.0141915,0.077617,0.044557,0.0178625,0.0038965,-0.004906,0.010666,-0.0204255,-0.019557,0.0106915,-0.0044345,-0.005091,0.019322,0.002184,0.013107,0.000616,0.0095795,0.0065865
Atayal_(n=9),0.015176444,-0.44435022,-0.042866111,-0.068511889,0.13503378,0.060581111,-0.0029505556,-0.014102,-0.022724889,-0.019418222,0.038161222,0.0040465556,-0.0030887778,0.0030736667,0.013617333,0.0078814444,-0.0045198889,0.0046735556,0.0054748889,-0.016063222,0.0034938889,-0.024950556,-0.00072577778,-0.0065872222,-0.050122
Atayal_(Han-Mixed)_(n=1),0.025041,-0.438709,-0.019233,-0.070091,0.108943,0.042112,-0.00752,-0.009,-0.018203,-0.012757,0.001624,0.001499,-0.007284,-0.000138,0.00285,-0.006099,-0.01017,0.004054,-0.001383,-0.013256,0.009982,-0.026091,0.007272,0.001928,-0.045984
Athabaskan_Canada_(n=4),0.05292775,-0.328016,0.11200475,0.07743925,-0.10617375,-0.01840675,-0.19834875,-0.23479775,-0.0037325,-0.020137,0.00828175,-0.00340975,0.0063925,0.00006875,-0.01513275,-0.004508,-0.0005215,0.00326225,0.0115015,0.00734725,0.00386825,-0.01075775,0.0027115,0.0062055,0.0092805
Australian_Aboriginal_(n=3),-0.040976333,-0.230187,-0.205405,0.22760833,0.142078,-0.33559833,0.0036816667,0.0023843333,-0.0068173333,0.0015796667,-0.0065496667,-0.00094933333,0.0024776667,-0.00022933333,-0.0038456667,-0.0023426667,0.010822,-0.00046433333,-0.002095,0.0085456667,0.0061976667,0.002514,-0.0037383333,0.0030123333,-0.003792
Australian_Aboriginal_(European-Mixed)_(n=5),0.0465756,-0.0361172,-0.067385,0.1283098,0.086309,-0.1410988,0.0043772,0.0081706,-0.0040324,0.0046376,-0.0033828,0.0031672,-0.0048216,-0.0075496,0.0067788,-0.001772,-0.0061078,0.0040294,0.0000236,0.000456,-0.0001706,0.0032154,-0.0027502,0.0020294,0.0014326
Australian_Aboriginal_(European-Mixed)_o_(n=1),0.023903,-0.167562,-0.116153,0.138568,0.130178,-0.196339,0.009165,0.006231,-0.005522,-0.000729,0.002761,-0.005845,-0.005054,-0.006331,0.003936,0.007027,0.007302,-0.000887,0.004525,0.007003,0.007112,-0.002968,-0.007148,0.011688,-0.008143
Austrian_(n=18),0.12912583,0.13512178,0.054284333,0.0331075,0.034946611,0.012751611,0.0071285556,0.0062048889,0.003193,0.0022982778,-0.0035543889,0.00060788889,-0.0016269444,0.0028442222,0.00046744444,0.0047363333,0.0013254444,0.00092205556,0.0031842222,0.0012226667,-0.00062388889,-0.0020745556,0.0019035,0.003501,-0.0011441667
Austrian_Burgenland_(n=4),0.12920029,0.13431015,0.051674221,0.03132002,0.033712256,0.012251859,0.0054472009,0.006121509,0.0019563222,0.00071835695,-0.0026318141,0.0012909749,-0.0046628546,0.000044415086,0.0037984117,0.0024987713,-0.000718208,0.00097095109,0.0038795474,0.00023619357,-0.00062533446,0.00063118679,0.0028892216,0.0075389731,-0.00026468504
Austrian_Carinthia_(n=5),0.13184928,0.13614293,0.05595473,0.038759256,0.037603066,0.015797442,0.0067519923,0.0080117447,0.0022988804,-0.003946564,-0.0047133417,-0.0016254037,0.0016902547,0.013643659,-0.0027886099,0.00016180372,-0.00015957337,0.0012890007,0.0050137854,-0.0017925646,-0.0032059668,-0.002509549,0.0037934486,0.0022506784,0.0005811559
Austrian_Lower_Austria_(n=1),0.13055637,0.13840207,0.053432694,0.035135972,0.038538598,0.014371109,0.004908887,0.0056546202,0.0039756576,0.0049745262,-0.0038969672,0.0030777077,-0.007016923,0.000031349998,0.0067207069,0.0029900294,-0.0037949728,0.0017642713,0.0054320968,-0.0018209858,-0.00063231909,-0.00058795745,0.0026928286,0.0077181616,0.0001558519
Austrian_Styria_(n=3),0.13037112,0.13761446,0.055316164,0.033131934,0.040025795,0.012908755,0.0059865279,0.0072106637,0.0051744183,0.0022634505,-0.0041984706,0.00040573512,-0.0015887991,0.006581985,-0.0010233647,0.0011829071,0.0013317303,0.00058679883,0.0033852888,-0.00019252172,-0.0010908625,-0.00093874542,0.0019328689,0.0030567424,-0.00057410146
Austrian_Upper_Austria_(n=5),0.12846756,0.13769063,0.051569807,0.032063527,0.037922286,0.011073208,0.004773343,0.0054376618,0.0054544401,0.0037217972,-0.0021812593,0.0027249554,-0.0067715984,-0.0016104243,0.0060884244,0.0029994829,-0.0011142986,0.0018089468,0.0048432831,0.00095287636,0.0032079477,0.0016916126,-0.00084645746,0.0076756756,-0.0017537266
Avar_(n=43),0.11350549,0.10384367,-0.02321486,0.013070233,-0.042204581,0.014353186,0.0073179302,-0.0043307442,-0.060434465,-0.041206535,-0.00049097674,0.0047782093,-0.012138326,-0.0092686977,0.015128116,-0.0037864884,-0.00082167442,-0.0026221163,-0.006056907,0.0043944651,-0.00087632558,0.0015844884,0.0058929767,0.0095276279,-0.0017349302
Awadhi_Chitraguptavanshi_Kayastha_Nigam_(n=1),0.044991,-0.060421,-0.153958,0.112534,-0.078301,0.054583,-0.002377,0.011187,0.029722,0.018326,-0.004384,0.000901,-0.001465,0.001645,-0.002788,-0.001617,0.002248,-0.000514,-0.000148,0.000953,-0.001658,0.001545,-0.00098,0.000857,0.003771
Awadhi_Chitraguptavanshi_Kayastha_Srivastava_(n=5),0.0491716,-0.061135,-0.1470016,0.1132448,-0.0682588,0.0625274,0.001363,0.0138918,0.0369372,0.0170572,-0.0084768,0.002278,0.0022298,-0.0041838,-0.0007058,0.0005304,0.0052152,-0.0008868,-0.0010308,-0.0007502,-0.0041676,-0.0015086,-0.0002466,-0.0005302,-0.001437
Awadhi_Dharkhar_(n=3),0.037561667,-0.10155267,-0.16404733,0.12640167,-0.067397,0.066097,-0.0033683333,0.014230333,0.058971,0.034199333,-0.002436,0.00064933333,-0.0057483333,0,-0.0062883333,-0.0077346667,0.0099526667,-0.0044763333,-0.00020933333,0.003418,0.0050326667,0.0057703333,0.003944,0.0060246667,-0.007784
Awadhi_Dusadh_(n=5),0.0478056,-0.0830704,-0.157184,0.119188,-0.071952,0.0653716,-0.004042,0.0144918,0.0476132,0.0321466,-0.0024684,-0.0008094,-0.00333,0.0000552,-0.0049674,-0.0084858,0.0031816,-0.0016978,0.0004526,0.0024012,0.001123,-0.0008158,-0.002268,0.0024342,1.73e-19
Awadhi_Muslim_(n=2),0.06431,-0.021326,-0.1138905,0.0750975,-0.0573955,0.0409965,0.0027025,0.0087685,0.0107375,0.0026425,-0.008769,0.001049,0.0052035,-0.0063995,0.0025785,-0.001392,-0.0001955,-0.00057,0.004651,-0.007316,-0.004991,-0.00643,-0.0006165,0.0020485,-0.001916
Awadhi_Pasi_(n=3),0.040976667,-0.085304667,-0.161156,0.12414067,-0.069038333,0.066469,-0.00141,0.0093073333,0.050381,0.031344667,-0.0089853333,-0.0035466667,-0.00084233333,0.004679,-0.008867,-0.0029613333,0.0033466667,0.001478,-0.0011313333,0.0011256667,0.002662,0.00049433333,0.0020953333,0.0047396667,-0.00087833333
Awadhi_Rajput_Baiswar_(n=5),0.0448464,-0.0767742,-0.1584662,0.1183482,-0.0782302,0.065372,-0.002068,0.0129686,0.0442996,0.025331,-0.0009092,0.0020084,-0.0026462,0.0007432,-0.0036102,0.0009282,0.011213,0.004054,-0.0015588,0.0025762,0.0047666,0.00413,0.0013802,0.0034462,-0.0044304
Aymara_Bolivia_(n=13),0.056386154,-0.308174,0.11948915,0.095856462,-0.11479062,-0.016325846,-0.29815615,-0.35659469,-0.012287077,-0.016695615,-0.0056086154,-0.00077230769,-0.0010863846,0.020971538,-0.005982,0.0042122308,0.0075824615,0.0015884615,0.0026299231,-0.000076923077,-0.0035611538,0.0051458462,-0.0015737692,0.00091753846,-0.0011053077
Aymara_Bolivia_(European-Mixed)_(n=16),0.060681875,-0.19034831,0.094350937,0.06564975,-0.074148375,-0.016036187,-0.22060162,-0.25908531,-0.003464125,-0.0041343125,-0.0032578125,0.0002340625,-0.000158,0.012256938,-0.0010858125,0.0045991875,0.004645,0.00069675,-0.0013276875,0.002212125,0.000584875,0.0026894375,-0.0015251875,-0.0002033125,-0.000187
Aymara_Peru_(n=1),0.056912,-0.312783,0.11917,0.093024,-0.114791,-0.014502,-0.301519,-0.359293,-0.009613,-0.016401,-0.000325,0.000899,-0.004608,0.023121,-0.013572,0.003447,0.00691,0.000253,-0.00176,0.002501,-0.001497,0.004081,0.003697,0.000361,-0.007544
Aymara_Peru_Titicaca_(n=11),0.056083909,-0.31065973,0.12060991,0.097546,-0.11526627,-0.018761818,-0.30087791,-0.36147436,-0.014893182,-0.01935,-0.0034986364,-0.00076290909,-0.00097309091,0.024909636,-0.0066873636,0.004665,0.0078349091,-0.00047209091,0.0017141818,-0.0011938182,-0.0016675455,0.0042827273,-0.0026554545,-0.0020265455,-0.0027323636
Azeri_Armenia_(n=12),0.1012915,0.096232333,-0.047198333,-0.03905475,-0.034099333,-0.0045765833,0.0069590833,0.00086141667,-0.02799875,-0.0087843333,-0.00168775,0.0012196667,-0.0013448333,-0.0013695,0.0020605,0.0018914167,-0.00131675,-0.00056,0.00041525,-0.00065216667,-0.00084583333,0.00018566667,-0.00081283333,-0.001784,-0.00035066667
Azeri_Armenia_o_(n=1),0.100493,0.081456,-0.039147,-0.046794,-0.01622,-0.005856,0.006128,0.004644,-0.016851,0.001922,-0.005548,0.000669,-0.000744,-0.002968,0.002449,0.002935,-0.00167,0.000109,-0.000437,-0.000282,0.000982,0.000732,-0.000547,-0.0017,0.000862
Azeri_Azerbaijan_(n=6),0.096515833,0.088385667,-0.045133333,-0.032439333,-0.0340345,-0.0064383333,0.005505,-0.0056305,-0.032289667,-0.0100595,-0.0033493333,0.0012605,-0.0044345,-0.0011186667,0.0034411667,-0.0015933333,-0.0042418333,-0.00093266667,0.0011775,-0.0033146667,-0.0006315,-0.00052366667,0.0019126667,-0.0035055,0.0025868333
Azeri_Azerbaijan_Aghjabadi_(n=9),0.092196556,0.089366444,-0.048774222,-0.040590333,-0.034912444,-0.0063835556,0.0040733333,-0.0035895556,-0.028997,-0.0091523333,-0.004186,-0.00093255556,0.0017013333,-0.0021256667,0.0026843333,0.0064674444,-0.00055044444,0.0010698889,0.0017737778,-0.003974,-0.0012616667,0.00023366667,-0.0012872222,-0.00081688889,0.000612
Azeri_Azerbaijan_Aghstafa_(n=3),0.097888,0.072779333,-0.039723667,-0.039836667,-0.027492,-0.014223333,0.005405,-0.0061536667,-0.029997,-0.0099016667,-0.000379,0.0020483333,-0.0082756667,0.0027066667,0.0013573333,0.0034476667,0.0036506667,0.0040543333,0.005866,-0.0043353333,-0.0039516667,-0.003957,-0.0035743333,0.0010043333,0.0021153333
Azeri_Azerbaijan_Baku_(n=1),0.099026,0.079211,-0.047894,-0.034884,-0.036007,-0.004741,0.012221,0.001615,-0.034769,-0.009112,0.001624,-0.002098,-0.002676,0.003441,-0.011401,0.009414,0.006128,-0.002534,0.007416,-0.002501,-0.001248,-0.003833,0.000986,0.002892,0.007065
Azeri_Azerbaijan_Balakan_(n=1),0.108132,0.082258,-0.039221,-0.024871,-0.032929,0.006693,0.009635,-0.004154,-0.028633,-0.015672,0.001299,0.001199,-0.002081,0.006744,0.008415,-0.011933,-0.017471,0.002914,-0.009176,-0.001501,0.003494,-0.007048,0.000986,-0.002289,0.002754
Azeri_Azerbaijan_Dashkasan_(n=1),0.094473,0.070072,-0.040729,-0.043928,-0.034468,-0.010877,0.009165,0.002077,-0.024134,-0.004191,-0.001137,0.004346,0.000892,0.000138,-0.001493,0.00716,0.004042,-0.003674,-0.00264,0.005503,-0.001622,0.002968,0.001479,0.003735,0.00191671
Azeri_Azerbaijan_Gabala_(n=21),0.098321429,0.097732571,-0.045667476,-0.033176714,-0.035420429,-0.0047677143,0.0051140952,-0.0042085238,-0.03406781,-0.014604905,-0.0017862857,0.0011774762,-0.0034900952,-0.0014089048,0.0015963333,0.0016036667,0.00019238095,-0.000054238095,0.0025856667,-0.0028109048,-0.000416,0.00012961905,-0.00043433333,-0.00047619048,0.00078695238
Azeri_Azerbaijan_Jalilabad_(n=1),0.097888,0.088351,-0.056568,-0.032946,-0.039392,-0.00251,0.005405,-0.002538,-0.035383,-0.010387,-0.002923,-0.006594,-0.001338,0.001239,-0.001764,0.0118,-0.00339,-0.001774,0.004651,-0.01138,0.003494,0.00272,-0.000863,0.009881,-0.003832
Azeri_Azerbaijan_Karabakh_(n=6),0.0942835,0.098844833,-0.051414167,-0.0366605,-0.031698333,-0.0079948333,0.0049351667,-0.0040381667,-0.024338167,-0.0079576667,-0.00054116667,-0.001299,-0.0010653333,-0.0016515,0.0010178333,0.0088173333,0.005563,0.0015626667,0.0017388333,-0.0061696667,-0.000083166667,0.00082433333,0.0011501667,-0.00058233333,0.0043905
Azeri_Azerbaijan_Nakhchivan_(n=2),0.0961805,0.103584,-0.0509115,-0.041667,-0.0363145,-0.0099005,0.007285,-0.0020765,-0.0298605,-0.0110255,0.001786,0.001424,-0.0014865,0.000688,-0.0012895,0.004044,0.0018905,0.002977,0,-0.006691,0.000936,-0.001298,-0.0001235,-0.004157,0.0035325
Azeri_Azerbaijan_Qakh_(n=1),0.114961,0.087336,-0.03017,-0.01615,-0.041238,0.004741,0.009635,-0.01223,-0.042745,-0.023508,-0.003248,0.005845,-0.007136,-0.004954,0.005022,0.002519,0.000782,0.001774,0.00729,-0.002376,0.00025,-0.000866,0.001972,-0.00253,0.003353
Azeri_Azerbaijan_Qazax_(n=5),0.0962944,0.076368,-0.0430672,-0.0407626,-0.0300362,-0.0101518,0.0066272,-0.0043844,-0.0274472,-0.0064512,-0.0033778,0.0017084,-0.00553,-0.004156,0.0018188,0.0009546,0.0012256,-0.0013176,-0.002338,-0.0006502,0.00277,-0.0010386,-0.0015528,-0.0013496,0.0012932
Azeri_Azerbaijan_Sabirabad_(n=1),0.092197,0.092413,-0.053551,-0.031977,-0.032006,-0.010319,0.00846,-0.007154,-0.027815,-0.013668,-0.002273,0.002248,0.000297,-0.003303,-0.001764,0.012198,0.012386,-0.003167,0.005531,-0.006253,0.002246,-0.002349,-0.007148,-0.001687,0.008382
Azeri_Azerbaijan_Shaki_(n=8),0.10044888,0.10701138,-0.046008625,-0.036862375,-0.0322365,-0.006170625,0.00329,-0.005278625,-0.035178125,-0.013759,-0.000264,0.002322875,-0.004218375,-0.000602,0.0006955,-0.002552375,0.000488875,5.42e-20,-0.0020425,-0.001094375,0.000545875,-0.001267375,0.0001695,-0.000240875,0.003742
Azeri_Azerbaijan_Shamkir_(n=4),0.09760325,0.064994,-0.03299825,-0.0363375,-0.03285225,-0.004811,0.0048175,-0.00386525,-0.02352025,-0.00915725,-0.00361325,-0.00134875,-0.0021185,0.00178925,-0.00325725,-0.00497175,-0.0133645,0.0033255,0.003457,-0.01150525,-0.00411775,-0.003524,-0.000493,-0.00066275,0.0030535
Azeri_Azerbaijan_Zagatala_(n=1),0.097888,0.09546,-0.04714,-0.020995,-0.037853,-0.004741,0.013161,-0.000692,-0.046631,-0.017495,0.000974,0.002098,-0.005946,-0.003578,0.005022,-0.000133,-0.003781,0.00038,-0.000628,0.00025,0.003743,-0.007666,0.004437,0.007712,-0.001916
Azeri_Dagestan_(n=27),0.10138685,0.095497481,-0.040268111,-0.018841667,-0.036587889,0.0014357037,0.0041778148,-0.0054442593,-0.040139741,-0.020248444,-0.0019966667,0.0028974074,-0.0052472222,-0.0040063704,0.0060067407,0.0011491481,-0.0012361852,-0.00083051852,-0.0014757778,-0.002126037,-0.00015718519,-0.0018411111,0.00089007407,0.0020037407,0.0018094074
Azeri_Georgia_(n=8),0.096175625,0.07674675,-0.04339775,-0.03766475,-0.03253625,-0.008452875,0.003398375,-0.004764,-0.0277765,-0.009330125,-0.00068775,0.002719125,-0.002961875,0.00185575,0.00289975,0.000645875,-0.001813875,-0.000592875,0.000688125,-0.00410575,-0.000981875,0.000417375,-0.001721625,0.000359,-0.000840375
Azeri_Iran_(n=14),0.09514,0.086719857,-0.048136571,-0.037083214,-0.036737357,-0.0065844286,0.0055736429,-0.0035715,-0.030892286,-0.0085393571,-0.0022187857,-0.00024042857,0.0019820714,0.0015315714,0.00097707143,0.0035644286,-0.0058084286,0.00145,0.00057485714,-0.0051024286,-0.0013664286,-0.0019633571,0.0011881429,-0.0018162143,0.0019864286
Azeri_Iran_Ardabil_(n=18),0.091943611,0.086320056,-0.049256056,-0.039083,-0.036639222,-0.0044777222,0.0048306111,-0.0041792222,-0.026224444,-0.010306389,-0.00028872222,-0.0013237778,0.00060294444,-0.00098622222,0.00078422222,0.0046773333,-0.0031510556,0.00095727778,0.002451,-0.0048911667,0.00049211111,-0.0010511111,-0.0019378333,-0.0023764444,0.0020357222
Azeri_Iran_East_Azerbaijan_Bostanabad_(n=1),0.08992,0.074134,-0.04714,-0.029716,-0.031083,-0.005299,0.003525,-0.003,-0.02352,-0.007107,-0.000974,0.001349,0.000149,0.001239,-0.002443,0.01127,-0.001173,-0.00114,0.006662,-0.009379,-0.003993,-0.002968,-0.001479,-0.005904,0.002994
Azeri_Iran_East_Azerbaijan_Hashtrud_(n=1),0.100164,0.101553,-0.048649,-0.034561,-0.030775,-0.010319,0.00987,-0.000692,-0.025975,-0.008201,-0.001786,-0.001199,0.003568,0.003578,0.001629,-0.005834,-0.024382,0.008615,0.005154,-0.008629,-0.004492,-0.003586,0.011709,0.000241,0.000838
Azeri_Iran_East_Azerbaijan_Mianeh_(n=3),0.092196667,0.075487667,-0.046888667,-0.035422333,-0.039289333,-0.0055776667,0.0041516667,-0.0046923333,-0.027201667,-0.010448,-0.0031396667,-0.00039966667,-0.0012386667,-0.0027063333,0.003755,0.0079996667,0.006215,-0.0025336667,0.000461,-0.004419,0.000707,-0.0012366667,-0.003081,-0.0043376667,0.000958
Azeri_Iran_East_Azerbaijan_Tabriz_(n=6),0.089778,0.082173,-0.050439833,-0.032353833,-0.0404175,-0.0048921667,0.0026241667,-0.0017403333,-0.027994167,-0.0069855,-0.0017523333,0.0001935,0.0053081667,0.00072266667,0.0014816667,0.0073311667,0.0021295,0.0013565,0.00042933333,-0.005815,0.0001145,-0.000381,-0.0029321667,-0.0043575,0.0015466667
Azeri_Iran_Hamadan_(n=1),0.091058,0.07718,-0.058831,-0.02261,-0.041854,-0.002789,0.004465,-0.005077,-0.030679,-0.006196,-0.004384,0.000599,0.000892,-0.001101,0.011672,0.012596,-0.002868,-0.005068,0.004274,-0.00963,0.004492,0.003586,-0.002095,0.001446,0.000239
Azeri_Iran_Tehran_(n=9),0.091058444,0.08175,-0.051099556,-0.030765667,-0.036468222,-0.0015686667,0.00282,-0.0032304444,-0.025897556,-0.010592333,-0.000060777778,-0.0017422222,0.0022296667,-0.0040082222,-0.00040711111,0.007574,-0.000032444444,0.00012677778,0.0017911111,-0.0071443333,-0.0033065556,-0.0030451111,-0.0014942222,-0.0012351111,0.0027692222
Azeri_Iran_West_Azerbaijan_Maku_(n=2),0.0921965,0.086828,-0.0460085,-0.033269,-0.0386225,-0.007251,0.00141,-0.0081915,-0.02577,-0.007563,-0.0052775,0.001274,0.0041625,-0.0118355,-0.0020355,0,-0.0059975,-0.0035475,0.004588,0.002501,0.001123,-0.002844,-0.004437,-0.000181,0.003293
Azeri_Iran_West_Azerbaijan_Takab_(n=1),0.091076,0.07641,-0.043952,-0.039581,-0.0355,-0.007262,0.004316,-0.007082,-0.027578,-0.011882,0.002556,0.000065,-0.000863,-0.00341,0.002732,0.000254,-0.005727,0.003671,0.006494,-0.001986,-0.000879,0.00173,-0.004063,-0.00706,-0.00531
Azeri_Iran_Zanjan_(n=5),0.0950422,0.0868274,-0.0529854,-0.0380332,-0.0388532,-0.0086454,0.0049936,-0.0034036,-0.0289402,-0.0106606,0.0004466,0.0006738,0.0010034,0.0006194,0.0007122,0.0054692,0.0008802,-0.0012984,0.0015082,-0.0019382,0.0000622,-0.0040494,-0.000339,-0.0013554,0.0024546
Azeri_Turkey_Igdir_(n=7),0.092359286,0.085884714,-0.045200714,-0.036129857,-0.034863429,-0.0061754286,0.0043307143,-0.003099,-0.026003714,-0.007758,0.00067271429,0.000021285714,-0.00076457143,0.001101,-0.00087242857,-0.0035038571,-0.010374714,0.0028775714,0.0037708571,-0.0052165714,0.0013368571,-0.00045928571,-0.00024642857,-0.0021171429,0.0017618571
Azeri_Turkey_Kars_(n=9),0.096095778,0.082893778,-0.041852111,-0.038126778,-0.031779889,-0.0076921111,0.0049022222,-0.0034357778,-0.028291222,-0.0075084444,-0.0010387778,-0.00028477778,-0.0027485556,-0.0010875556,0.00090411111,0.0030112222,-0.00075477778,0.0016743333,0.0019641111,-0.0023876667,0.00068466667,-0.0021844444,-0.0018908889,-0.0018956667,0.00047155556
Babur-Bura_(n=1),-0.649365,0.068466,0.012269,0.007341,0.002739,0.01209,-0.043959,0.053809,-0.010525,-0.012087,-0.004154,0.006537,-0.029237,0.00304,-0.025014,0.016003,-0.018208,-0.015736,-0.004503,0.005633,0.004472,-0.001594,0.002675,0.001799,0.001915
Baggara_Chad_A_(n=12),-0.24424542,0.10349942,-0.028692583,-0.067318583,-0.0023335833,-0.027726417,-0.026281833,0.011518667,0.061561667,-0.032316583,0.001732,-0.0097413333,0.017653333,0.00047025,0.0082903333,-0.0021105,-0.0058235833,-0.0042545833,-0.00056566667,0.0058880833,0.0020171667,0.0029369167,-0.0009655,0.00178725,-0.0026644167
Baggara_Chad_B_(n=7),-0.43041386,0.080081714,-0.0067342857,-0.030869571,-0.0026817143,-0.012231429,-0.031222714,0.027163857,0.053906571,-0.046756571,-0.0046627143,0.0051595714,-0.002591,-0.000983,0.011245286,-0.0098305714,0.0083817143,-0.0092665714,0.0038428571,-0.0057527143,-0.0015687143,-0.0025965714,0.001074,-0.0034427143,0.00085528571
Baggara_Chad_C_(n=6),-0.49209533,0.0746415,0.0019485,-0.024171167,0.004052,-0.011945667,-0.038541833,0.029691167,0.062447833,-0.057586667,-0.0106905,0.0094415,-0.010381333,-0.0041743333,0.013300667,-0.016330667,0.013820333,-0.017335333,-0.000335,-0.0067115,-0.0009985,-0.0077695,0.0024033333,-0.0001405,0.005588
Baggara_Messiria_Sudan_(n=3),-0.50423633,0.070071333,-0.001257,-0.026916667,-0.0041033333,-0.005113,-0.024911,0.019768333,0.073697,-0.076843,-0.018404,0.015986,-0.022348333,-0.00055066667,0.0099076667,-0.016618,0.015472333,-0.012838,0.015126,-0.014923667,0.0017466667,0.0039983333,-0.003985,0.000562,0.0012373333
Baggara_Messiria_Sudan_o1_(n=1),-0.548627,0.05687,0.004525,-0.012597,-0.002462,-0.005578,-0.011751,0.010846,0.078537,-0.090571,-0.016888,0.01139,-0.028692,-0.010322,0.006107,-0.002917,0.031031,-0.016596,0.017598,-0.019509,-0.000499,-0.005193,0.001972,0.002169,0.003952
Baggara_Messiria_Sudan_o2_(n=1),-0.496269,0.073118,-0.001131,-0.017442,-0.000923,-0.011156,-0.021151,0.024461,0.049086,-0.061414,-0.012017,0.009292,-0.013231,-0.001651,0.004614,-0.006895,0.012126,-0.008488,0.010182,0.002376,0.000125,0.007048,-0.006409,-0.000602,0.002036
Baggara_Sudan_(n=17),-0.36590771,0.086200529,-0.017258765,-0.045144,-0.0021724118,-0.019177706,-0.025049235,0.017198471,0.068623765,-0.057061294,-0.0066196471,0.0042227647,-0.0020461765,-0.00056682353,0.010003471,-0.0059821176,0.0060284118,-0.0097402353,0.007601,-0.0032440588,0.0019378824,0.0017748824,-0.0024867647,0.00017729412,-0.00083811765
Baggara_Sudan_o1_(n=4),-0.478057,0.07413375,-0.0032995,-0.02527475,-0.001231,-0.01352625,-0.02872975,0.024345,0.0760315,-0.07052525,-0.012098,0.01427475,-0.01676125,-1.36e-20,0.0073965,-0.01143575,0.01512475,-0.01190875,0.0110615,-0.00712825,-0.00021825,0.002009,0.00126325,-0.000211,0.003772
Baggara_Sudan_o2_(n=2),-0.5497655,0.064486,0.0001885,-0.015827,0.001077,-0.0079485,-0.0331365,0.0314985,0.078128,-0.0830995,-0.0185125,0.022555,-0.033746,-0.000757,0.0143865,-0.0151815,0.019101,-0.01856,0.0139525,-0.0149445,-0.00287,0.0030295,-0.0043135,0.000783,0.0029935
Bagheli_Chaurasia_(n=10),0.0514481,-0.0659079,-0.1501695,0.1140523,-0.0699821,0.0634753,0.0000705,0.0092765,0.0379801,0.0222144,-0.0035886,-0.0004197,-0.0000743,0.0018716,0.0001765,-0.0034209,-0.0010823,8.67e-20,-0.0034567,-0.0005502,0.0012977,0.0013973,-0.0003697,-0.0000121,-0.0037003
Bagheli_Ghasiya_Uttar_Pradesh_(n=3),0.031491333,-0.12017067,-0.16455033,0.118865,-0.054574333,0.062843333,-0.00188,0.017153,0.059380333,0.036022,0.00249,0.0015483333,-0.002874,0.0081656667,-0.013391,-0.017811333,0.0023033333,0.00076033333,0.0034356667,0.0051276667,0.0023293333,0.0047813333,-0.0037796667,0.0073506667,-0.0024346667
Bagheli_Ghasiya_Uttar_Pradesh_o_(n=1),0.002276,-0.227479,-0.165556,0.11079,-0.008617,0.059683,-0.00611,0.010384,0.070765,0.05212,0.020461,0.003897,-0.004162,0.016239,-0.019951,-0.026253,0.004303,-0.003801,-0.005656,0.032641,-0.00025,0.015209,-0.002588,0.013857,0.006107
Bagvalal_(n=16),0.11218688,0.11005806,-0.027082,0.0038961875,-0.041603875,0.010336375,0.0075349375,-0.00488925,-0.058378875,-0.037495125,-0.002649,0.006107,-0.013351688,-0.00824025,0.014912313,-0.0047565625,-0.00160525,-0.0009341875,-0.0072354375,0.0020164375,-0.000421125,0.0008733125,0.001632875,0.009413875,-0.001002875
Bai_(n=15),0.021095133,-0.43864107,-0.0059333333,-0.0574294,0.058759667,0.023742933,0.0046531333,0.0019075333,-0.0077036667,0.0031342667,-0.060819867,-0.0089220667,0.0093161333,-0.0073581333,-0.0088399333,-0.0018385333,0.0048067333,-0.0022213333,-0.0076089333,-0.0052024667,0.0055902,0.0155556,0.0120782,0.001486,0.022448867
Bai_Guizhou_Bijie_(n=50),0.01960028,-0.44648764,-0.01254312,-0.06288164,0.07731278,0.0337681,0.00307384,-0.00236762,-0.01263958,0.0001895,-0.04527396,-0.00752332,0.00616346,-0.00553518,-0.00695432,0.0006471,0.00357778,-0.00069924,-0.00713206,-0.00788874,0.01021446,0.0138342,0.01283754,0.00132306,0.01667862
Baiga_Madhya_Pradesh_(n=3),0.0049323333,-0.22341633,-0.170207,0.10616,-0.005642,0.064888667,-0.0052483333,0.010845667,0.079423333,0.044648,0.022193333,0.0051953333,-0.0014863333,0.011835667,-0.021896,-0.027313333,0.009257,-0.0052363333,-0.0054466667,0.021093333,0.0014556667,0.019454667,-0.0048886667,0.007511,0.0030736667
Baima_(n=1),0.02171,-0.440629,0.007063,-0.052879,0.039759,0.006874,0.007015,0.003486,-0.005541,0.007024,-0.071874,-0.008371,0.008681,-0.002574,-0.004384,-0.001043,0.000457,0.003126,-0.002664,-0.004302,0.005935,0.003367,0.004278,-0.001321,-0.00411
Baining_(n=38),-0.038729816,-0.23768724,-0.22615326,0.250547,0.16824192,-0.38072976,0.0019356579,0.0056838947,-0.022524579,-0.0030978947,-0.0016708421,-0.0017747368,0.0035600789,-0.0032378421,-0.0017963947,-0.0012980789,0.0029336842,-0.0010500526,-0.00065168421,0.0013920263,-0.0031030526,-0.0019003421,-0.0027601579,-0.0031898684,-0.0051838158
Bajo_(n=2),0.004553,-0.395549,-0.088812,-0.005491,0.143411,-0.0023705,-0.0043475,-0.010384,-0.0177935,-0.017859,0.0561865,0.006519,-0.006095,-0.0019265,0.005836,0.0050385,-0.000652,0.0031035,0.0043995,-0.0040645,-0.008423,-0.015271,-0.0041905,-0.002892,-0.025626
Bajo_o_(n=1),-0.001138,-0.365591,-0.112382,0.049742,0.151105,-0.090918,0.002115,-0.007615,-0.015953,-0.019135,0.038324,0.005395,-0.002379,-0.00523,0.005022,0.002121,0.002347,0.00038,0.002891,-0.002251,0.002121,-0.011871,-0.005053,-0.003133,-0.027542
Baka_(n=3),-0.64196233,0.064655,0.021495667,0.030362,0.0036926667,0.007623,0.15753533,-0.11884133,-0.020248,0.031648333,0.0093643333,-0.11374867,-0.037809,-0.0023396667,0.002262,-0.003801,0.0011733333,-0.020565667,0.0045673333,-0.0010836667,0.002662,-0.0010303333,0.0027936667,0.0011243333,-0.000878
Bakoko_(n=1),-0.622612,0.061947,0.030924,0.017119,0.007078,0.010877,-0.027261,0.032306,-0.040496,0.015855,-0.001786,0.005695,0.003271,-0.001927,0.004072,-0.001989,0.002999,-0.004941,0.004399,-0.000125,-0.002745,0.004946,0.002588,0.001687,-0.000838
Bakola_(n=2),-0.6413935,0.060424,0.026587,0.0308465,0.001231,0.0041835,0.157692,-0.1221875,-0.015339,0.032256,0.0061705,-0.0892455,-0.02884,-0.0017205,0.0046825,-0.002917,0.0011085,0.0026605,0.0005025,0.0015635,-0.0008735,-0.003957,-0.001479,0.0012655,-0.0014365
Balinese_(n=20),0.00973185,-0.39382225,-0.0832117,-0.0302651,0.14070325,0.0586508,-0.0049585,-0.01083415,-0.01003185,-0.01884315,0.08149465,0.00759815,-0.0084513,0.00288325,0.005992,0.0021016,-0.0009713,-0.00045625,0.00262075,0.00700335,-0.0124717,0.00017935,-0.0103282,0.00080125,0.01152575
Balkar_(n=34),0.10846662,0.084288941,-0.024801235,-0.0200355,-0.033218853,-0.0015339118,0.009981,-0.00099776471,-0.053025794,-0.024666235,-0.0037205882,0.0091859412,-0.018189029,0.00079729412,0.0060355294,-0.018679588,0.0055566176,-0.0047805294,-0.0098747059,0.016427,0.0072335588,0.0023058235,0.00039876471,-0.0052522353,-0.0017645882
Balochi_Iran_(n=5),0.0565118,0.067028,-0.0958334,0.0184884,-0.067659,0.0217452,0.0020764,-0.000719,-0.0252664,-0.0201502,-0.0028708,-0.0032062,0.006716,-0.010211,0.011867,0.0303638,-0.004875,0.0047478,0.0066138,-0.0235912,-0.0008568,-0.0135298,0.0009952,-0.0147252,0.0081816
Balochi_Pakistan_(n=17),0.070302412,0.050179176,-0.10235482,0.032832,-0.074004706,0.032285647,0.0054879412,0.0019139412,-0.023171294,-0.020549824,-0.0040692941,-0.0019481765,0.0036115882,-0.0088967647,0.017507824,0.029637647,-0.011351118,0.0036292941,0.0073791765,-0.028153118,-0.000991,-0.018409647,0.00061623529,-0.018974941,0.015349
Balochi_Pakistan_(Siddi-Mixed)_(n=3),-0.011002667,0.057546667,-0.087115,0.019272333,-0.060216333,0.023148,0.0014883333,0.0014613333,-0.019702333,-0.014275333,-0.00010833333,-0.0028973333,0.001982,-0.0046333333,0.009048,0.026385333,-0.010039667,0.0065876667,0.006285,-0.018592,-0.0032856667,-0.010840333,-0.0030403333,-0.012491667,0.0085423333
Balti_(n=17),0.060862,-0.10376312,-0.079882941,0.049552,-0.056082882,0.034828588,0.0029167647,0.0030812941,-0.0036211176,-0.0025082353,-0.024530176,-0.0019042941,0.0023960588,-0.009067,0.0045825294,0.0068400588,-0.0011122353,0.00015641176,-0.00099082353,-0.0058042353,-0.0027304118,0.0035204706,0.0030593529,-0.0012475294,0.0084387059
Balti_o_(n=1),0.064879,-0.032497,-0.115776,0.078166,-0.078476,0.050758,-0.001645,0.002077,0,-0.008747,-0.005034,-0.002698,-0.000743,-0.013762,0.002307,0.006762,0.011604,0.000887,-0.001131,-0.007253,0.00287,-0.001731,-0.002218,-0.005543,0.003233
Bamar_(n=117),0.018610504,-0.36677105,-0.050553521,-0.014410769,0.047837915,0.036997154,0.0017655128,0.0019604957,0.0071320769,0.0073470513,-0.022802385,-0.0030844359,0.0030418462,0.00019878632,-0.0066097179,-0.0031651453,0.0045857009,-0.002381094,-0.006195735,0.0071113162,-0.002510547,0.020484043,0.0033318889,0.0037589915,0.033241299
Bamar_o1_(n=5),0.0357404,-0.2439302,-0.0776868,0.0273904,0.007078,0.0433396,-0.000893,0.0051692,0.0114942,0.005795,-0.0128612,-0.0012888,0.000238,-0.001101,-0.0023888,0.000159,-0.000704,-0.0017484,-0.0025138,0.001901,-0.0017966,0.0137994,0.0058912,0.0037352,0.020046
Bamar_o2_(n=5),0.0216264,-0.3184698,-0.076103,0.0110466,0.0273896,0.0443436,0.00188,0.0037384,0.0160756,0.0112988,-0.0158164,-0.0002696,-0.0005948,-0.001211,-0.0079262,-0.0022542,0.0059716,-0.0009628,-0.0025642,0.008054,-0.0023958,0.0180782,0.0069512,0.00147,0.0221536
Bamar_o3_(n=2),0.0176425,-0.415859,-0.028661,-0.04199,0.060165,0.025937,0.0027025,-0.0001155,-0.0036815,0.006925,-0.0466865,-0.0082425,0.0060205,0.000069,-0.006718,-0.0036465,0.0076925,-0.0012035,-0.001697,0.001876,0.0037435,0.024236,0.005423,0.001024,0.0351465
Bambara_Mali_(n=60),-0.61502418,0.0636398,0.020037617,0.012656217,0.00034368333,0.0103655,-0.042454733,0.0430867,-0.037298367,0.02774245,0.0043628333,-0.000042483333,0.020277267,-0.00011923333,0.01314905,-0.0094204833,0.0095919333,-0.00027663333,0.0013051333,-0.0013818667,0.00037638333,-0.00037506667,0.000057466667,-0.0001727,-0.00038923333
Bangwa_(n=2),-0.625458,0.060424,0.0207415,0.0198645,0.0029235,0.0103185,-0.0267915,0.036345,-0.03661,0.022324,0.005034,-0.006669,0.0019325,-0.0000685,-0.0055645,0.002254,-0.008279,-0.0096285,-0.0021995,-0.004127,-0.003556,0.0033385,-0.001541,-0.001386,-0.003353
Banjara_(Lambada)_Telangana_(n=5),0.041204,-0.0846952,-0.1620862,0.113697,-0.0714594,0.0634756,-0.001974,0.0146762,0.0474086,0.0281006,-0.0019812,0.0014686,0.0005946,0.0058352,-0.001113,-0.005675,0.000652,-0.0002788,0.000352,0.004327,0.0050908,-0.0002224,-0.0025634,0.0020726,-0.0070172
Banjara_(Lambada/Sugali)_Andhra_Pradesh_(n=4),0.02561025,-0.1183095,-0.18450625,0.131785,-0.07586025,0.0654695,-0.00370125,0.0129225,0.06831075,0.04801925,-0.00308525,0.00056225,-0.00219275,0.003406,-0.0148275,-0.00659625,0.01049575,0.00053825,-0.00292225,0.0055965,0.0030885,0.006059,-0.00030825,0.00322325,-0.002784
Bari_(n=4),-0.5859045,0.0528075,0.00405425,-0.0056525,-0.00200025,-0.00237025,0.006874,0.005019,0.075367,-0.0960385,-0.01737575,0.0251025,-0.04073325,-0.000929,0.004309,-0.0153475,0.01786275,-0.01108525,0.01901175,-0.01913425,0.0003745,0.00707925,-0.005269,-0.00298225,0.00272425
Bashkir_(n=13),0.091146,-0.10139692,0.065996077,0.032598154,-0.034988769,-0.0027031538,0.0084060769,0.010721308,-0.0064975385,-0.018686231,0.0032977692,-0.0053836154,0.010234769,-0.019627231,-0.0077464615,-0.0032125385,-0.0014643077,-0.0011402308,-0.0041673846,-0.0040596923,-0.0068917692,0.0021020769,-0.0041810769,0.0014273846,-0.00056192308
Bashkir_Arkhangelsk_(n=7),0.099514,-0.055273857,0.068097286,0.039129143,-0.024224286,0.003267,0.012422143,0.012329143,-0.0070124286,-0.022649429,0.0083281429,-0.0059518571,0.014590143,-0.021705,-0.0095004286,-0.0056635714,-0.0037067143,-0.0028052857,-0.0049024286,-0.0043951429,-0.002264,0.0036035714,-0.004895,-0.0024788571,-0.0012145714
Bashkir_Baimaksky_(n=8),0.088212875,-0.11983237,0.060292125,0.03221925,-0.0396995,-0.005194375,0.006403875,0.010932125,-0.007542,-0.021617875,0.002212625,-0.00318475,0.0084365,-0.021744375,-0.002001625,-0.0016905,-0.00381375,-0.00123525,-0.0019955,-0.000750375,-0.01266525,0.001746625,-0.00118625,0.00174725,-0.00209575
Bashkir_Davlekanovo_(n=2),0.10301,-0.0548385,0.067316,0.0369835,-0.019234,0.0006975,0.012338,0.0095765,-0.002761,-0.020046,0.010555,-0.0083925,0.007284,-0.017134,-0.005768,0.0052375,0.009714,-0.002787,-0.001257,-0.001501,0.0003745,0.0022875,-0.011339,0.00241,-0.00006
Bashkir_Ianaul_(n=8),0.1064245,-0.01459825,0.067268875,0.047359875,-0.013771875,0.006309875,0.009841,0.014307125,-0.00616125,-0.024351375,0.011651375,-0.00577,0.0123575,-0.012713,-0.011349625,-0.00372925,0.000277,-0.001266875,-0.005766375,-0.00225125,-0.003540625,-0.00078825,-0.002911625,0.002199,0.001916
Bashkir_Ilishevsky_(n=6),0.10680383,-0.013879,0.062036333,0.040967167,-0.018875167,0.0058101667,0.0084993333,0.012884167,-0.0056586667,-0.021018,0.0090395,-0.0051205,0.012413167,-0.010115167,-0.011197,-0.0075135,-0.0014775,-0.0032728333,-0.004211,-0.0025845,-0.0002705,0.00016483333,-0.0041698333,0.0022491667,-0.0023751667
Bashkir_Ishimbai_(n=4),0.0890665,-0.0959675,0.063922,0.02882775,-0.02877425,-0.00313775,0.01233825,0.010788,-0.0098685,-0.019727,0.0052775,-0.0029975,0.0091055,-0.01723725,-0.00651475,-0.0005305,0.003553,0.00177375,-0.005625,-0.00137575,-0.01073125,0.00204025,-0.00246475,-0.00003025,-0.002335
Bashkir_Karaidelsky_(n=4),0.10272525,-0.03960575,0.07146475,0.04626975,-0.01646425,0.003068,0.009694,0.01598025,-0.005778,-0.0226885,0.00405975,-0.008018,0.0147915,-0.01266125,-0.01207925,-0.005204,0.00296625,-0.0027555,-0.0075105,-0.00393925,-0.00418,0.00182375,-0.0108765,0.002681,-0.0048795
Bashkir_Kugarchinsky_(n=7),0.089920286,-0.11272357,0.066319429,0.029208429,-0.041326286,-0.0047808571,0.010105286,0.011340143,-0.0092328571,-0.017755143,0.0047555714,-0.0023978571,0.010958429,-0.019129571,-0.0032184286,-0.0069517143,-0.0072268571,-0.0010497143,-0.0040042857,-0.0018938571,-0.0082177143,0.0013777143,-0.0020777143,0.0012738571,-0.0042594286
Bashkir_Miyakinsky_(n=6),0.095421833,-0.0495915,0.062790667,0.036875833,-0.022670833,0.0010691667,0.0087738333,0.011614833,-0.0082831667,-0.022263167,0.004168,-0.0065691667,0.0122645,-0.014450333,-0.0088445,-0.001171,0.0011735,-0.0013091667,-0.0049653333,-0.002647,-0.0035146667,0.0016486667,-0.0036563333,0.0004015,-0.00017966667
Basque_France_(n=23),0.12970887,0.15126965,0.054485696,0.011305,0.056157565,0.0012367826,-0.0011341304,0.0026787391,0.028953565,0.041129913,-0.0080276087,0.011370261,-0.021859565,-0.015276087,0.013902435,-0.00083017391,-0.0098355652,0.0028972609,0.00040447826,-0.004996913,0.0089353043,0.0036021304,-0.0079628696,-0.008047087,0.0011089565
Basque_France_Labourd_(n=11),0.13172436,0.15159073,0.059070727,0.011980364,0.057688909,0.00081136364,-0.002927,0.0038809091,0.033634818,0.041980727,-0.0052258182,0.010981091,-0.022583,-0.017090273,0.016570091,0.0012776364,-0.0082141818,0.00074854545,-0.00036572727,-0.0076286364,0.0084055455,-0.0010341818,-0.0088738182,-0.0080624545,0.0034400909
Basque_France_Lower_Navarre_(n=11),0.12965473,0.14826718,0.055539636,0.011040727,0.055030909,0.0014451818,-0.0011536364,0.0010908182,0.030399727,0.044250091,-0.005034,0.011716818,-0.022758545,-0.016026636,0.017224091,-0.000096454545,-0.0076688182,0.0026373636,-0.002434,-0.0018646364,0.0064885455,0.0024506364,-0.0078540909,-0.0095960909,0.002863
Basque_France_Soule_(n=11),0.13172427,0.15482191,0.054648182,0.0068123636,0.058528455,0.00091281818,-0.0019013636,0.0012166364,0.030994545,0.043239636,-0.0059936364,0.011989455,-0.022744909,-0.016727455,0.012461455,-0.0010968182,-0.0097313636,0.00096745455,-0.0004,-0.0032401818,0.0092336364,0.0020908182,-0.0076526364,-0.0095192727,0.0025909091
Basque_Spain_(n=25),0.12547856,0.1489578,0.05441092,0.00854012,0.05412692,0.00059132,-0.0006298,0.00081216,0.02897684,0.0417466,-0.00528736,0.01038276,-0.0249632,-0.0186396,0.0152658,0.0019464,-0.00584644,0.00297968,-0.00213696,-0.00316148,0.00836528,0.00164704,-0.00701032,-0.00850236,0.00085736
Basque_Spain_Alava_(n=12),0.12704725,0.14866108,0.0584445,0.015498167,0.053264917,0.0042426667,-0.0021749167,0.00417175,0.025317417,0.03787975,-0.0066195833,0.0094199167,-0.021242167,-0.014788917,0.01589975,-0.001403,-0.0076823333,0.00036008333,-0.000087666667,-0.003917,0.0085574167,0.0019551667,-0.00509425,-0.0059321667,-0.000185
Basque_Spain_Biscay_(n=11),0.13017218,0.15029845,0.057116727,0.010717727,0.056457818,0.0059580909,-0.00089727273,0.00094409091,0.026755455,0.041980636,-0.0075289091,0.014700545,-0.024637091,-0.017428,0.015743455,0.00081972727,-0.0047056364,0.0027870909,0.00030845455,-0.0022169091,0.010050273,0.001675,-0.0068121818,-0.0088071818,-0.00021772727
Basque_Spain_Gipuzkoa_Central_(n=11),0.13099991,0.14845191,0.053894091,0.011187545,0.055199,0.0012676364,-0.003995,0.00054536364,0.029767545,0.041566364,-0.0054622727,0.012602364,-0.020636727,-0.017740636,0.015953273,0.0058460909,-0.0030225455,0.0014050909,-0.00068554545,-0.0051502727,0.005615,-0.001259,-0.010408909,-0.010362727,0.0014042727
Basque_Spain_Gipuzkoa_Southwest_(n=11),0.131207,0.14937509,0.057939364,0.012274,0.05657,0.0019014545,-0.0023713636,0.00067118182,0.026885545,0.042278818,-0.0058606364,0.010041091,-0.022353091,-0.019517455,0.015299364,0.0049661818,-0.0026907273,0.0025337273,-0.0018053636,-0.001171,0.010243273,0.0023606364,-0.010465,-0.0099685455,0.0019158182
Basque_Spain_Gipuzkoa_Tolosa_(n=10),0.1314657,0.1503998,0.0570585,0.0080104,0.0567491,-0.0006136,-0.0028436,0.0007384,0.0301468,0.0444293,-0.0045955,0.0115697,-0.0215261,-0.0191159,0.016965,0.0038052,-0.0052546,0.0034713,-0.0014203,-0.0002377,0.0083354,0.0029924,-0.0070622,-0.0087841,0.001916
Basque_Spain_Navarre_(n=1),0.125205,0.147252,0.046009,0.005814,0.051702,0.001952,-0.002585,0,0.029247,0.044648,-0.011042,0.012439,-0.020664,-0.016928,0.012758,-0.006364,-0.016428,0.006334,0.003771,-0.008754,0.001123,-0.000495,-0.002218,-0.004579,0.005868
Basque_Spain_Navarre_Central-West_(n=11),0.12727482,0.14854427,0.053242636,0.0056084545,0.051617818,0.00053254545,-0.0035251818,-0.0014894545,0.027815182,0.041831545,-0.0034398182,0.0098774545,-0.021096364,-0.018804273,0.014818182,0.00097636364,-0.0041724545,0.0023034545,-0.004948,-0.00050018182,0.0070785455,0.00039336364,-0.0062743636,-0.0079746364,0.000021727273
Basque_Spain_Navarre_Northwest_(n=11),0.12955136,0.14974436,0.056465455,0.010541545,0.057577091,0.00060845455,-0.00061954545,0.0020768182,0.030213636,0.044830091,-0.0060673636,0.012084818,-0.024326273,-0.019242091,0.014151727,0.0025795455,-0.0034966364,0.0037661818,-0.002057,-0.00274,0.010050455,0.002192,-0.0093444545,-0.010921455,0.0025473636
Basque_Spain_Navarre_Roncal_(n=11),0.13110355,0.14882109,0.054956636,0.012215273,0.054555545,0.0015972727,-0.00141,0.00094409091,0.033634727,0.040390273,-0.006835,0.010122727,-0.020474727,-0.016952455,0.015805182,0.00079554545,-0.003864,0.0037201818,0.00021690909,-0.0012505455,0.0084622727,0.0013375455,-0.0054899091,-0.0087085455,0.0014369091
Basque-Argentine_(n=6),0.1289055,0.1520205,0.056743667,0.010188333,0.052366667,0.002555,-0.0048086667,0.0015305,0.025426167,0.036455833,-0.005003,0.009449,-0.0186755,-0.0130025,0.011622333,-0.0029488333,-0.0045721667,-0.000923,-0.0035603333,-0.0014826667,0.0028133333,-0.0019321667,-0.0013013333,-0.0019691667,0.00073666667
Basque-Cuban_(n=1),0.13116,0.155037,0.061269,0.011962,0.054762,0.004084,-0.005762,0.001991,0.025405,0.040955,-0.00439,0.011377,-0.022299,-0.018167,0.014978,-0.00296,-0.006492,-0.001072,-0.004592,-0.002534,0.002185,-0.001659,-0.00154,-0.002786,0.000301
Baster_(n=30),-0.16018703,0.059069867,0.012884867,0.030598867,0.021942533,0.011806367,0.067972967,-0.048005733,0.018345767,0.0027942333,0.0016509667,-0.0134031,-0.0122844,-0.00090826667,0.0126401,-0.0064305,0.0073319,0.076680367,-0.022009667,0.0014423333,-0.0071831333,-0.0010469,0.0011462,0.0036067667,-0.0016325
Batak_Palawan_(n=2),-0.0068295,-0.356451,-0.097486,0.01615,0.1161755,0.0004185,-0.0024675,-0.0141915,-0.0052155,-0.0073805,0.0518835,0.0084675,-0.006169,0.0029585,0.0055645,0.0041765,0.0044985,0.004244,0.0072905,-0.0024385,-0.0037435,-0.0212685,-0.0138655,-0.0081335,-0.049277
Batak_Toba_(n=34),0.013457941,-0.37903138,-0.077675765,-0.0244435,0.11818497,0.060035265,-0.0032969118,-0.010391059,-0.0083975588,-0.013796382,0.062223412,0.0054172647,-0.0078177353,0.0017607059,0.0066342941,0.0038802059,-0.00059826471,0.0013488824,0.0028430294,0.0013829706,-0.0059343824,-0.011303265,-0.010378206,-0.0026012353,-0.020216471
Batek_(n=45),-0.014822356,-0.30319198,-0.10610491,0.035652022,0.083871933,0.026426422,-0.0069718444,-0.0074920444,0.025442844,0.0029886667,0.051242533,0.0051587556,-0.0060455333,0.011297311,0.00047348889,-0.0085211111,-0.0019123556,-0.0021058667,0.0012234889,0.018631222,-0.0082188889,0.0093453778,-0.012396,0.0059444444,0.021980689
Batek_o1_(n=3),-0.005691,-0.343926,-0.096542667,0.0050603333,0.108123,0.049642333,-0.0080686667,-0.015691667,0.0096126667,-0.0076536667,0.068636333,0.0040966667,-0.0063923333,0.007248,0.002714,-0.000619,0.0040416667,-0.0015626667,0.0028493333,0.021385333,-0.012686,0.0057703333,-0.01442,0.005583,0.029658
Batek_o2_(n=3),0.0041736667,-0.33512467,-0.086109333,-0.001292,0.089760333,0.048155,-0.00329,-0.0089996667,0.0045676667,-0.012088333,0.040110333,0.0061943333,-0.0045093333,0.0022936667,0.0033023333,-0.002917,-0.0023903333,0.00063333333,0.00046066667,0.0086293333,-0.003993,0.00082466667,-0.0048476667,0.0031733333,0.002874
Batek_o3_(n=2),-0.0085365,-0.371176,-0.062791,-0.0117895,0.08894,0.0317935,-0.00658,-0.0098075,0.0099195,-0.004556,0.0096625,-0.0008245,0.002973,0.004404,0.004139,-0.010342,-0.0155155,-0.00038,0.004902,0.0004375,0.002246,0.0055025,-0.0010475,-0.001747,0.008023
Bathudi_(n=7),0.0092687143,-0.22747857,-0.16598714,0.10105314,-0.00043957143,0.064742286,-0.0065465714,0.011043286,0.067843571,0.042226571,0.025796429,0.002355,-0.0014227143,0.013015286,-0.016558143,-0.017596429,0.0095552857,-0.0032397143,-0.0058178571,0.026209,-0.0016041429,0.014290571,-0.006004,0.0090888571,0.0075954286
Bavarian_Italy_Alto_Adige_(n=6),0.12858305,0.13940033,0.042673162,0.016359815,0.032897768,0.0068948103,0.004424033,0.0040513183,0.0023734383,0.010278333,-0.0025781699,0.0052921724,-0.011119877,-0.0042247297,0.0036602729,0.00021986886,-0.0000013137403,0.0014411389,0.0037237264,-0.001022937,-0.00017844315,0.0018494588,0.0011481914,0.0078213374,-0.0011955891
Bavarian_Italy_Friuli_Sappada_(n=27),0.12807215,0.14243741,0.03973737,0.010922185,0.036405481,0.0061975556,0.0045782222,0.0043417037,0.0052872593,0.016164926,-0.0047333333,0.0057948148,-0.0094152963,-0.0020183704,0.0021966296,0.0025683333,0.0025401852,0.0015296296,0.0071228889,-0.0015933333,-0.0022876296,0.0019875926,0.0018943704,0.0072967778,0.00061648148
Bavarian_Italy_Friuli_Sauris_(n=11),0.12789573,0.14438991,0.037849091,0.0029950909,0.035027364,0.0024846364,0.0043582727,0.0069019091,0.0092036364,0.016682909,-0.0043106364,0.0084741818,-0.010676455,0.0019267273,-0.0020975455,-0.0032062727,-0.0029276364,0.000069090909,0.0075533636,-0.0018758182,-0.0041177273,0.0053395455,-0.00099718182,0.0031109091,-0.0044741818
Bavarian_Italy_Friuli_Timau_(n=31),0.12579281,0.14400865,0.038149968,0.0081375161,0.033842419,0.0019701935,0.0057993226,0.0053447097,0.0066437097,0.014279097,-0.0041487097,0.0055256774,-0.0091499355,-0.0010565806,-0.0019482258,-0.003413129,-0.0029946129,0.0010911935,0.003118129,-0.0031829355,-0.0037191613,0.0034622903,0.0034429677,0.003373871,-0.0010313226
Bavarian_Italy_Veneto_Lessinia_(Cimbrian)_(n=36),0.12703917,0.14527708,0.038707306,0.0042438611,0.036365667,0.00099155556,0.0016711389,0.00376275,0.0088853889,0.019266444,-0.0020028611,0.0041629444,-0.0089402778,-0.0028939167,0.0026615556,-0.00072927778,-0.0026801667,-0.00014783333,0.00239525,-0.0015250278,-0.00059269444,0.0026413611,-0.00087988889,0.0046089722,0.00028938889
Beary_Mangalore_(n=6),0.029404333,-0.065163,-0.14801983,0.096038833,-0.067089167,0.05364,-0.00086166667,0.011114833,0.037496,0.021959333,-0.0007035,-0.00037466667,-0.000644,0.002982,-0.0040265,-0.0047953333,0.004672,0.0017946667,-0.00073316667,0.00047933333,0.0026203333,-0.00059766667,0.00020516667,0.0035945,-0.0040715
Bedik_(n=25),-0.61191304,0.06336904,0.01935388,0.01409572,0.0010464,0.00881288,-0.0349038,0.03763236,-0.03130028,0.02481336,0.00324776,-0.00074332,0.01703656,-0.00154132,0.01293152,-0.00962596,0.01025336,-0.00125676,-0.00356984,-0.00027512,-0.00199152,-0.00385296,0.0010106,-0.00207728,0.00148488
Bedouin_Algeria_(n=6),-0.04112105,0.13444895,-0.017538833,-0.081962333,0.016223167,-0.037681217,-0.020700283,0.003304,0.059498217,0.019620717,0.011598333,-0.010318667,0.03294945,-0.011451667,0.013522117,-0.000063666667,-0.0029627167,-0.011682,-0.030625217,0.01510755,-0.0071352833,-0.022627883,0.015128333,-0.0019257167,0.0029451667
Bedouin_Jordan_(n=4),0.03696175,0.1361285,-0.06300425,-0.1107445,-0.01021025,-0.04661725,-0.0134035,-0.0084095,0.053432,-0.00598025,0.01455975,-0.028454,0.05876025,0.0055725,0.00594975,0.02483925,-0.01801475,0.003228,-0.0022675,0.02358,0.01027975,0.01445975,-0.00497275,0.00562025,-0.00630725
Bedouin_Jordan_(African-Mixed)_(n=4),0.0281715,0.13227275,-0.05138275,-0.09035925,-0.017234,-0.03507075,-0.0139245,-0.0012115,0.0275085,-0.00145775,0.01031175,-0.01528625,0.03809425,0.00206425,0.000475,0.017601,-0.01281025,0.00357875,-0.00047125,0.0123185,-0.00090475,0.00540975,-0.00443675,0.00334375,-0.0030535
Bedouin_Libya_(n=6),-0.033541413,0.1321513,-0.030707945,-0.084845852,0.0089530333,-0.035816745,-0.017388592,0.0022162633,0.057183437,0.0084613717,0.009819815,-0.012504788,0.033611953,-0.0037747817,0.0088786267,0.0020109683,-0.0066334967,-0.0089970183,-0.019113087,0.012276057,-0.00043038167,-0.011144447,0.00741234,0.00086487167,-0.00035565333
Bedouin_Negev_(n=18),0.041925,0.14392322,-0.059815611,-0.11698083,-0.0093178889,-0.048062167,-0.014100833,-0.0087432222,0.05154,-0.0052038333,0.015868889,-0.030572889,0.062949556,0.004855,0.0043958889,0.028852889,-0.019970556,0.00366,-0.0040153333,0.029,0.010966833,0.015229944,-0.0039165556,0.0071025,-0.0083092222
Bedouin_Negev_(African-Mixed)_(n=9),0.028582333,0.13359867,-0.047601,-0.082759778,-0.013882889,-0.032351333,-0.010706111,-0.0046407778,0.023452222,-0.0016197778,0.0081734444,-0.010723667,0.024743889,0.00047411111,0.0015682222,0.0070566667,-0.0027381111,-0.0022382222,-0.0034078889,0.008254,0.00020811111,0.002528,0.00019155556,0.0017672222,-0.0015966667
Bedouin_Negev_(African-Mixed)_o_(n=1),-0.011382,0.13405,-0.058831,-0.098838,-0.006463,-0.041276,-0.020916,-0.008077,0.050926,-0.016219,0.012342,-0.027725,0.059018,0.005367,0.003393,0.028374,-0.019688,0.000127,0.002263,0.02151,0.011105,0.013478,-0.013434,0.01217,-0.006227
Bedouin_Saudi_Arabia_(n=1),0.063406,0.143767,-0.066573,-0.118784,-0.010555,-0.049586,-0.012365,-0.009846,0.047717,-0.003108,0.01635,-0.031128,0.063251,0.007164,0.002993,0.030591,-0.021742,0.004457,-0.00071,0.025604,0.011217,0.017773,-0.006565,0.006481,-0.007612
Bedouin_Sinai_(n=3),0.0014650667,0.13194647,-0.041838967,-0.084473933,-0.0006415,-0.032338867,-0.011248467,0.0011599667,0.033946,-0.0016817333,0.0097385,-0.0085106667,0.0276988,0.0021488667,0.0027204667,0.0073268667,-0.0112733,0.0071310667,-0.014383133,0.0051576,0.001838,0.0075238667,0.0027536,0.0037347333,0.0000893
Bedouin_Sudan_Rashaida_(n=20),0.0459276,0.14095555,-0.06646745,-0.12048,-0.01160205,-0.0535749,-0.01334885,-0.0113073,0.0607845,-0.0034352,0.01867465,-0.0346567,0.07068815,0.00549105,0.00452625,0.02838085,-0.02471425,0.00210945,-0.0015461,0.0332409,0.0150048,0.0191847,-0.0071298,0.00742855,-0.0108911
Bedouin_Syria_(n=14),0.0394315,0.12483771,-0.055328929,-0.074013143,-0.018069214,-0.026295286,-0.006278,-0.0039558571,0.013615429,-0.0048682857,0.0078642143,-0.011250643,0.023966143,0.00094378571,0.0015705714,0.014139714,-0.0093970714,0.0013393571,0.0029001429,0.0089595,0.0020855,0.0053436429,-0.0034420714,0.0023496429,-0.0024892143
Bedouin_Syria_(African-Mixed)_(n=7),0.018862143,0.11910714,-0.052204143,-0.066953286,-0.021850143,-0.024024429,-0.0061772857,-0.0043844286,0.013615429,-0.0093198571,0.0055677143,-0.011347,0.018837429,0.0023394286,0.003102,0.0073304286,-0.0063141429,0.00099557143,0.0035197143,0.0037697143,0.0018181429,0.001678,-0.00063371429,0.000482,-0.001608
Bedouin_Syria_o_(n=2),0.072535,0.1211275,-0.0463165,-0.0561955,-0.0168435,-0.014551,-0.00233,-0.002191,0.0027805,0.0018585,0.0035765,-0.005566,0.0071725,-0.002162,-0.00293,0.0012655,0.001359,-0.0013535,0.000336,0.003959,-0.000031,0.0038075,-0.0008645,-0.0015265,-0.000885
Bedzan_(n=2),-0.641962,0.062963,0.0228155,0.0279395,0.002308,0.00753,0.1360715,-0.0992265,-0.0204525,0.03098,0.0064955,-0.081602,-0.0254955,-0.0052985,0.004411,-0.0037785,0.003325,-0.0019635,0.0019485,0.0020005,-0.0044295,-0.001669,-0.001356,-0.0016265,-0.0021555
Beja_Beni-Amer_(n=14),-0.17853979,0.10808143,-0.039974643,-0.089424857,-0.001165,-0.041076643,-0.017978429,0.0015824286,0.0970465,-0.053525357,0.0011251429,-0.011315,0.023541357,-0.0019661429,0.016994071,-0.001127,0.0075714286,-0.0024070714,0.0015621429,0.0035105714,0.0079414286,0.0048401429,-0.0043135714,0.0013599286,-0.0024034286
Beja_Hadendowa_(n=7),-0.20992229,0.11011243,-0.034264143,-0.086194857,-0.0043964286,-0.035419143,-0.024273143,0.0040877143,0.094840571,-0.056389286,0.0017398571,-0.0089278571,0.018922429,-0.00094385714,0.016228143,-0.009395,0.0016017143,-0.0076374286,-0.00089771429,0.0053061429,0.0019252857,0.003727,-0.0010388571,0.000017142857,-0.001129
Beja_Hadendowa_o1_(n=1),-0.332363,0.092413,-0.016216,-0.056848,0.001846,-0.016176,-0.00987,0.007846,0.086718,-0.073623,-0.005521,-0.001948,-0.00446,0.000138,0.011129,-0.007955,0.008084,-0.001647,0.014958,-0.003126,-0.003868,0.004575,-0.003821,0.004338,0.00012
Beja_Hadendowa_o2_(n=1),-0.504236,0.066009,-0.008674,-0.021641,0.001231,-0.006693,-0.015981,0.015461,0.084673,-0.090936,-0.013316,0.012439,-0.029881,0.003028,0.010858,-0.013392,0.02021,-0.012922,0.019357,-0.013632,-0.000624,0.005193,-0.003081,0.002289,0.005628
Belarusian_(n=27),0.13211911,0.12295437,0.073748074,0.067507,0.039437444,0.026133185,0.010940963,0.012871333,-0.00096203704,-0.024655815,-0.0027244815,-0.009758,0.018692741,0.025399037,-0.011903074,-0.0017924444,0.0015260741,0.00074144444,0.0035707407,-0.00067159259,-0.0048941852,-0.0047354074,0.006806037,-0.0060559259,-0.00076277778
Belgian_(n=311),0.12834561,0.14034229,0.051888627,0.027877704,0.039490836,0.010440929,0.0031653376,0.0047636367,0.0074089003,0.01053337,-0.0043082476,0.0055648553,-0.011699241,-0.0083286141,0.013138691,0.0030017717,-0.0048443344,0.0014139228,0.0022027588,0.00078773633,0.0033244952,0.0025470257,-0.00044463987,0.0088594244,-0.00018211254
Belizean_Creole_(n=22),-0.39579691,0.053715591,0.032679864,0.029900318,0.0022658636,0.012147136,-0.029436136,-0.0087636818,-0.022248,0.018726909,0.0027753182,0.00088213636,0.0049,-0.00086940909,0.0049548636,-0.00033263636,0.00013395455,0.0015068636,-0.0023414545,0.00079172727,0.00088627273,-0.000052136364,0.00070781818,0.0021539545,0.0001985
Belizean_Mestizo_(n=2),0.030231,-0.0738965,0.072519,0.044019,-0.0313,-0.006596,-0.1394685,-0.161696,0.003037,0.0060095,0.007486,0.000438,-0.000824,0.0032645,-0.003261,0.0007355,0.002553,-0.0005035,-0.0004275,-0.0009135,-0.00049,-0.0016885,0.0010635,-0.000315,0.0012355
Bengali_(n=35),0.041659286,-0.12351734,-0.14136629,0.094712857,-0.051174343,0.062383914,-0.0018464286,0.0095138857,0.038374543,0.024784086,-0.0054423714,0.00018417143,-0.0014101714,0.00089254286,-0.0037186571,-0.0058907714,0.0034756,-0.0011872571,-0.0019788286,0.0034980857,0.0007416,0.0039887429,0.0037819143,0.0025442571,0.0054194857
Bengali_Bangladesh_(n=90),0.042143567,-0.11889507,-0.14483363,0.099008878,-0.053325689,0.061144511,-0.0017855556,0.010739433,0.040495567,0.024661689,-0.0042954889,0.00092351111,-0.00045521111,0.00090227778,-0.0059631333,-0.0062054222,0.0044392444,-0.0013347889,-0.0022515667,0.0045674667,0.0008452,0.0037620444,0.0015202778,0.0039983,0.0013946667
Bengali_Bangladesh_Brahmanbaria_(n=4),0.04524475,-0.11043875,-0.13566925,0.10109925,-0.053164,0.0580095,-1.63e-19,0.00836525,0.0395755,0.02332625,-0.00426275,-0.0039715,-0.00223,0.00639975,-0.004411,0.000033,0.00948575,-0.00152025,0.00260825,0.002126,-0.00433625,0.00302925,0.0012015,0.00732,0.00395175
Bengali_Bangladesh_o1_(n=5),0.0368788,-0.107443,-0.17785,0.1336584,-0.0754604,0.0700574,-0.003995,0.0161532,0.0653248,0.0387068,-0.0076646,0.0005096,-0.000892,0.0035504,-0.011102,-0.0102096,0.0097268,-0.0007094,-0.0031174,0.0115056,0.0018966,0.000816,0.0010846,0.0078804,-0.0049814
Bengali_Bangladesh_o2_(n=2),0.04287,-0.078742,-0.140461,0.1027755,-0.0618745,0.057047,-0.00323,0.0096435,0.0363295,0.026627,-0.0056035,-0.000387,-0.0017205,0.0012605,-0.005346,-0.0060035,0.0018645,-0.0007665,-0.0020445,0.002207,0.00299,0.0027165,0.0017285,0.003074,-0.001438
Bengali_Bangladesh_Southeast_(n=7),0.041951857,-0.11257871,-0.13624829,0.092378,-0.050075286,0.06036,-0.0020814286,0.005736,0.040291143,0.020306429,-0.0064491429,0.00021428571,-0.000042428571,0.0041287143,-0.0034511429,-0.0063264286,0.0011547143,0.00070585714,-0.00030542857,0.0045557143,-0.00078428571,0.0074545714,0.0019542857,0.0028918571,0.0024461429
Bengali_Bangladesh_Sylhet_(n=23),0.044786913,-0.11250304,-0.1361897,0.09395087,-0.052156826,0.059767348,-0.00025543478,0.0091902609,0.034351087,0.020941261,-0.0038833043,0.00027365217,-0.0007303913,0.00058034783,-0.0014928696,-0.0040354348,0.00043647826,-0.00067752174,-0.0007816087,0.0021695217,-0.000054130435,0.0041665652,0.001152087,0.0039081304,0.002420913
Bengali_Brahmin_West_Bengal_(n=21),0.056640571,-0.052807619,-0.1252759,0.10211448,-0.062414524,0.057717,0.0016785714,0.0088237619,0.025886857,0.014084238,-0.0034951429,0.00044952381,-0.0020740952,-0.0029818571,-0.00029728571,-0.0011239048,0.00099347619,-0.00060342857,-0.001221,-0.0001787619,-0.00024371429,-0.00084790476,0.0014261905,0.0028630952,-0.0012030952
Bengali_India_(n=1),0.043253,-0.119832,-0.161031,0.106268,-0.060319,0.064703,-0.00564,0.012692,0.043359,0.034625,-0.007632,0.005545,-0.004014,0.006606,-0.008415,-0.008486,-0.001173,0.000633,0.002263,0.004502,-0.000374,0.004451,-0.003697,0.009158,0.002155
Bengali_Rajput_West_Bengal_(n=1),0.051018,-0.080702,-0.139477,0.104366,-0.069016,0.055848,-0.006054,0.007252,0.037466,0.021035,-0.002626,-0.000401,0.001514,0.001579,-0.003981,-0.001909,0.001707,-0.000469,-0.000201,0.002758,-0.000405,0.001079,-0.000426,0.00187,0.004855
Berber_Algeria_Gourara_Timimoun_(n=6),-0.094473167,0.1286335,-0.0087993333,-0.070952333,0.019542,-0.026680667,-0.028279833,0.0046536667,0.056414667,0.023326167,0.006333,-0.010515667,0.028617167,-0.011262,0.0074646667,-0.0046183333,-0.0046066667,-0.014759167,-0.0326815,0.0074618333,-0.0071123333,-0.0231025,0.015816833,0.00046166667,0.0038516667
Berber_Algeria_Kabyle_(n=25),-0.022525656,0.13751402,-0.0035881094,-0.067860685,0.027329589,-0.030162379,-0.0231391,0.0058616519,0.05739145,0.031485461,0.0056816625,-0.00412523,0.01502029,-0.013932889,0.012207497,-0.01304269,0.00072734562,-0.01849421,-0.036206109,0.0063341944,-0.012239079,-0.031761739,0.019901123,-0.0037071675,0.0047442994
Berber_Algeria_Mozabite_(n=25),-0.06497028,0.13551212,-0.0036204,-0.07166724,0.02580168,-0.03283108,-0.02618,0.0107258,0.06194616,0.03006176,0.00639164,-0.00673792,0.02207912,-0.01666324,0.01616152,-0.01626616,-0.00295192,-0.02182088,-0.0436122,0.00857416,-0.01433964,-0.03711556,0.02508832,-0.00452088,0.0061024
Berber_Algeria_Ouarsenis_Zenati_(n=1),-0.037562,0.140143,-0.006788,-0.06137,0.02185,-0.033188,-0.021386,0.008077,0.059516,0.02934,0.009419,-0.012439,0.032259,-0.015138,0.012215,-0.011403,-0.008866,-0.020143,-0.037835,0.014507,-0.013351,-0.030419,0.022061,-0.008073,0.008742
Berber_Algeria_Shawiya_(n=8),-0.027083375,0.13693063,-0.006677125,-0.072842625,0.026358125,-0.034059125,-0.028336,0.006122875,0.061150875,0.028638625,0.007442375,-0.007163125,0.017752875,-0.014149875,0.017211375,-0.012528625,-0.002614375,-0.01749775,-0.039951125,0.0052365,-0.0131395,-0.036230125,0.025506375,-0.003051375,0.005687375
Berber_Algeria_Tuareg_(n=1),-0.166182,0.119832,-0.005657,-0.066215,0.020004,-0.033188,-0.039247,0.018692,0.075674,0.033167,0.008282,-0.008243,0.029137,-0.022708,0.022937,-0.013524,0.013169,-0.025591,-0.048268,0.011631,-0.018218,-0.049708,0.038577,-0.004579,0.009939
Berber_Egypt_Hawwara_(n=3),-0.058403667,0.12997233,-0.033296667,-0.086286333,0.0042086667,-0.034928,-0.018246,0.0021026667,0.057744333,-0.0015786667,0.0042106667,-0.012954667,0.023040867,-0.0097163333,0.0068763333,-0.0037566667,-0.0026946667,-0.008404,-0.016969,0.008088,-0.002621,-0.0080783333,0.0054826667,0.0027516667,0.0020183333
Berber_Mali_Tuareg_(n=4),-0.14910825,0.1198325,-0.00197975,-0.07033325,0.03023625,-0.03402475,-0.03783675,0.01419175,0.07669625,0.03079775,0.00661725,-0.00906675,0.02872875,-0.02287975,0.02476875,-0.012563,0.0044655,-0.02755475,-0.05449025,0.00872275,-0.02083825,-0.05177975,0.03201375,-0.003675,0.0060475
Berber_Morocco_Central_Atlas_Tamazight_(n=7),-0.049431714,0.13782186,-0.0036635714,-0.073874714,0.030071429,-0.033945,-0.026824571,0.010087286,0.073716429,0.030797857,0.005846,-0.0065728571,0.019474571,-0.018756143,0.022646,-0.020077857,-0.0030918571,-0.024016714,-0.052092857,0.0076642857,-0.018057571,-0.047359,0.030001857,-0.0031501429,0.007544
Berber_Morocco_Central_Atlas_Tamazight_Errachidia_(n=13),-0.081865077,0.13319054,-0.0030459231,-0.072451385,0.025093231,-0.033917462,-0.030967154,0.010419769,0.069978615,0.030755846,0.0095808462,-0.0062021538,0.022253385,-0.016302923,0.020963769,-0.014462538,-0.0057368462,-0.021878231,-0.046634,0.0093314615,-0.017142846,-0.042622154,0.025844077,-0.0027158462,0.0058399231
Berber_Morocco_Central_Atlas_Tamazight_Fez-Meknes_(n=1),-0.134311,0.132019,-0.000754,-0.059432,0.025543,-0.027052,-0.036192,0.010846,0.052358,0.035172,0.002111,-0.006145,0.024975,-0.018304,0.015879,-0.001856,0.004824,-0.015456,-0.036075,0.01063,-0.010482,-0.041424,0.026991,-0.00482,0.009221
Berber_Morocco_Central_Atlas_Tamazight_Ifrane_(n=5),-0.0626028,0.1334406,-0.005129,-0.0756466,0.0275744,-0.0389888,-0.0298932,0.009692,0.0768598,0.0330576,0.008444,-0.0072534,0.02997,-0.023616,0.019028,-0.0128348,0.0041984,-0.0254896,-0.0537736,0.014332,-0.0165958,-0.0472604,0.0292342,-0.003422,0.004694
Berber_Morocco_Eastern_Middle_Atlas_Tamazight_(n=3),-0.027697,0.141836,-0.0015086667,-0.065676667,0.029338667,-0.033188333,-0.024597667,0.0070766667,0.062584333,0.032802667,0.0034643333,-0.0073933333,0.020465667,-0.01679,0.014838333,-0.013700667,0.001912,-0.022508333,-0.040894,0.010671667,-0.014890667,-0.038126333,0.025594667,-0.0010846667,0.008143
Berber_Morocco_Riffian_(n=29),-0.021744172,0.13919762,-0.0025488276,-0.068052759,0.030010759,-0.03184169,-0.022633931,0.0045913448,0.061914379,0.029905586,0.0050228621,-0.006222069,0.017193345,-0.014350793,0.015153828,-0.01283831,-0.0014072414,-0.018011655,-0.038623966,0.0083273103,-0.013188,-0.035215517,0.022061345,-0.0054305862,0.0048188276
Berber_Morocco_Shilha_(n=21),-0.062912157,0.13562144,-0.0042879286,-0.080651005,0.03255641,-0.039096,-0.032575695,0.0071909714,0.081723076,0.03438521,0.0067175857,-0.0096727476,0.027948476,-0.02000169,0.023047419,-0.019962071,-0.0035839286,-0.026156229,-0.058336048,0.010661457,-0.017982776,-0.053258371,0.033250081,-0.0046009905,0.0081324095
Berber_Morocco_Shilha_Ait_Atta_(n=6),-0.059377667,0.13658867,-0.007228,-0.076874,0.034878167,-0.037046,-0.032627,0.011615,0.080480167,0.034776667,0.0057648333,-0.0085423333,0.022546833,-0.0231665,0.0261035,-0.011888833,0.0032161667,-0.028272667,-0.0601255,0.0120265,-0.018093,-0.053376833,0.032557833,-0.0032733333,0.010917167
Berber_Morocco_Shilha_Ouarzazate_(n=6),-0.086315833,0.1337115,-0.0055936667,-0.074882167,0.030518333,-0.035047333,-0.032235333,0.005692,0.075435167,0.0279125,0.0093643333,-0.011040333,0.026535833,-0.0224325,0.018526,-0.013656667,0.002912,-0.023310667,-0.051661833,0.012214167,-0.018737667,-0.047977333,0.030976167,-0.0061453333,0.0062268333
Berber_Morocco_Shilha_Tiznit_(n=11),-0.068397364,0.13608082,-0.002537,-0.081924545,0.031586273,-0.038106636,-0.033115091,0.010866636,0.083910364,0.034591727,0.009271,-0.0092644545,0.025475091,-0.021456727,0.021061273,-0.017200364,0.0015290909,-0.031257273,-0.057981091,0.013586091,-0.022256273,-0.054531,0.032963,-0.0050060909,0.0083388182
Berber_Morocco_Shilha_Tiznit_(Hartani/Gnawa-Mixed)_(n=1),-0.157076,0.140143,-0.008674,-0.072352,0.026466,-0.044065,-0.037367,0.008538,0.079764,0.025695,0.011854,-0.01139,0.02661,-0.024359,0.020901,-0.012198,-0.017732,-0.024578,-0.053799,0.010505,-0.017594,-0.049214,0.034879,-0.000843,0.009101
Berber_Tunisia_East_Zenati_Chenini_(n=18),-0.027949944,0.13907106,-0.0080870556,-0.076479222,0.027731556,-0.035202278,-0.031386722,0.0052817778,0.068424611,0.029795667,0.0040057222,-0.0043877222,0.019631389,-0.016124833,0.014092278,-0.016905167,0.00015211111,-0.023289556,-0.046724722,0.0078579444,-0.016831444,-0.0404275,0.028134722,-0.0044516667,0.0063666111
Berber_Tunisia_East_Zenati_Djerba_(n=3),-0.025420667,0.138789,-0.012445,-0.079996333,0.030159333,-0.037185333,-0.024284333,0.0059996667,0.068038333,0.029279,0.0073613333,-0.008642,0.025817333,-0.016239667,0.010767,-0.015954667,-0.0042593333,-0.021114667,-0.039092333,0.0097543333,-0.014308333,-0.037384333,0.019267667,-0.0051813333,-0.001078
Berber_Tunisia_East_Zenati_Matmata_(n=13),-0.024077923,0.13647154,-0.011516692,-0.078215692,0.023720385,-0.034904308,-0.024567538,0.0030531538,0.061215692,0.029858769,0.0057335385,-0.0064903077,0.021807385,-0.015202,0.013039538,-0.01075,-0.00065192308,-0.016800846,-0.037458,0.0078402308,-0.011902077,-0.031721692,0.021483077,-0.0021596154,0.0033805385
Berber_Tunisia_East_Zenati_Sened_(n=17),-0.038842063,0.1348115,-0.018714437,-0.07776225,0.019234187,-0.035401625,-0.021650313,0.005927625,0.058123125,0.020923,0.0056025,-0.011867562,0.026303562,-0.0099605625,0.01248625,-0.0045494375,-0.0045634375,-0.013120188,-0.030646625,0.011513375,-0.0087735,-0.024691938,0.015167125,0.0002109375,0.000755875
Berber_Tunisia_East_Zenati_Tamezret_(n=10),-0.0344883,0.1348622,-0.0093526,-0.0779722,0.0267127,-0.035252,-0.025757,0.0076382,0.06058,0.0301054,0.00557,-0.0076432,0.0200692,-0.0170101,0.0138706,-0.0107663,0.0018645,-0.0211445,-0.0399846,0.0098924,-0.0108308,-0.0344126,0.0239101,-0.0028798,0.0067896
Berber_Tunisia_East_Zenati_Zraoua_(n=15),-0.028759133,0.13736727,-0.013098533,-0.078252133,0.0232452,-0.0327418,-0.029188133,0.0044305333,0.0627752,0.028805467,0.0062466,-0.0080628667,0.022427933,-0.012477733,0.0147392,-0.012878733,-0.0067018667,-0.017652067,-0.038488733,0.0083957333,-0.0124448,-0.0299652,0.022192867,-0.0024340667,0.0030416
Besermyan_(n=6),0.10927,-0.0089705,0.072218667,0.06137,-0.022465667,0.0067861667,0.0065408333,0.011037833,-0.010635333,-0.028459,0.0135865,-0.0058696667,0.011422167,-0.0257585,-0.0099301667,-0.0071598333,-0.007432,0.00097133333,-0.010537667,-0.008379,-0.0017055,0.0040185,-0.0046013333,0.0050808333,-0.002415
Beta_Israel_(Ethiopian_Jew)_(n=6),-0.23257867,0.10476883,-0.033500833,-0.082418833,0.0011285,-0.039881333,-0.013199667,-0.00053833333,0.108091,-0.068854833,-0.0024086667,-0.012688667,0.017789667,-0.00034416667,0.022529333,-0.011866833,0.0095613333,0.0013513333,0.0050698333,0.0022718333,0.0065716667,0.011046167,-0.0041493333,0.0030926667,-0.0013773333
Bezhta_(n=15),0.11124313,0.1174628,-0.045732133,-0.0101422,-0.049424467,0.0095751333,0.0078490667,-0.0072766,-0.064125067,-0.0373826,-0.00094193333,0.0063544,-0.014063333,-0.0062206,0.0133458,0.0040749333,0.0095094667,-0.0017652,-0.0030502667,0.0079037333,0.0021462,-0.00078333333,0.0044533333,0.0054464667,-0.0015487333
Bezhta_o_(n=1),0.112685,0.126941,-0.056568,-0.028747,-0.043393,-0.000279,0.009165,-0.005538,-0.065243,-0.027518,-0.00406,0.008093,-0.019475,0.000963,0.006379,-0.006629,0.002868,-0.000253,0.00176,0.014757,0.005116,-0.000371,-0.008504,-0.003735,-0.002275
Bharia_(n=9),0.0085998889,-0.213374,-0.16748367,0.11014389,-0.010771111,0.065353111,-0.0054574444,0.012845667,0.073901222,0.047705333,0.017952778,0.0037466667,-0.0044433333,0.014924444,-0.022077222,-0.023777667,0.0081706667,-0.0035472222,-0.0021926667,0.024553444,0.0011368889,0.014728444,-0.0045053333,0.0068415556,0.0012774444
Bhil_(n=1),0.0335,-0.1067,-0.1741,0.1244,-0.071,0.0663,-0.0023,0.0166,0.0601,0.0413,-0.0057,-0.0008,0.0015,0.0094,-0.0099,-0.0193,-0.0035,-0.0001,-0.0001,0.0049,0.0018,0.0063,-0.0002,0.0042,-0.0068
Bhil_Barela_Madhya_Pradesh_(n=3),0.032629333,-0.11069267,-0.17435533,0.129847,-0.070064667,0.068886,-0.007755,0.013307,0.068651667,0.039424,0.0044383333,0.0013486667,-0.0046083333,0.010275667,-0.0099526667,-0.018165,0.0046503333,0.0023226667,0.0010896667,0.011547333,0.0041596667,0.010593,0.003656,0.00096366667,-0.007185
Bhil_Dungri_Garasia_(n=5),0.0330084,-0.1062242,-0.1750592,0.1344336,-0.066597,0.065093,-0.002162,0.0125532,0.0617662,0.0417686,-0.0028256,0.0007194,-0.0031516,0.0078168,-0.0128392,-0.0098912,0.0123342,-0.0002534,-0.002514,0.008204,-0.0039182,0.0055148,-0.0037468,0.0049886,-0.007999
Bhil_Gamit_(n=3),0.036044,-0.11170833,-0.17146433,0.119834,-0.063601667,0.064144667,-0.00054833333,0.012614667,0.065038667,0.040699333,-0.000487,0.0028973333,0.0014373333,0.010000667,-0.014386333,-0.011358667,0.0028683333,0.00012666667,0.0018436667,0.0087126667,-0.001206,0.006677,0.005012,0.0032933333,-0.0098993333
Bhil_Gujarat_(n=8),0.03585425,-0.101172,-0.17272138,0.12641513,-0.06970525,0.06417975,-0.006962125,0.01306675,0.0601045,0.04125375,-0.004952625,0.001199125,0.001691,0.005057625,-0.008652125,-0.01284475,0.0005705,0.00093425,0.001461125,0.00831675,0.00467925,0.006522625,0.000138625,0.006808,-0.005253625
Bhil_Koli_Rathwa_(n=5),0.0368788,-0.099928,-0.1641986,0.124356,-0.0699206,0.0651486,-0.004841,0.0096916,0.0578396,0.0338232,-0.0035076,0.0027278,0.0004464,0.0071286,-0.0131376,-0.010289,0.0106654,-0.0000508,-0.002891,0.0055024,0.0057148,0.0027454,-0.0001234,0.003157,-0.0081668
Bhil_Tadvi_Bhil_Gujarat_(n=3),0.031491333,-0.10900033,-0.175361,0.12618633,-0.062883333,0.058567,-0.002115,0.014537667,0.066061,0.042765,-0.0051966667,-0.00029966667,-0.0017343333,0.00055033333,-0.013164667,-0.012286667,0.0093876667,-0.0023226667,-0.0035196667,0.006628,0.004201,0.0073783333,-0.00069866667,0.00727,0.000439
Bhilala_Madhya_Pradesh_(n=3),0.032629333,-0.104938,-0.174984,0.12780133,-0.068833333,0.064795667,0.00062666667,0.012153333,0.066470333,0.043919,-0.003897,-0.00015,-0.0011893333,0.0082573333,-0.0059263333,-0.009679,0.003477,-0.001647,-0.0017596667,0.0075453333,0.0035353333,0.0018136667,-0.000904,-0.0015663333,-0.0016766667
Bhojpuri_Bania_Gupta_(n=1),0.047806,-0.069056,-0.16895,0.13017,-0.079707,0.06526,0.001645,0.020076,0.05788,0.040639,-0.000162,0.008243,0.005203,0.005643,-0.015472,-0.021877,-0.011213,0.0019,0.012821,0.01038,0.016346,0.000989,0.021075,0.010604,-0.018441
Bhojpuri_Brahmin_(n=13),0.065929923,-0.028981615,-0.122245,0.10385738,-0.069764385,0.058867462,0.00054230769,0.0085736154,0.021569308,0.00764,-0.0061206923,0.0029167692,-0.0030189231,-0.0026994615,0.0086965385,0.00012230769,-0.0052957692,0.0011400769,-0.0025912308,-0.0091774615,-0.0016702308,-0.000799,0.0025787692,0.0037446923,-0.005619
Bhojpuri_Brahmin_Bhatt_(n=4),0.05548875,-0.05407675,-0.1381205,0.10570225,-0.0679355,0.0589155,0.00023475,0.007096,0.03333725,0.0218225,-0.00621125,-0.0027725,-0.00252725,-0.00110125,0.00352875,-0.0059,-0.00339,0.000063,0.00219975,0.000938,0.00243325,0.00200925,0.00388225,0.0061455,-0.004371
Bhojpuri_Brahmin_Bhumihar_(n=8),0.062887125,-0.032750875,-0.118086,0.10178562,-0.06181925,0.052815,0.001733125,0.01047075,0.017819,0.008656125,-0.007530625,-0.000449625,-0.0021555,-0.0071735,0.005293125,0.003828625,-0.0020375,0.002375375,0.001869625,-0.002704625,-0.001668875,-0.00148375,0.00120175,0.008239,-0.001945875
Bhojpuri_Brahmin_o_(n=1),0.047806,-0.06804,-0.162162,0.131462,-0.074475,0.078368,-0.001645,0.014769,0.049086,0.029887,-0.007307,-0.002698,-0.008325,0.008395,0.001086,-0.043224,-0.042244,-0.005068,0.008547,-0.014507,0.007736,0.001607,-0.00037,-0.00494,-0.011616
Bhojpuri_Brahmin_Saryupareen_(n=2),0.07057,-0.021326,-0.111062,0.095285,-0.0632425,0.057312,0.0010575,0.0104995,0.012783,0.0059225,-0.0081195,0.004571,-0.0009665,-0.00117,0.004818,0.0003315,0.000456,-0.000697,0.001194,0.0013755,0.002059,0.001113,0.0038825,0.004217,-0.001736
Bhojpuri_Chamar_(n=8),0.038130625,-0.093682625,-0.16645175,0.121893,-0.07059,0.06466775,-0.001850625,0.011912875,0.05557925,0.03539925,-0.005216875,-0.000524375,0.0002415,0.003474875,-0.008567375,-0.009911,0.0054925,-0.00036425,-0.00180675,0.003908125,0.003057125,0.003416,-0.000231125,0.00237975,-0.006256875
Bhojpuri_Dalit_(n=3),0.045149667,-0.086997,-0.15512233,0.119511,-0.068217667,0.067305667,-0.000705,0.014461,0.050108333,0.035718333,-0.0057376667,0.00064933333,0.0010403333,0.0057343333,-0.0052026667,-0.014805667,-0.0088226667,0.00029566667,0.0010056667,0.0025013333,0.00033266667,0.009068,0.00078066667,0.005663,-0.0049496667
Bhojpuri_Dharkar_(n=4),0.04780575,-0.073372,-0.1516025,0.10965925,-0.068551,0.068677,0.00005875,0.01332625,0.04729625,0.026971,-0.00272,0.0011615,-0.00074325,0.00055075,-0.00454675,-0.0127285,-0.0059,-0.00019,0.00248275,0.002001,-0.00012475,0.00321475,0.00468325,-0.0011145,-0.01134625
Bhojpuri_Dhobi_(n=8),0.04680975,-0.079592125,-0.15777788,0.1157965,-0.070166875,0.065434875,-0.003084375,0.01130725,0.044177125,0.030798,-0.0031665,0.004795625,-0.00408825,0.00464475,-0.009025375,-0.005867125,0.004302875,-0.00095,-0.002498375,-0.000250125,0.00255775,-0.001452875,0.000893625,0.000527,-0.005748
Bhojpuri_Dusadh_(n=5),0.0412042,-0.0926164,-0.168271,0.121449,-0.071213,0.0659298,-0.003854,0.0123226,0.0493722,0.0339688,-0.0045792,2e-7,-0.0026758,0.001789,-0.0082518,-0.0065498,0.0049024,-0.0003292,0.0002264,0.0048522,-0.0000752,0.0011622,0.000197,0.0011568,-0.0039518
Bhojpuri_Kshatriya_(n=5),0.0571392,-0.0434648,-0.1291262,0.1023912,-0.0702902,0.0585672,0.001269,0.008446,0.027079,0.0111526,-0.0073398,-0.0016188,-0.0024676,-0.0028898,-0.0003258,0.0042164,0.0063106,0.0000508,0.0032932,-0.0035768,-0.0035938,-0.0002472,-0.000715,0.0056148,-0.0024908
Bhojpuri_Kshatriya_Rajput_Durgvanshi_(n=4),0.06516375,-0.03681275,-0.12115,0.0987575,-0.06578175,0.05208275,-0.00393625,0.01165325,0.0208615,0.01220975,-0.00653625,0.000712,0.0009665,-0.00457575,0.00542875,0.00954675,0.0000325,0.00031675,0.0022,-0.0025325,-0.00371225,0.0015455,0.00308125,0.00506075,-0.001826
Bhojpuri_Kumhar_Uttar_Pradesh_(n=5),0.0448462,-0.0794144,-0.1623128,0.1188004,-0.0772452,0.063531,-0.001316,0.0119532,0.0497812,0.0313446,-0.0060408,-0.002098,-0.0004756,-0.0028626,-0.001113,-0.0042428,0.0031292,-0.0012416,-0.0003268,-0.0009254,0.000125,0.001484,-0.0028348,0.006097,-0.0028262
Bhojpuri_Kumhar_Uttar_Pradesh_o_(n=28),0.022358107,-0.12113814,-0.18472182,0.12666314,-0.066100179,0.059583,-0.00339075,0.016013143,0.068193964,0.045630643,-0.0047440357,0.0011453571,-0.0032864643,0.00968275,-0.0124135,-0.014106571,0.0064539286,0.000063392857,-0.000615,0.010098607,0.0051338214,0.00277775,-0.0034774286,0.0045358214,-0.0050893214
Bhojpuri_Lohar_(n=3),0.040976333,-0.071764333,-0.16065367,0.11972633,-0.068320667,0.063308333,-0.00658,0.010461,0.042336333,0.027153,-0.0050883333,-0.002847,0.0016353333,-0.0030736667,-0.0037546667,-0.0019003333,0.005259,-0.0023226667,0.00033533333,0.001084,0.006364,-0.0011543333,0.00020533333,0.0045786667,-0.003273
Bhojpuri_Muslim_Shia_(n=10),0.0533829,-0.0412305,-0.1271649,0.0963834,-0.0674279,0.0524872,0.0040892,0.0086535,0.0249518,0.0148703,-0.0088339,-0.0002848,-0.0019029,-0.0019818,0.0001357,-0.0009413,0.0023208,0.0001645,-0.0003394,-0.002176,-0.0018592,-0.0008654,0.0006533,0.004374,-0.0026344
Bhojpuri_Muslim_Sunni_Ansari_(n=5),0.0484888,-0.0723058,-0.1491888,0.1110482,-0.0700438,0.0582324,-0.00188,0.012507,0.0412728,0.0224878,-0.006658,0.0018884,-0.0015756,0.001156,-0.002443,-0.0008222,0.0015384,-0.0005322,0.0008296,0.0012006,0.0018716,-0.0027698,-0.0002464,0.0068202,-0.0011258
Bhojpuri_Nai_(n=4),0.05093575,-0.06067775,-0.14472,0.114585,-0.0704745,0.06093775,0.0005875,0.0107305,0.04029125,0.02209625,-0.0060895,-0.00089925,0.00092925,-0.00079125,-0.0003055,-0.002851,0.00361825,-0.0019955,-0.00021975,0.0010005,0.00246425,0.0008655,-0.00154075,0.00307275,-0.005149
Bhojpuri_Teli_(n=1),0.044391,-0.070072,-0.159145,0.102391,-0.074168,0.064982,0.00611,0.013384,0.041723,0.026424,-0.002436,-0.001798,0.001784,0.007432,-0.001629,-0.000796,-0.001565,0.002914,-0.003771,-0.009254,0.007736,0.000495,-0.000739,0.013134,0.000479
Bhojpuri_Yadav_Gwala_(n=5),0.0547142,-0.055411,-0.1446202,0.107075,-0.071739,0.061338,-0.0015056,0.0116274,0.0324936,0.017611,-0.0026252,0.0001726,0.0001746,0.0016578,-0.002542,-0.0010288,0.0016792,-0.000591,-0.000419,0.001159,-0.0013422,0.0017324,-0.000612,0.001049,0.0037604
Bhojpuri_Yadav_Gwalvanshi_(n=3),0.065638,-0.026065,-0.129478,0.095285,-0.069859333,0.052059667,0.0036033333,0.013230333,0.01493,0.005042,-0.0040596667,0.0024476667,0.0013873333,-0.000963,0.0066503333,0.0039336667,-0.009257,0.000338,0.0097206667,-0.0084623333,-0.0030363333,-0.0084906667,0.0032866667,-0.0023696667,0.003872
Bhumij_Jharkhand_(n=3),0.0068293333,-0.22341633,-0.17913233,0.11638867,-0.0099503333,0.067956,-0.0021933333,0.012307333,0.077991667,0.052666,0.017971,0.0058446667,-0.0081266667,0.012890667,-0.021941667,-0.025589667,0.013212,-0.0029136667,-0.0050696667,0.028221667,0.00033266667,0.017641,-0.0057516667,0.010282333,0.00035933333
Bhumij_Jharkhand_o_(n=1),0.021626,-0.171624,-0.165556,0.111436,-0.026466,0.071396,-0.00658,0.016845,0.070152,0.045559,0.018188,0.003897,-0.003865,0.012248,-0.014794,-0.028109,0.011083,0.003294,-0.010936,0.026388,-0.000998,0.015333,-0.00493,0.008073,-0.001437
Bhumij_Odisha_(n=11),0.0079676364,-0.21870809,-0.17518964,0.11545882,-0.011442455,0.069164909,-0.0070929091,0.013740636,0.076547636,0.048690091,0.016814545,0.0028748182,-0.0030002727,0.011410182,-0.019321545,-0.024348273,0.014567455,-0.0017274545,-0.0041823636,0.026319545,0.002507,0.016592,-0.0068345455,0.010789909,0.0048660909
Bhumij_Odisha_o_(n=1),0.012521,-0.243727,-0.158014,0.096254,0.005539,0.068886,-0.004935,0.003,0.065243,0.047746,0.020299,0.008393,-0.002676,0.012937,-0.018458,-0.010475,0.019166,0.007095,-0.008296,0.029764,-0.000499,0.016569,0.00419,0.01217,0.005508
Bhunjia_Chhattisgarh_(n=6),0.0083473333,-0.2129225,-0.175487,0.11509667,-0.0132845,0.06368,-0.0052091667,0.0124995,0.079184833,0.050540167,0.017727333,0.0028973333,-0.001437,0.014725667,-0.0239545,-0.020242167,0.0096918333,-0.0012456667,-0.004672,0.027971667,0.0045336667,0.017744167,-0.0072305,0.0070088333,0.0043906667
Biaka_(n=8),-0.64366963,0.061820125,0.02734125,0.034116875,0.002077125,0.008402,0.179842,-0.141196,-0.022778875,0.04284825,0.017253875,-0.163823,-0.05470725,-0.004145875,0.005700375,-0.005535375,-0.001564625,-0.037135375,0.012931,-0.00154775,0.004102375,-0.000231625,-0.0019105,0.00143075,-0.00345775
Bihari_Bania_(n=1),0.043345,-0.068671,-0.145478,0.104062,-0.070462,0.057043,-0.001438,0.006769,0.033595,0.019835,-0.002287,-0.000365,-0.001056,0.00225,-0.002646,-0.001993,0.002557,0.001964,-0.001743,0.001855,-0.002422,0.002756,-0.001153,0.000795,0.00342
Bihari_Brahmin_Bhumihar_(n=13),0.063828615,-0.023591462,-0.11339723,0.096030462,-0.064130231,0.051959462,0.00045192308,0.0088576923,0.016692385,0.0055932308,-0.0065704615,0.0011412308,-0.0018068462,-0.0033664615,0.0038730769,0.0021111538,0.000030076923,0.0016371538,-0.0028524615,-0.0028283077,-0.0010460769,0.0012651538,0.0013652308,0.0023821538,-0.00091184615
Bihari_Muslim_(n=4),0.04382175,-0.0766725,-0.14981125,0.11571575,-0.0657045,0.05905475,-0.003525,0.009519,0.035536,0.02610525,-0.00714525,0.00367175,-0.00505475,0.00375025,0.00193375,-0.006762,-0.003944,-0.002692,-0.0003145,0.0055965,-0.00271375,0.00306025,-0.005731,0.00554275,-0.00535875
Bihari_Nishad_Sahni_(n=3),0.037561667,-0.104261,-0.16329333,0.12037233,-0.067499667,0.066469,0.0013316667,0.011999667,0.057607333,0.038330667,0.00016233333,0.0048956667,-0.001338,0.0055506667,-0.0082336667,-0.014098333,-0.001304,0.00080233333,-0.0043996667,0.0087126667,0.0011643333,0.0037096667,-0.0029993333,0.0069486667,-0.0041513333
Bihari_Teli_Sahu_(n=3),0.039838,-0.083273333,-0.15889333,0.114989,-0.066576333,0.065260333,-0.0025066667,0.013230333,0.043973,0.027517667,-0.0065496667,-0.0015486667,0.000297,0.0042203333,-0.008912,-0.0054363333,-0.00030433333,0.0010133333,-0.001215,0.006503,0.0077363333,0.0049873333,-0.000945,0.004619,-0.002315
Birhor_(n=23),0.003932,-0.22757091,-0.17273836,0.11451918,-0.0093861818,0.063701136,-0.0063770455,0.011244136,0.082478773,0.049642773,0.020158318,0.0043732727,-0.0043787273,0.0136685,-0.019414136,-0.024263773,0.013802955,-0.0045031364,-0.0037595,0.027706455,0.0010152727,0.0182275,-0.0053501818,0.010921273,0.0031733182
Birhor_Jharkhand_(n=4),0.0106994,-0.2104176,-0.1779256,0.1175084,-0.0169262,0.0631408,0.001457,0.0147686,0.0822594,0.049058,0.0138354,-0.0002998,-0.0034488,0.0115602,-0.0215792,-0.0142668,0.019714,-0.0019764,-0.0010056,0.024712,-0.0000748,0.0189686,-0.0044864,0.0099292,0.003329
Bitlisi_Arab_(n=2),0.093904,0.123895,-0.055248,-0.056202,-0.034622,-0.0217535,0.001175,-0.004269,-0.0259745,-0.0040095,0.0036535,0.0014985,0.002676,0.0039225,-0.003868,0.004243,-0.00515,0.003737,0.002451,-0.007191,0.0023705,0.000495,0.001171,-0.0010845,0.0025145
Bitonga_(n=17),-0.63278953,0.063739471,0.022893471,0.015637,-0.00057923529,0.011992353,-0.014114471,0.022519353,-0.031460529,0.012199,0.0011749412,0.0012078235,-0.012679824,0.0022748235,-0.017691588,0.013196647,-0.013199353,0.012333529,-0.011283176,0.0035532353,0.00096164706,-0.00098923529,0.0023199412,-0.000056823529,-0.000070470588
Blackfoot_(European-Mixed)_(n=2),0.095216,-0.0652015,0.0835295,0.065749,-0.027202,0.003536,-0.0941595,-0.111737,-0.0045295,-0.013227,0.0020885,-0.000142,-0.001619,0.0004735,0.004199,0.0024755,-0.0012765,0.001998,0.004236,0.003522,0.0034555,-0.000021,0.001903,0.009065,0.001786
Blang_(n=13),0.011995077,-0.41917938,-0.050563154,-0.040076846,0.10993769,0.055692385,-0.00092192308,-0.0037275385,-0.0079763846,-0.009995,0.030379077,0.0021788462,-0.0047000769,0.00073038462,-0.00093969231,-0.0016521538,0.0058070769,-0.0038201538,-0.0043993846,0.013083077,-0.0083603077,0.020336077,-0.0027018462,0.0014736154,0.048397154
Blang_o_(n=2),0.0176425,-0.4234755,-0.043746,-0.047804,0.10048,0.050758,0.0019975,-0.005192,-0.008897,-0.00246,0.005115,-0.003897,0.002007,0.001789,-0.007736,-0.0019885,-0.0012385,-0.0017105,-0.004148,0.000563,-0.002371,0.018486,0.0024035,0.002229,0.0347875
Bolivian_Indo-Mestizo_(n=12),0.061364417,-0.2118725,0.10187633,0.079935167,-0.078208167,-0.0109545,-0.23883083,-0.284693,-0.0073846667,-0.0088244167,-0.0027810833,-0.0020883333,-0.0013409167,0.013295333,-0.00479575,0.0019684167,0.0043135,0.00078575,0.000362,0.000048916667,-0.0015756667,0.0043766667,-0.00056608333,0.001572,0.0018208333
Bolivian_Indo-Mestizo_Cochabamba_(n=2),0.0562545,-0.2482195,0.107431,0.0871265,-0.09117,-0.016256,-0.2619485,-0.3112285,-0.009254,-0.0110865,-0.003607,0.0009305,-0.0016375,0.017118,-0.005104,0.001489,0.00337,0.000731,-0.0033425,-0.0019205,0.0019285,0.0079925,-0.004074,-0.001079,0.002246
Bolivian_Indo-Mestizo_La_Paz_(n=1),0.05122,-0.271146,0.109365,0.079781,-0.10802,-0.02008,-0.272142,-0.330448,-0.00859,-0.012939,-0.012017,-0.002248,0.003271,0.011285,-0.015201,0.008751,0.004172,-0.004814,0.003017,-0.001126,-0.003868,-0.001607,-0.008874,0.003494,-0.007185
Bolivian_Indo-Mestizo_Pando_(n=2),0.054635,-0.247789,0.1129475,0.0802655,-0.090478,-0.013108,-0.2575715,-0.311641,-0.012067,-0.002187,-0.0082815,0.0019485,0,0.025804,-0.0048185,0.001127,-0.0041075,0.004371,0,0.0033765,0.0027455,0.0004945,-0.000986,-0.001386,-0.002335
Bolivian_Indo-Mestizo_Santa_Cruz_(n=1),0.05577,-0.184382,0.092879,0.070319,-0.067223,-0.011877,-0.208661,-0.24803,-0.002722,-0.004631,-0.00652,-0.003282,-0.003357,0.015329,-0.006725,0.000514,0.004317,0.001673,-0.000651,0.001643,-0.004724,0.002395,-0.000088,0.000709,0.004913
Bolivian_Mestizo_(n=5),0.0731512,-0.1146878,0.0831346,0.055533,-0.045282,-0.008818,-0.1716682,-0.2062428,0.002101,0.0019656,-0.0032362,0.0002658,-0.0016798,0.0096226,-0.002538,0.0009946,0.0040742,-0.00054,-0.0008298,-0.0002796,-0.0004012,0.001137,-0.0004538,-0.0016726,0.0012686
Bolivian_Mestizo_Cochabamba_(n=1),0.064845,-0.118059,0.079288,0.053028,-0.047345,-0.008174,-0.177988,-0.211403,0.000528,0.004302,-0.004795,-0.000374,-0.001315,0.008669,-0.001113,0.002627,0.000846,0.0006,0.000588,-0.000179,0.000027,0.004209,-0.001506,0.00002,0.001002
Bolivian_Mestizo_La_Paz_(n=4),0.07473775,-0.1165135,0.07894875,0.0524375,-0.04728475,-0.009921,-0.1736135,-0.20848675,0.00166575,0.0010935,-0.0048415,-0.00007375,-0.00159825,0.010994,-0.0032695,0.0016715,0.00395225,-0.00063575,0.00002525,0.0006495,-0.00068025,0.00197625,-0.0006295,-0.0005595,0.00174725
Bolivian_Mestizo_Potosi_(n=1),0.077419,-0.090589,0.078979,0.048589,-0.034977,-0.006773,-0.160512,-0.191349,0.00488,0.004601,-0.003796,0.001923,-0.003799,0.002085,0.003771,-0.000408,0.0002,-0.00186,-0.00511,-0.001535,-0.000906,0.00376,0.000488,-0.00023,-0.001316
Bolivian_Mestizo_Santa_Cruz_(n=4),0.0659495,-0.04228825,0.0659305,0.03451775,-0.02288025,-0.00668625,-0.12455475,-0.14710975,0.00642225,0.00948,-0.00192425,0.0023785,-0.0068445,0.005044,-0.00045675,-0.0007195,0.00245425,0.00047125,0.0004125,-0.0014115,0.001086,-0.0006985,-0.00026475,-0.00029475,0.001446
Bonan_(n=40),0.030476125,-0.38557108,0.007702725,-0.04643125,0.0301132,0.015206525,0.005375725,0.002596125,-0.00951035,0.002601275,-0.064220625,-0.007403425,0.007016775,-0.0058695,-0.005286225,0.00019895,0.00119945,-0.000509825,-0.004930475,-0.0035767,0.0038463,0.011249275,0.008516375,0.000147675,0.01044805
Bonda_(n=5),0.00774,-0.2599756,-0.1595974,0.0955434,0.0175416,0.0651488,-0.006298,0.0058614,0.0711336,0.042315,0.0307886,0.004736,-0.0063032,0.0179188,-0.020711,-0.023044,0.009101,-0.0013176,-0.0007542,0.0304898,-0.0001746,0.0226036,-0.009219,0.0116162,0.0126216
Bosniak_(n=17),0.12962441,0.13488606,0.044832941,0.024206,0.031933412,0.010614176,0.0058336471,0.0041808824,-0.0010588235,-0.0024548235,-0.00035335294,-0.0037908824,0.0047659412,0.015446235,-0.013827412,-0.0010294706,0.0073398824,-0.00047694118,0.0039040588,-0.00031629412,-0.0053289412,-0.0025530588,0.0057128824,0.0018429412,0.000028117647
Bosniak_Croatia_(n=7),0.13008371,0.13579057,0.045308286,0.026532143,0.034467714,0.0063348571,0.006043,0.0068571429,-0.0018407143,-0.0040352857,-0.00057985714,-0.0032541429,0.0033554286,0.015748,-0.012777143,0.0039777143,0.013783571,0.001285,0.00246,0.000947,-0.0078432857,-0.0014308571,0.0052818571,-0.0021174286,-0.0015567143
Bosniak_Sandzak_(n=6),0.12880983,0.13997367,0.0366435,0.0071598333,0.0318005,0.0032071667,0.0048958333,0.0035381667,0.0019771667,0.0042823333,0.00032483333,-0.00082433333,-0.00042133333,0.0099776667,-0.0171235,0.0018783333,0.0125385,-0.0016045,0.0030375,-0.0018135,-0.0064885,-0.0033796667,0.0015611667,0.0032133333,-0.0032731667
Botlikh_(n=15),0.11283647,0.10378693,-0.021923267,0.013673667,-0.0404382,0.012513,0.0076454667,-0.0047075333,-0.061466133,-0.041185267,-0.0033019333,0.0059347333,-0.011962267,-0.0082482,0.014404467,-0.0057189333,-0.0016950667,-0.0018159333,-0.0047012,0.004969,-0.00074033333,0.0022094,0.0034509333,0.0078964667,-0.0030017333
Botlikh_o_(n=2),0.1104085,0.1157705,-0.0414835,-0.0150195,-0.0376995,0.0013945,0.01081,-0.0006925,-0.051029,-0.0281555,-0.0027605,0.005695,-0.011298,-0.002959,0.0056325,0.0075575,0.017276,-0.0019,-0.00176,0.0093795,0.0024335,0.0037715,0.005423,0.0059645,0.00012
Bouyei_Guizhou_Anshun_Guanling_(n=44),0.016038727,-0.44729452,-0.039837636,-0.064365091,0.1256878,0.060107295,-0.00063022727,-0.010426182,-0.020880023,-0.011414614,0.0057058409,-0.001141,0.0016285,-0.0045196364,-0.0020697955,0.0034684545,0.0029336818,0.00013529545,-0.0015569545,-0.012477636,0.012472318,0.0070959773,0.015375182,-0.00088177273,0.0024983864
Bouyei_Guizhou_Anshun_Guanling_o_(n=4),0.01792675,-0.44860975,-0.02074175,-0.06710325,0.09432525,0.0466445,0.00193875,0.00109625,-0.01513475,-0.003827,-0.03393925,-0.00438375,0.0069125,-0.0122485,-0.007363,0.00159125,0.0033575,0.00285075,-0.0022,-0.01297475,0.01444325,0.00840825,0.01743975,-0.00334375,0.00062875
Bouyei_Guizhou_Qianxinan_Ceheng_(n=33),0.014314182,-0.44766382,-0.040203333,-0.064130182,0.12786536,0.05986003,-0.0027132121,-0.010489152,-0.019522818,-0.012596333,0.0053932727,-0.00035427273,0.00046406061,-0.0045457576,0.0011268485,0.0039736061,0.0027815758,0.00035324242,-0.0026891212,-0.012574242,0.01294303,0.0050585758,0.015002636,-0.000471,0.0013679697
Bouyei_Guizhou_Qianxinan_Wangmo_(n=25),0.01693688,-0.446711,-0.03935628,-0.06488424,0.12515572,0.06047464,-0.0016638,-0.01047652,-0.019847,-0.01175784,0.00457292,-0.00047364,0.00281268,-0.00428288,0.00010856,0.00277904,0.00106916,-0.00028376,-0.00175968,-0.00937944,0.01294208,0.00581164,0.01601736,-0.0006748,0.0040044
Brahui_(n=23),0.069580609,0.049937652,-0.1023473,0.031822522,-0.073498783,0.029404739,0.006253087,0.0020066957,-0.021377304,-0.020394565,-0.0028383478,-0.0032839565,0.0055263478,-0.010202,0.016221565,0.030518696,-0.0091155652,0.0045332174,0.0059023043,-0.026229957,-0.00019526087,-0.015639348,-0.00072865217,-0.016911739,0.013432696
Brahui_(Siddi-Mixed)_(n=2),-0.0614645,0.0492535,-0.082212,0.0276165,-0.055241,0.0220325,0.0055225,0.0078455,-0.0154415,-0.0104785,0.000081,-0.0024725,0.007359,-0.000138,0.003393,0.025391,-0.007041,0.0108315,0.0018225,-0.0140065,0.0023085,-0.0043895,-0.0011705,-0.0066275,0.0124535
Braj_Brahmin_Gaur_(n=1),0.0692,-0.0152,-0.1115,0.1019,-0.0626,0.0533,0.0009,0.0073,0.0127,0.0055,-0.0055,0.0011,-0.0025,-0.0092,0.0082,0.0143,0.0072,0.0005,-0.0008,-0.009,0.0054,-0.0009,0.0042,0.0016,-0.0086
Braj_Jatav_(n=5),0.0528138,-0.0714932,-0.147605,0.1105316,-0.0720748,0.0633084,-0.005076,0.0110302,0.038614,0.0254768,-0.0091264,-0.0035068,-0.001011,0.002037,-0.0025786,-0.008486,0.0022426,-0.0010894,0.0008294,0.004202,-0.0002498,0.0012364,-0.0000246,0.00335,-0.0043826
Braj_Kurmi_(n=6),0.052168833,-0.063132,-0.14977967,0.111436,-0.074937167,0.060612167,0.002585,0.0097688333,0.034905333,0.020592833,-0.0053318333,-0.0017735,0.0019076667,0.00066533333,0.0019,-0.0016573333,0.00013033333,0.0025338333,-0.0001675,-0.00070866667,0.0043048333,-0.0018341667,0.00073933333,0.00076316667,-0.0026543333
Braj_Rajput_Madhya_Pradesh_(n=1),0.063741,-0.024373,-0.118039,0.102068,-0.066166,0.059961,0.00329,0.014999,0.014521,0.009294,-0.00747,0.006294,-0.011447,-0.007019,0.00855,-0.006364,-0.019427,0.003927,-0.000754,-0.01013,0.004243,0.001607,0.002095,0.01205,-0.006586
Braj_Rajput_Uttar_Pradesh_(n=1),0.0685,-0.0234,-0.1113,0.0997,-0.0658,0.0569,0.0015,0.0078,0.0242,0.0107,0.0001,-0.0001,-0.0038,0.0038,0.0023,-0.0004,-0.0066,0.0029,0.0033,-0.0135,-0.0047,0.0072,0.001,0.0043,-0.0047
Brazilian_Branco_(n=2032),0.056586002,0.11207194,0.041342844,0.0049072177,0.028166562,-0.0022549598,-0.02210423,-0.020938765,0.01620578,0.022708236,-0.00085595369,0.0040802295,-0.0072908602,-0.0063591858,0.0059921243,-0.000056331841,-0.0013627702,-0.00074149247,-0.0024232258,-0.00024003145,0.001591701,-0.0012481062,-0.00029427825,-0.00026727377,0.00050256019
Brazilian_Caboclo_(n=6),0.087518,-0.082918,0.080246333,0.054343667,-0.035565333,-0.004997,-0.15119917,-0.18205417,0.0014138333,0.0014683333,-0.00088133333,0.0019901667,-0.0050893333,0.0037198333,0.001263,0.0018606667,0.00081266667,0.000316,0.00031316667,-0.00034766667,0.00081716667,0.0034163333,-0.0012411667,0.00072183333,0.0004265
Brazilian_Pardo_(n=967),-0.086554101,0.065186741,0.04362071,0.015649115,0.011495583,-0.00027817008,-0.042285332,-0.0448579,0.0050894539,0.019689612,0.00074182971,0.0032007084,-0.0038623371,-0.0032650515,0.0049944681,-0.00053228073,0.00007874333,-0.00029146412,-0.0021106631,-0.000057111203,0.0015141213,-0.0013647766,0.000068191037,0.000032119821,0.00081741306
Brazilian_Pardo_(Amarelo-Mixed)_(n=17),0.041258118,-0.15563176,0.027914353,-0.016446588,0.030776118,0.0051171765,-0.016557471,-0.015695529,0.0057918824,0.012593765,-0.019469765,0.00048658824,-0.0023157647,-0.0056689412,-0.00098105882,-0.0027607059,-0.0016445294,0.00072852941,-0.0015537059,-0.00073764706,0.0067963529,-0.0015530588,0.002283,0.00044217647,-0.0039575294
Breton_(n=3),0.13089667,0.13980467,0.059082333,0.038867667,0.039186333,0.016175333,0.00282,0.0017693333,0.005181,0.010022667,-0.0077406667,0.0084426667,-0.015114,-0.014817333,0.012667,0.0019886667,-0.0042156667,0.0016893333,0.002388,-0.002501,0.002038,0.001731,0.0033686667,0.012692333,-0.00035933333
Breton_Cotes-d'Armor_(n=8),0.13217713,0.1367155,0.060904875,0.04513925,0.036583625,0.01753525,0.00182125,0.002192125,0.0082065,0.007950125,-0.0051355,0.00569475,-0.014252875,-0.0145365,0.019611625,0.00140875,-0.011017375,0.001045375,0.00097425,0.002548,0.003946125,0.00435875,-0.001972,0.011160875,0.00227525
Breton_Finistere_(n=17),0.13196794,0.13649918,0.061115647,0.042883,0.038957529,0.015995176,0.00517,0.0052532353,0.004704,0.0065712941,-0.0069349412,0.0052188824,-0.015906647,-0.013187529,0.021268294,0.0046328824,-0.0064807647,0.00078241176,0.00085023529,0.003737,0.0031414706,0.0028876471,-0.00043494118,0.010100588,0.0011341176
Breton_Ille-et-Vilaine_(n=5),0.130669,0.141362,0.053325,0.0344318,0.0406228,0.0141118,0.002021,0.006646,0.0101854,0.0095858,-0.0051316,0.0050652,-0.013528,-0.0115878,0.0102604,0.007478,-0.0018776,-0.000836,0.0011062,-0.0003752,0.0059894,0.002844,-0.000986,0.0095194,0.0002156
Breton_Ille-et-Vilaine_Rennes_(n=32),0.13125231,0.13830247,0.057345937,0.037377156,0.038814844,0.014877062,0.0024455,0.0044132813,0.0082575625,0.0098292812,-0.0049325,0.005821375,-0.013737188,-0.013499906,0.018542781,0.0048229687,-0.0058633125,0.0014014688,-0.0003810625,0.0018211563,0.0046948125,0.0013950625,-0.0007048125,0.011176156,0.0000860625
Breton_Loire-Atlantique_(n=5),0.129986,0.1377058,0.0562664,0.0338504,0.0447466,0.0137214,0.003995,0.0029536,0.005563,0.0134124,-0.0047094,0.0081828,-0.0163526,-0.011643,0.0150106,0.0092812,-0.0025818,0.0014696,-0.0020366,0.0006752,0.0043424,0.0046492,-0.0041902,0.0045066,-0.000503
Breton_Morbihan_(n=7),0.13170971,0.136081,0.056298714,0.040605714,0.040359,0.013705429,-0.000067142857,0.0023077143,0.0079472857,0.0079141429,-0.0054515714,0.0075145714,-0.017860571,-0.014135714,0.020086571,0.0065727143,-0.0071712857,0.0034205714,0.0038607143,0.0049667143,0.0044208571,0.0016604286,-0.002236,0.010121714,-0.00010285714
Brokpa_(Minaro)_(n=5),0.0678386,-0.0333096,-0.1035572,0.0706078,-0.0700438,0.045738,-0.000329,-0.0020768,-0.0044586,-0.0018226,-0.0085742,0.001049,-0.000535,-0.0068262,0.009066,0.006815,0.0018774,-0.0007092,-0.0012318,-0.006378,-0.0002744,-0.0007172,0.0016762,-0.0034462,0.0013652
Brokpa_(Minaro)_o1_(n=3),0.064120667,-0.093090333,-0.092017333,0.061154667,-0.06155,0.031514667,-0.00141,0.0033073333,-0.0019086667,-0.0010326667,-0.021273,-0.0017486667,0.001338,-0.010184,0.0055193333,0.0069833333,0.000652,-0.0022803333,-0.0040223333,-0.004419,-0.0056153333,0.001484,0.006984,-0.001687,0.0078233333
Brokpa_(Minaro)_o2_(n=10),0.0484887,-0.1802564,-0.0586046,0.0280041,-0.0372682,0.0296461,0.0023265,0.0040616,0.0028428,0.0027882,-0.0348161,-0.0059197,0.0041623,-0.0053536,-0.0010722,0.0034739,0.0026467,-0.0028252,-0.003331,-0.003214,-0.0013101,0.0090885,0.0048437,-0.0008796,0.0161781
Bukharian_Jew_(n=31),0.092894226,0.11138065,-0.057565613,-0.044688613,-0.033048355,-0.010193,0.0014403226,-0.004444,-0.017153613,-0.0050556129,0.00074909677,-0.0045540968,0.0073850323,-0.0012385806,0.0015585484,0.0088493871,-0.0037643226,0.0021864839,0.0022139355,-0.0072494194,-0.0014932581,-0.00057045161,-0.0028148387,-0.001236,0.0035190323
Bulala_(n=2),-0.5235865,0.0700715,0.0054685,-0.016473,-0.0006155,-0.005299,-0.0316085,0.026768,0.0523585,-0.0552175,-0.009987,0.0104905,-0.015981,-0.0052295,0.0109935,-0.013524,0.014016,-0.008805,0.003268,-0.009192,-0.0026205,-0.0027205,0.0040675,-0.0031325,0.0013175
Bulgarian_(n=16),0.12321344,0.13500175,0.025879875,0.001615,0.023138875,0.001568625,0.0056253125,0.0044996875,-0.0025309375,0.005398625,-0.0004465625,-0.000946,0.0010221875,0.010984125,-0.013495687,-0.0040521875,0.0060301875,0.000807625,0.00323675,-0.0028294375,-0.0059895,0.000865625,0.003019625,0.000715375,-0.00199825
Bulgarian_Blagoevgrad_(n=4),0.12549,0.1409045,0.032998,0.00185725,0.027159,0.004044,0.00405375,0.00698025,-0.0005625,0.002369,0.0004465,-0.00251025,0.00215575,0.0121795,-0.014997,-0.01150225,0.0022165,-0.002217,0.005625,-0.00215725,-0.0092025,0.001731,0.005546,0.0010845,0.0022755
Bulgarian_Burgas_(n=4),0.11666875,0.135573,0.02319275,-0.002261,0.0226195,0.0009765,0.00252625,0.0064035,-0.00086925,0.00797275,0.0005685,-0.0016485,0.0020815,0.00825725,-0.011672,0.00109375,0.0064215,-0.00247025,0.00436775,-0.003533,-0.01069975,0.00315325,0.00406725,0.00253025,-0.00179625
Bulgarian_Gabrovo_(n=1),0.117238,0.141159,0.019233,-0.007106,0.025851,-0.001673,0.003525,-0.001385,0.001841,0.005285,-0.001137,-0.003447,0.003271,0.009634,-0.017101,-0.004243,0.007302,-0.004054,0.006034,-0.002376,-0.00287,-0.002968,0.008627,-0.004579,0.001916
Bulgarian_Greece_(n=4),0.12489385,0.1375844,0.029292425,0.005284725,0.02507395,0.003363,0.00557585,0.00407515,-0.002356975,0.003285875,-0.00127975,6.25e-7,-0.000424725,0.010221825,-0.012153575,-0.0018643,0.005636775,0.00057555,0.005920425,-0.0035867,-0.006307025,-0.001007475,0.00403225,0.0025963,-0.001457425
Bulgarian_Haskovo_(n=1),0.1224373,0.14151,0.0242181,0.0002233,0.0256537,0.0027531,0.0041363,0.0028758,-0.0019459,0.005598,-0.0031683,0.0002732,-0.0015029,0.0135896,-0.0097679,0.0009387,0.0073007,0.0007433,0.0058248,-0.0025858,-0.0032989,-0.0040293,0.0026285,0.0002577,0.0007376
Bulgarian_Montana_(n=5),0.1222458,0.134659,0.0334882,0.0065246,0.0269588,0.0044064,0.003008,0.0083994,0.0005726,0.0015308,-0.000682,-0.0013488,0.0055302,0.0118632,-0.0123778,-0.0057278,0.0011994,-0.0008106,0.0059834,-0.0030764,-0.0076616,-0.0015582,0.002687,-0.000506,-0.0016286
Bulgarian_Pazardzhik_(n=1),0.119514,0.139128,0.024513,-0.001938,0.026466,-0.001673,0.004465,0.001154,0.001023,0.005467,0.003573,0.000749,-0.002973,0.010872,-0.012351,0.005171,0.013951,-0.00038,0.003645,-0.001251,-0.001747,-0.001978,0.006902,-0.002048,0.001078
Bulgarian_Pernik_(n=1),0.113823,0.131003,0.026021,0.001615,0.022466,-0.005857,0.00329,0.004384,-0.003272,0.004374,-0.000974,0.005695,-0.004162,0.007569,-0.016015,-0.010342,-0.005346,-0.00228,0.002765,-0.010505,-0.01123,0,0.00456,0.003374,0.006706
Bulgarian_Sliven_(n=1),0.112685,0.138112,0.023381,0.003553,0.022773,-0.000837,0.00423,0.004615,-0.002045,0.000547,-0.001786,-0.001798,0.000149,0.01101,-0.006786,-0.012861,-0.01356,0.002407,0.006913,-0.002001,0.000998,0.001731,-0.000246,-0.002892,-0.000599
Bulgarian_Sofia_(n=6),0.11989367,0.13591167,0.025267167,0.0015073333,0.022363,0.0011621667,0.0072066667,0.0040383333,-0.002011,0.0035231667,-0.0011366667,-0.00044966667,-0.000074333333,0.0082801667,-0.012531667,-0.00024316667,0.0049983333,-0.0024071667,0.0047136667,-0.0051275,-0.0055525,0.0022465,0.0041903333,-0.000743,-0.00043916667
Bulgarian_Targovishte_(n=1),0.120652,0.135065,0.017725,0.004199,0.020619,0.005857,0.000705,-0.000692,-0.004909,0.004374,0.006983,-0.006744,-0.002825,0.017753,-0.009365,-0.000663,0.006389,0.003167,0.001634,-0.009129,-0.01123,-0.005935,0.001356,-0.000602,-0.010179
Bulgarian_Varna_(n=2),0.1217905,0.137604,0.021496,0.0014535,0.0241585,0.00502,0.0052875,0.003,-0.002454,0.0049205,-0.0022735,-0.002098,-0.000446,0.007156,-0.0113325,-0.004906,0.0075625,-0.00247,0.001697,-0.0064405,-0.0098575,-0.0010515,0.0001235,0.0018075,0.0011975
Bulgarian_Veliko_Tarnovo_(n=7),0.11723786,0.13463014,0.023004429,-0.0031377143,0.024180429,-0.00087657143,0.0031221429,0.0038238571,-0.0031554286,0.0067687143,0.0016704286,-0.0022478571,0.0015078571,0.0082574286,-0.013979143,0.0031631429,0.011492429,0.0015565714,0.0026935714,-0.002376,-0.008182,-0.00072428571,0.0055814286,-0.0027884286,-0.0028568571
Bulgarian_Vidin_(n=1),0.121791,0.138112,0.034695,0.021964,0.030467,0.002789,0.002585,0.003,0.00225,-0.006196,-0.00065,-0.002847,0.00446,0.015138,-0.013979,-0.006099,0.012126,0.001647,0.005782,-0.004127,-0.013601,0.001113,0.003697,-0.002169,0.000838
Bulgarian_Yambol_(n=1),0.12862,0.138112,0.02225,-0.001292,0.017542,-0.005299,0.00094,0.005077,-0.006545,-0.002551,-0.00406,-0.002248,0.002676,0.015827,-0.019679,-0.011668,-0.008475,0.004434,0.006662,-0.003126,-0.007112,-0.004081,0.00456,-0.006386,-0.006107
Bundeli_Lodhi_(n=11),0.044390909,-0.081334818,-0.16452755,0.12279973,-0.072265182,0.067111182,-0.0024781818,0.014370091,0.048695273,0.029538818,-0.0076617273,0.0017439091,-0.0026758182,0.0021519091,-0.0077238182,-0.0067257273,0.0066853636,-0.00033418182,0.0016454545,0.0025921818,0.0048663636,0.0015512727,0.0014004545,0.0052690909,-0.0039843636
Bundeli_Manjhi_Madhya_Pradesh_(n=4),0.0369925,-0.10104525,-0.1543365,0.11151675,-0.0606265,0.06386575,-0.0001175,0.0149415,0.0513865,0.031481,-0.00227325,0.00449625,-0.002899,0.00209875,-0.006209,-0.01223125,0.00042375,-0.00294525,0.001697,0.00368925,0.00471025,0.003926,-0.00311225,0.00870575,0.00008975
Bundeli_Sonkar_(n=5),0.0432528,-0.0899762,-0.1695534,0.1212552,-0.0697976,0.0647584,-0.006204,0.0102458,0.0495358,0.0305792,-0.0030854,-0.0005994,-0.0024976,0.0043488,-0.0092832,-0.0100238,0.0035464,0.0015454,-0.0050026,0.0025012,0.0038432,0.0044268,-0.0037468,0.0017112,-0.008191
Bundeli/Bagheli_Kurmi_Madhya_Pradesh_(n=4),0.04951325,-0.0682945,-0.148303,0.11410075,-0.07178275,0.064145,-0.0005875,0.01148025,0.03753025,0.020775,-0.008566,-0.0008615,-0.002416,0.00378475,-0.00322325,-0.0026185,0.00567175,-0.00155175,-0.00449375,0.0031265,0.0005615,-0.00046375,-0.004098,0.0035545,-0.0073045
Bunu_Baiku_Yao_(n=20),0.0158783,-0.45028565,-0.0316592,-0.0638894,0.1113591,0.04728595,-0.00052875,-0.00694585,-0.0184276,-0.00579505,-0.0167992,-0.0056875,0.0049802,-0.00429375,0.0004343,0.00171705,0.0024186,-0.0025275,-0.009176,-0.01386295,0.0111116,0.0116234,0.02048365,-0.0042234,0.0073585
Bunu_Changshan_Yao_(n=19),0.016773895,-0.44950553,-0.032432316,-0.067813,0.11537374,0.050802105,0.00098947368,-0.0066920526,-0.016555579,-0.011567053,-0.012811632,-0.0037388947,0.0061185263,-0.0063451579,-0.0019216316,-0.0012629474,0.000597,-0.0022871053,-0.0050478947,-0.015573316,0.014376,0.010621105,0.021029947,-0.0020484737,0.0082939474
Bunu_Qing_Yao_(n=19),0.017433053,-0.45014684,-0.031797158,-0.06596,0.11472589,0.047998526,0.00085342105,-0.0049673158,-0.018826947,-0.0086323158,-0.016811421,-0.0044644211,0.0035052105,-0.0054904737,-0.00095721053,0.000090684211,-0.0016880526,-0.0016802632,-0.0055240526,-0.01427,0.012707842,0.011512632,0.020718632,-0.0023336842,0.0049096842
Bunu_Youmai_Yao_(n=28),0.0145125,-0.44944432,-0.040096036,-0.066203464,0.12238539,0.05563875,-0.0027696786,-0.0072028929,-0.020277107,-0.0083697143,0.00034803571,-0.0005995,0.003074,-0.0048069286,0.000019428571,0.0051568214,0.0026356786,-0.0019771786,-0.0034206786,-0.013475214,0.012558179,0.0065668571,0.017395571,-0.0016438929,0.0067102143
Burusho_(n=20),0.07125325,-0.0373207,-0.08604005,0.06154765,-0.06590445,0.0387101,0.0034075,0.00311525,-0.01089095,-0.0103419,-0.01302365,-0.0015286,0.0001784,-0.0104111,0.00908645,0.0097321,0.00001295,-0.00118455,0.0001381,-0.0064969,-0.00384945,-0.00114995,0.00374065,-0.0003495,0.00451445
Buryat_(n=27),0.043590074,-0.36735841,0.077910296,-0.026557778,-0.067442593,-0.039230593,0.018235222,0.025605778,0.0070143333,0.012803778,-0.022307296,0.001543037,-0.0022464074,0.0054743333,0.0042224074,0.0038401852,0.00028485185,-0.0019988519,0.0059357407,0.016651444,-0.021258741,-0.010235704,-0.024206815,-0.0021644074,-0.00046118519
Buryat_(European-Mixed)_(n=2),0.076831,-0.186857,0.0808925,0.0085595,-0.0289285,-0.0192435,0.018331,0.020999,0.00859,-0.0010025,-0.0120165,-0.004121,0.0042365,0.015001,-0.003393,-0.005436,-0.0003915,-0.001774,0.0027025,0.014882,-0.0172195,-0.016013,-0.012448,-0.0045185,0.0015565
Buryat_Aginsky_(n=11),0.042425,-0.37029882,0.079606818,-0.026515364,-0.069775364,-0.038106545,0.019719636,0.026180636,0.0092220909,0.012872545,-0.017892182,0.0020163636,-0.0053381818,0.0079822727,0.0057742727,0.0016151818,-0.0038049091,0.0016008182,0.0077132727,0.014063455,-0.017196909,-0.013950273,-0.018240636,0.0013584545,0.00016336364
Buryat_Aginsky_(European-Mixed)_(n=1),0.062603,-0.214277,0.082589,0.006783,-0.030775,-0.021753,0.014336,0.024691,0.010226,0.007472,0.004872,0.0003,0.000892,0.007294,0.004479,-0.009149,-0.019688,0.003167,0.011564,0.002001,-0.004742,-0.01014,-0.020459,0.004579,0.008143
Buryat_Duldurginsky_(n=4),0.03898425,-0.3765075,0.07749825,-0.0334305,-0.067166,-0.035768,0.01874225,0.026595,0.00843675,0.0085195,-0.02204425,-0.00251025,-0.0068755,0.009014,0.0057005,0.00162425,0.0011735,0.0002535,0.0062535,0.01832125,-0.01413125,-0.010634,-0.01719325,-0.001054,-0.00032925
Buryat_Irkutsk_(n=11),0.044597909,-0.35728182,0.075561273,-0.025781273,-0.066529818,-0.038766,0.018929182,0.023810091,0.0058754545,0.012243,-0.025539182,0.0021662727,-0.0005,0.0075818182,0.0058729091,0.0014223636,0.0011379091,0.0013590909,0.005005,0.018065545,-0.020112182,-0.011533364,-0.024851364,-0.0013143636,-0.00065318182
Buryat_Khorinsky_(n=5),0.0427974,-0.3702618,0.0806284,-0.0298452,-0.0661662,-0.039491,0.02054,0.0213684,0.0081402,0.0122826,-0.0203958,0.0013788,-0.004906,0.003936,0.0048586,-0.0010342,-0.0037552,0.0014442,0.0048768,0.0158578,-0.0162464,-0.0135028,-0.0230226,0.0004582,0.001006
Buryat_Mongolia_(n=2),0.048375,-0.371176,0.0724075,-0.0260015,-0.069859,-0.0426705,0.020446,0.029653,0.0153395,0.0112075,-0.025008,-0.0057695,-0.0027505,0.0008945,0.0023755,0.0010605,-0.002021,0.004244,0.0096785,0.0131315,-0.017906,-0.009769,-0.0176245,-0.0051815,-0.005329
Buryat_Mongolia_(low_res)_(n=23),0.044044565,-0.37256678,0.072144913,-0.026668565,-0.058713217,-0.034800783,0.01420287,0.019755,0.0055131304,0.010474565,-0.024224087,0.0013879565,-0.0040784348,0.0040867826,0.0017643478,-0.001101,-0.0018026522,0.0018563043,0.0044433043,0.010331087,-0.012559261,-0.011322217,-0.016976,-0.00070730435,-0.0015723913
Buryat_Zakamensky_(n=6),0.041735167,-0.36796033,0.076178333,-0.027455,-0.071090167,-0.041275833,0.018526833,0.024268167,0.0082491667,0.011845167,-0.021218833,0.0005495,-0.0038651667,0.0021561667,0.004886,0.0025193333,-0.000326,-0.00092916667,0.0072696667,0.010275667,-0.017781167,-0.0093358333,-0.020911,0.0005625,0.0010176667
Cachi_(n=4),0.0526435,-0.2924725,0.112759,0.0906015,-0.10548125,-0.0181975,-0.28594925,-0.34169725,-0.010891,-0.0122555,-0.0018675,-0.00142375,0.001598,0.022811,-0.00644675,0.004243,0.00955075,0.00180525,-0.0001885,-0.00109425,-0.00124775,0.005626,-0.00154075,-0.0016265,0.000569
Caddo_(European-Mixed)_(n=1),0.108157,-0.036104,0.089432,0.064709,-0.009943,0.006803,-0.09132,-0.107932,0.000921,-0.005194,-0.005943,-0.000113,-0.002453,0.005824,0.008069,0.004316,-0.003569,0.001526,0.004749,0.004191,0.005291,-0.000089,-0.000677,0.007592,0.003267
Cambodian_(n=3),0.016693667,-0.39944167,-0.061973333,-0.034345667,0.115919,0.061820667,0.000235,-0.0055383333,-0.0056583333,-0.011602333,0.039406333,0.0018486667,-0.001784,-0.0027526667,-0.001538,-0.003978,-0.0023033333,-0.0025763333,-0.0047346667,0.0055863333,-0.003785,0.011211333,-0.00069833333,0.000080333333,0.021515
Cameroonian_Bafut_(n=11),-0.628407,0.061393364,0.019747455,0.01615,-0.000027909091,0.016454545,-0.023949727,0.031257364,-0.037539455,0.020393909,0.0029820909,-0.00050427273,0.0053246364,0.0018642727,-0.00051836364,0.00036154545,-0.002833,0.0016354545,0.001337,0.0017621818,0.0017923636,0.0011240909,-0.00040327273,-0.00030681818,0.0012193636
Cameroonian_Bantu_(n=50),-0.6280987,0.06278,0.0190824,0.01806862,0.00026466,0.0111222,-0.01552494,0.02251742,-0.03295292,0.01897802,0.00306264,-0.00383058,-0.00073432,0.00078988,-0.0041856,0.00353748,-0.00354896,0.00127956,-0.00120418,0.00226108,0.00065128,0.00028444,-0.00006402,0.00018076,-0.00137948
Cameroonian_Semi-Bantu_(n=50),-0.62759784,0.06353144,0.01978372,0.01540064,-0.00100336,0.01193658,-0.02566304,0.0305572,-0.03609026,0.02135446,0.00375766,-0.00104008,0.00603262,0.00098816,-0.00144952,-0.0003103,-0.00052938,0.0018193,-0.00061588,0.0006228,0.00127774,0.00196602,-0.0003032,-0.00076146,0.0005006
Canadian_(Metis-Mixed)_Newfoundland_and_Labrador_(n=15),0.12429473,0.0911946,0.0607918,0.0348194,0.023347867,0.0096126,-0.013802933,-0.014614733,0.0059447333,0.0064633333,-0.0039082,0.005635,-0.0122992,-0.0093032,0.015254933,-0.00055686667,-0.0074493333,0.0022973333,0.0037373333,0.0016008,0.0026536,-0.001525,-0.00071473333,0.0103708,0.0032492
Canadian_Metis_(n=6),0.099104,-0.084778833,0.088194167,0.065942833,-0.028725833,0.0023173333,-0.10095033,-0.119364,-0.0022476667,-0.010369833,0.0016985,-0.0013955,0.00035616667,0.0018991667,0.0019008333,0.003086,-0.0012321667,0.0018696667,0.0046961667,0.0020761667,0.0029846667,-0.0012055,0.00028233333,0.0054811667,0.0011958333
Cape_Verdean_(n=14),-0.2607705,0.111911,0.026840571,0.0046151429,0.020991429,0.0041039286,0.0009335,0.0061472857,-0.001868,0.027214357,0.00087807143,0.0021271429,0.0011125714,-0.0043095714,0.0064884286,-0.0014160714,-0.00098564286,-0.00065242857,-0.0032452143,0.000335,0.0014857857,-0.0020999286,0.00018985714,0.000036285714,0.00049457143
Cashibo_(n=6),0.050651167,-0.316676,0.11225633,0.10115283,-0.11186667,-0.013340333,-0.310214,-0.3682925,-0.016123333,-0.019074,-0.00043316667,-0.004371,-0.00042116667,0.027042667,-0.010043333,0.0066956667,0.007171,0.00099233333,-0.0020531667,0.00062533333,-0.0016636667,0.0026173333,-0.007559,-0.003133,-0.0069253333
Catawba_(European-Mixed)_(n=3),0.11381367,0.060976,0.067694667,0.052227667,0.017147667,0.011836333,-0.040517,-0.046444667,0.004174,-0.00035866667,-0.002804,0.0027806667,-0.0066883333,-0.0067243333,0.014043667,0.005319,-0.0057413333,0.001139,0.0017036667,0.001911,0.0035043333,0.0021766667,-0.000755,0.009006,0.00070933333
Chakkiliyan_(n=31),0.02599571,-0.11563935,-0.18593268,0.12964903,-0.070474645,0.066205032,-0.0034416774,0.014954677,0.069557903,0.044583258,-0.0040440645,0.00044480645,0.00041716129,0.0095049032,-0.013576452,-0.013960355,0.0079072258,0.00012258065,-0.0017353871,0.0095126774,0.0043673871,0.0047826452,-0.0019401613,0.0028334839,-0.0060994194
Chamalal_(n=11),0.11237455,0.10829236,-0.024890091,0.011774818,-0.042805091,0.014806545,0.011665182,-0.0032725455,-0.061654636,-0.042245636,-0.003351,0.0054769091,-0.014393091,-0.0090080909,0.018494909,-0.0023263636,0.0040656364,-0.0040193636,-0.0058963636,0.0038313636,0.00135,0.0027091818,0.0080222727,0.0097492727,-0.00087109091
Chanangi/Chaluvadi_Handigodu_(n=18),0.0138485,-0.14127144,-0.19055072,0.135984,-0.063379389,0.066313944,-0.0042822778,0.017794111,0.081582167,0.050692,-0.002896,-0.00042461111,-0.0036091667,0.010581611,-0.015766278,-0.019615944,0.011546167,-0.0028293889,-0.0026397222,0.018988167,0.0064262222,0.0063474444,-0.0040396667,0.0055762778,-0.0080363333
Chane_(n=1),0.054635,-0.316845,0.114645,0.10013,-0.110482,-0.023427,-0.302694,-0.3616,-0.009817,-0.011845,0.005196,-0.004496,0.004608,0.02546,-0.012622,0.006099,0.007693,0.00152,0.003017,-0.004627,0.002371,0.004946,-0.00493,-0.008194,0.003113
Changana_(n=9),-0.62805056,0.064429556,0.021705333,0.016437111,-0.00010244444,0.012519111,-0.015040778,0.021845444,-0.031496667,0.012169333,0.0018585556,0.00088255556,-0.011744111,0.0025078889,-0.017025333,0.013435778,-0.012763111,0.012879889,-0.010977556,0.0042103333,0.00056844444,-0.00078311111,0.0015473333,-0.00089688889,0.00089144444
Chaudhari_Gujarat_(n=4),0.0355695,-0.108154,-0.17752975,0.127909,-0.06385825,0.06735225,-0.0034075,0.01367225,0.0673905,0.04218775,-0.00097425,-0.0031095,0.0000745,0.00684675,-0.0123505,-0.0072925,0.007823,0.00212175,0.0029225,0.00837875,-0.00074875,-0.0002475,0.0036975,0.00491025,-0.00766375
Chechen_(n=16),0.11285675,0.10469975,-0.030191125,-0.0084674375,-0.036377313,0.006754125,0.0083723125,-0.004912,-0.056685375,-0.033192938,-0.0022385,0.0081598125,-0.016553063,-0.00577275,0.011029563,-0.0088351875,0.005366625,-0.0061943125,-0.0088469375,0.01312025,0.002572,0.0021694375,0.003858375,0.0063290625,-0.0046061875
Chelkan_(n=8),0.06971675,-0.2123725,0.06972025,0.0289085,-0.057856875,-0.0126895,0.005699,0.006548,-0.007158375,-0.019909375,-0.008931375,-0.001442375,0.003586375,-0.03127475,0.01082375,0.00062975,-0.009404,-0.00044325,0.00653625,0.01213075,-0.0379955,0.007743625,-0.0059005,-0.00700375,-0.00380175
Chelkan_(European-Mixed)_(n=5),0.0862778,-0.1253164,0.0737646,0.0344318,-0.03416,-0.0040718,0.0057342,0.0067844,-0.0050312,-0.0184062,-0.005521,-0.0044958,0.0057084,-0.0147806,0.0025786,0.004508,-0.0020862,0.0004562,0.0065362,0.0101798,-0.0256048,0.0046988,-0.0049052,-0.0018316,-0.0057958
Chenchu_(n=3),0.032629,-0.11441667,-0.165179,0.110144,-0.065858333,0.060054667,-0.0043083333,0.014153,0.052971667,0.037115333,-0.008769,-0.000999,-0.0024776667,0.006239,-0.0096363333,-0.014629,0.0034333333,-0.0039273333,-0.003771,0.0096296667,0.00074866667,0.00136,0.0022183333,0.0027713333,-0.0048696667
Cheq_Wong_(n=11),0.0037249091,-0.358205,-0.095651545,0.000969,0.11999436,0.052659727,-0.0050845455,-0.010321273,0.0068051818,-0.0081178182,0.078049727,0.0052998182,-0.012392909,0.0091082727,-0.0015792727,-0.0048214545,-0.0018726364,-0.0030059091,-0.0036794545,0.018304182,-0.019681,0.011881818,-0.012425727,0.0038559091,0.029882818
Cherokee_(European-Mixed)_(n=6),0.093348833,-0.0369015,0.080763833,0.061281833,-0.016042833,0.0041181667,-0.0987025,-0.117874,-0.00025316667,-0.0066925,-0.00066016667,0.00083533333,-0.0028466667,-0.0028308333,0.0061483333,0.0025093333,-0.0027985,0.00058433333,0.00068333333,0.0024321667,0.0026665,0.0034613333,-0.00041766667,0.0067253333,0.00077283333
Chewa_Malawi_(n=111),-0.62745247,0.063511676,0.019973802,0.015803721,-0.000091477477,0.012213441,-0.013747162,0.022028207,-0.027922081,0.011088477,0.000948,0.0013001622,-0.011491036,0.0015436036,-0.017285369,0.012781153,-0.012395937,0.0093714955,-0.0089766306,0.0049922793,0.0003450991,-0.0013368108,0.0020618829,-0.0007011982,-0.00096227027
Chhattisgarhi_Brahmin_Tiwari_(n=16),0.067653563,-0.02545175,-0.11445619,0.098959187,-0.066396937,0.05523775,0.0017625,0.0057113125,0.016783563,0.0068338125,-0.006353375,-0.0006839375,-0.0016073125,-0.003234125,0.00081425,0.0026601875,0.00198025,-0.002502125,-0.0015005625,-0.0037675,-0.0009983125,-0.00031675,0.003019625,0.0029595625,-0.00081575
Chhattisgarhi_Rajput_Chauhan_(n=3),0.021626333,-0.15706833,-0.17925833,0.126294,-0.047188,0.070838,-0.00235,0.0089996667,0.06947,0.046348667,0.0031393333,0.0027473333,-0.004856,0.011789667,-0.011988667,-0.023159,0.0036943333,0.0016046667,-0.00419,0.013798667,0.007029,0.012654,-0.002999,0.00731,-0.0018363333
Chhattisgarhi_Rajput_Chauhan_o_(n=1),0.033009,-0.099522,-0.150848,0.113374,-0.063704,0.063308,-0.000705,0.017076,0.054608,0.035536,-0.005521,-0.006594,-0.000595,0.009771,-0.007193,-0.011138,-0.005998,0.004181,0.005154,0.013882,0.000998,0.004451,0,0.004217,0.001437
Chhattisgarhi_Satnami_(n=6),0.040407167,-0.10409167,-0.16473867,0.121772,-0.067858667,0.0626575,-0.0022716667,0.012422667,0.055357667,0.035748667,0.00070366667,0.0025228333,-0.0021555,0.0055508333,-0.011061,-0.010231333,0.011843167,-0.00080233333,-0.0011311667,0.0040226667,-0.0013931667,0.0051935,-0.000493,0.0061051667,-0.007205
Chhattisgarhi_Satnami_o_(n=1),0.010244,-0.22951,-0.168573,0.104006,-0.004308,0.065539,-0.00846,0.005538,0.075674,0.043737,0.019649,-0.002398,-0.000892,0.013349,-0.018051,-0.027048,-0.001565,-0.003927,-0.007416,0.023011,-0.000499,0.01929,-0.005423,0.012532,0.005029
Chickasaw_(European-Mixed)_(n=5),0.1129196,0.0236384,0.0765042,0.0571478,0.0035554,0.0100702,-0.0572312,-0.067362,-0.000634,-0.0060948,-0.0025756,0.0015982,-0.0053616,-0.0005666,0.0091174,0.0029734,-0.005074,0.001015,0.0033706,0.0030214,0.0018036,0.0020904,8e-7,0.0087248,0.000783
Chilean_Euro-Mestizo_(n=90),0.10734375,0.079473239,0.051691836,0.0165601,0.018200739,-0.0023931394,-0.046964834,-0.051195465,0.014355824,0.018771381,-0.00056306161,0.0041271933,-0.0083209157,-0.0046137707,0.0053437361,0.00034149017,-0.0013507693,-0.00046504064,-0.0014190518,-0.00001672045,0.0020299514,-0.00099649768,-0.00060350918,0.000021422153,0.0006592444
Chilean_Indo-Mestizo_(n=2),0.0682835,-0.2303035,0.0995755,0.080917,-0.0832615,-0.0173315,-0.24198,-0.2868625,-0.006368,-0.0092755,0.011365,-0.001139,0.0002085,0.0106725,-0.008888,0.0019635,0.0049505,0.000744,0.0028325,-0.0008055,-0.000457,-0.001708,0.001097,0.0010025,0.0018505
Chilean_Mestizo_(n=281),0.082818744,-0.031789594,0.06721906,0.034711783,-0.018829171,-0.0080110107,-0.11763414,-0.13742613,0.0078087402,0.010132399,0.0019193025,0.0025161246,-0.0059532064,0.0015141174,0.0010168612,0.00041030249,0.00037169751,0.00018633808,0.0000078967972,0.000065893238,0.0021325872,-0.0013239324,-0.00020720285,0.0002372242,0.0013401495
Chin_(n=43),0.013500023,-0.41771321,-0.025802023,-0.036243605,0.05398493,0.025327256,0.0041753488,0.0018514651,0.0041237674,0.009044,-0.043580465,-0.0052279535,0.0057804884,-0.00075846512,-0.0080738605,-0.0056705349,0.0054974419,-0.0017028605,-0.0082990698,0.010112349,-0.0023766744,0.02756014,0.004396814,0.0028301628,0.04668293
Chin_o_(n=2),0.0221955,-0.359497,-0.046763,-0.010982,0.045855,0.0386265,-0.0045825,-0.005538,0.010431,0.012939,-0.0223285,-0.00517,0.001115,-0.008945,-0.0080075,-0.002453,0.008736,-0.006841,-0.0097415,0.0090665,0.004492,0.018857,-0.000123,0.005603,0.044307
Chipewyan_(n=11),0.056767091,-0.331269,0.114498,0.068294091,-0.10933482,-0.024795364,-0.18950618,-0.22429727,-0.0060420909,-0.015798091,0.017493273,-0.0031573636,0.0037307273,0.0044960909,-0.013496636,-0.0016102727,0.0023964545,0.0051404545,0.013734455,0.0053912727,0.006969,-0.014257455,0.0023138182,0.0057416364,0.0048088182
Chippewa-Cree_(European-Mixed)_(n=2),0.1112005,-0.0046335,0.0746635,0.053984,-0.012219,0.0048495,-0.0723115,-0.085635,-0.0008685,-0.0010435,-0.0003185,0.0038325,-0.009408,-0.0080305,0.0122765,0.001868,-0.0055005,0.0015805,0.0023705,0.002786,0.0039195,0.003962,-0.0011825,0.008944,-0.00167
Chitak_Greece_Eastern_Macedonia_and_Thrace_(n=1),0.106994,0.110693,0.018102,-0.011628,0.012002,-0.006693,0.003055,0.005307,-0.011044,-0.001276,0.003248,0.003897,0.004162,0.007707,-0.009908,0.00716,0.009127,0.004561,0.009553,0.01063,-0.006489,0.006554,0.011216,0.00241,-0.000958
Choctaw_(n=7),0.057244857,-0.30879043,0.11266729,0.087233143,-0.10255671,-0.017354429,-0.25110829,-0.29979157,-0.011088143,-0.016977143,0.00042771429,-0.0039652857,0.0049442857,0.015466143,-0.011898,0.0022467143,0.0060238571,0.0024065714,0.004757,0.0025295714,-0.0011022857,0.0019925714,-0.002038,0.0022472857,0.0029405714
Choctaw_(European-Mixed)_(n=12),0.06561,-0.24348267,0.10191608,0.083319083,-0.083665,-0.010553583,-0.21143867,-0.25277675,-0.010045,-0.016752667,0.00033091667,-0.0034391667,0.003254,0.0099658333,-0.00765225,0.002228,0.0034919167,0.002411,0.00491875,0.00202075,0.00071583333,0.0005765,-0.0013058333,0.00318525,0.003987
Choctaw_(European+SSA-Mixed)_(n=6),-0.096061667,0.035223833,0.060093167,0.048224333,0.0032308333,0.00925,-0.048112167,-0.0415855,-0.010264333,0.0049431667,-0.0023701667,0.0019386667,0.00059883333,-0.0034711667,0.012130167,0.0028105,-0.0028945,0.0018458333,0.0011226667,0.0023435,0.0015793333,0.0029295,-0.000093,0.0081096667,0.001569
Chopi_(n=13),-0.63101785,0.062025385,0.022888231,0.015851846,-0.00054438462,0.010941077,-0.012021769,0.021975538,-0.030694308,0.012686538,0.00097423077,-0.0012219231,-0.010932231,0.002255,-0.017539231,0.013136462,-0.013108615,0.014452308,-0.010578077,0.0061471538,0.00020153846,-0.00077992308,0.000749,0.00055615385,-0.00064484615
Chukchi_(n=29),0.044469483,-0.37861734,0.12370866,0.02944869,-0.12342886,-0.051440966,-0.061759379,-0.067620621,0.010205069,-0.0089860345,0.03712531,-0.00090431034,0.0071562414,-0.026338069,-0.032441897,-0.017771552,-0.0024998966,0.015158862,0.037900207,0.020415,0.037528552,-0.056786552,0.012783724,0.022229897,0.039414172
Chukchi_(European-Mixed)_(n=5),0.0890096,-0.137909,0.0976742,0.0443156,-0.0421,-0.015562,-0.023924,-0.0242758,0.0018408,-0.0145058,0.013673,-0.0044062,0.0117738,0.0016516,-0.0197608,-0.0106072,0.0019036,0.0088936,0.0227262,0.0086042,0.0179934,-0.0329412,0.007641,0.0119534,0.0197348
Chukchi_(European-Mixed)_o_(n=3),0.066397,-0.256252,0.11238233,0.037575667,-0.079399333,-0.026866667,-0.042693667,-0.043844333,0.0038176667,-0.0075323333,0.021922333,0.0016986667,0.011050667,-0.0083033333,-0.027008,-0.015954667,0.00069533333,0.014273667,0.026648,0.015924333,0.023832667,-0.044597333,0.011749667,0.015865333,0.030496
Chuvash_(n=14),0.11008321,-0.0090672143,0.082427714,0.055648286,-0.012002214,0.0068527857,0.012522929,0.015230071,-0.0088675714,-0.033101857,0.017630714,-0.010854714,0.026111214,-0.021213571,-0.025360286,-0.014840571,0.00011171429,-0.0049136429,-0.025229286,-0.020474071,0.0076027857,0.0034093571,-0.031410571,0.0063431429,-0.0012059286
Circassian_Adyghe_(n=33),0.11130524,0.10090673,-0.02908403,-0.021200545,-0.033106303,-0.0010394848,0.0094573333,-0.0036222424,-0.052203182,-0.023817697,-0.0023915152,0.0083562424,-0.020042242,0.0025982121,0.0041538182,-0.018578576,0.0078190303,-0.0054783333,-0.010676818,0.016598879,0.008485,0.0011878182,-0.00001869697,-0.0062256061,-0.0016220606
Circassian_Kabardian_(n=39),0.10889074,0.082960974,-0.021940718,-0.016646923,-0.030909,-0.00030751282,0.008864,-0.0025739487,-0.046337744,-0.022779538,-0.0026856923,0.0071897436,-0.014667821,0.0038251795,0.002505641,-0.017134615,0.0043561026,-0.0033523846,-0.0075580513,0.013593103,0.0057205897,0.00050417949,0.001624359,-0.006976359,-0.0013601795
Cochin_Jew_(n=21),0.046829952,-0.046182381,-0.14680776,0.084949048,-0.067983238,0.049655619,-0.0012757143,0.0086699524,0.030688381,0.018605381,-0.0016935238,0.000014238095,0.0011042857,0.0010158571,-0.0027338095,-0.0020079048,-0.000062,-0.0010738571,0.0005447619,-0.0020961905,0.0027510476,-0.0036742857,0.000011666667,0.0011475714,-0.0022409048
Cochin_Jew_(Mizrahi-Mixed)_(n=2),0.0682935,0.0421445,-0.086172,-0.0033915,-0.0300055,0.00753,0.000235,0.0028845,0.019941,0.012392,0.002598,-0.0008245,0.0086965,0.0048855,-0.0050895,0.0028505,0.005085,0.002407,-0.002891,-0.004315,-0.0020585,-0.0047605,0.0073335,0.003796,0.0001195
Cochin_Jew_o_(n=8),0.019065375,-0.12478313,-0.18394037,0.12976625,-0.067666375,0.061530125,-0.003848125,0.01707625,0.070024125,0.045536125,-0.004303375,-0.000412125,0.00196975,0.01147425,-0.014386125,-0.015496375,0.00796975,-0.001156,-0.001162625,0.01611725,0.006784875,0.008779375,-0.002372375,0.004970375,-0.0063915
Cochin_Jew_Paradesi_(n=7),0.080489286,0.12795671,-0.059692857,-0.068568286,-0.018640714,-0.024861143,-0.0031557143,-0.0045822857,0.012972571,0.005545,0.0070754286,-0.01428,0.018730857,0.0033225714,-9.29e-20,0.011383714,-0.0065377143,0.0028777143,-0.001634,0.00021428571,0.0054724286,0.0028262857,-0.0062854286,0.0013768571,-0.0014882857
Cocopah_(European-Mixed)_(n=1),0.065558,-0.223331,0.098113,0.068906,-0.07925,-0.019225,-0.234277,-0.281124,0.000916,0.001485,-0.003426,0.000487,-0.002892,0.008955,-0.001492,0.003926,0.003526,0.00028,-0.003506,-0.000945,-0.001952,0.004866,-0.000369,0.000611,-0.001237
Colla_(n=3),0.053876333,-0.29484233,0.118793,0.090332333,-0.11017433,-0.017663,-0.29133467,-0.350601,-0.012816667,-0.014639667,-0.003897,-0.0029473333,0.0029236667,0.021744333,-0.0047503333,0.009414,0.007258,-0.00063333333,0.001299,0.0020426667,-0.005324,0.0061823333,-0.000493,0.0019276667,-0.0016763333
Colombian_Euro-Mestizo_(n=111),0.092257,0.079356,0.049163387,0.0093510721,0.018885396,-0.0050415946,-0.048524189,-0.052181045,0.017864162,0.023812414,-0.00077034234,0.0049662072,-0.0096873694,-0.0054201982,0.0063527387,-0.00096595495,-0.0033370631,-0.0006279009,-0.0023860991,-0.0010327748,0.0018743604,-0.0013433784,-0.00082636036,-0.0015174414,0.0011162252
Colombian_Indo-Mestizo_(n=1),0.066914,-0.181806,0.091189,0.069605,-0.069215,-0.00903,-0.207428,-0.249158,-0.003028,-0.003364,0.001885,0.000303,-0.003809,0.014774,-0.005284,-0.001398,0.001265,0.002129,0.003966,0.000805,0.005126,-0.002671,-0.000448,0.000691,0.00312
Colombian_Mestizo_(n=287),0.042142641,-0.002212,0.060321631,0.027536456,-0.0087450801,-0.0065870941,-0.096612331,-0.11046692,0.0083654251,0.015226174,0.0013163031,0.0029448049,-0.0060082474,-0.00051080139,0.0025890418,0.000019487805,-0.00067660976,-0.00010652613,-0.0011179965,-0.00072472822,0.0014706829,-0.0011659373,-0.00080345645,-0.0010197352,0.0011667038
Colombian_Mestizo_(Highly_SSA-Mixed)_(n=12),-0.1389455,0.011574417,0.048861333,0.02370675,-0.0081811667,-0.0031551667,-0.083578583,-0.073717667,-0.0041229167,0.017349333,-0.0018170833,0.00179625,-0.00033275,0.0011348333,0.00383825,-0.0010213333,-0.00085283333,0.000069416667,-0.0013538333,0.0007105,0.00196425,-0.000471,-0.00031766667,-0.0012040833,0.00036233333
Coloured_(n=18),-0.15663322,0.037630889,-0.00012572222,0.034884,0.019268444,0.014812167,0.046767111,-0.031742278,0.0136235,0.003179,0.0034010556,-0.0090171111,-0.011166,-0.0022401111,0.0104505,-0.0031747778,0.0015863333,0.057016778,-0.018058556,0.0017298889,-0.004901,-0.00075555556,0.0002055,0.0031195,-0.0029138889
Coloured_o1_(n=4),-0.37646975,0.0337665,-0.00179125,0.02785875,0.00677025,0.0064845,0.078435,-0.0602285,0.01222025,0.00610475,0.00426275,-0.02131875,-0.00996,0.00230525,0.00960225,-0.0075245,0.012908,0.1006225,-0.03233575,0.00478375,-0.009764,-0.00318375,0.00021575,-0.00099425,-0.0011375
Coloured_o2_(n=1),-0.574807,0.05687,0.013576,0.014535,-0.004308,0.004183,0.067213,-0.048921,-0.003477,0.004374,0.001299,-0.02278,-0.01442,0.00523,-0.007329,-0.003447,0.001304,0.09755,-0.036327,0.003001,-0.00836,0.000247,-0.000493,-0.004217,0.000479
Coloured_o3_(n=1),-0.204882,-0.090382,-0.031678,0.024871,0.037238,0.025379,0.006815,-0.009,0.007363,0,0.018999,-0.001948,-0.004608,0.006606,0.001764,-0.006232,-0.014081,0.029265,-0.004777,-0.000625,-0.004243,0.000742,-0.001972,-0.000723,-0.008382
Coloured_o4_(n=1),-0.063741,-0.176702,-0.101068,0.052326,0.027082,0.028447,0.006345,0,0.016362,0.004191,0.020299,0.00015,-0.006987,0.002202,-0.002172,-0.001061,0.00352,0.012542,-0.003645,0.007504,-0.000125,-0.00643,-0.008504,-0.00012,-0.00491
Cornish_(n=15),0.13036547,0.1389244,0.060766667,0.043518867,0.041361533,0.015840933,0.0033526667,0.0063074,0.0066266667,0.0071192667,-0.0052612667,0.0057948,-0.013686733,-0.011184133,0.020991467,0.0035358,-0.011534733,0.0017144667,0.0036788,0.0030848,0.0053488667,0.0036765333,-0.0005094,0.0133672,0.00049506667
Corsican_(n=14),0.12032729,0.15182157,0.019529429,-0.023002214,0.035039357,-0.010040143,-0.0018464286,-0.00056035714,0.015704429,0.033791786,-0.00060314286,0.0074612143,-0.013230786,-0.0071073571,-0.004537,-0.00059678571,0.0040419286,0.0012489286,0.0024510714,-0.0030460714,-0.00039228571,0.00024735714,-0.0025792857,-0.0013857857,-0.00053028571
Corsican_Corse-du-Sud_(n=1),0.119514,0.151314,0.011314,-0.02907,0.028621,-0.00502,-0.00188,-0.005077,0.012476,0.03827,-0.011205,0.010641,-0.013974,-0.004542,-0.011672,0.002784,0.005867,0.008995,0.007793,-0.012631,0.000499,0.002349,-0.003204,-0.008676,0.001916
Costa_Rican_Euro-Mestizo_(n=24),0.08639,0.060178708,0.052220167,0.017854625,0.01121325,-0.0036365833,-0.057819542,-0.064740042,0.011087833,0.017131542,0.00032604167,0.0039642083,-0.0076428333,-0.0041479167,0.0051185,0.00017579167,-0.001574375,-0.00058754167,-0.0017445417,-0.000667375,0.001404125,-0.0012154583,-0.000290875,-0.00060929167,0.00080883333
Costa_Rican_Mestizo_(n=136),0.05852861,0.001530125,0.060328596,0.027864478,-0.0062549412,-0.0061533897,-0.094055676,-0.10810131,0.0090850294,0.014650493,0.0015056912,0.0029184559,-0.0061795588,-0.00084128676,0.0024292059,0.00042980147,0.000016713235,-0.000050257353,-0.00079782353,-0.000087470588,0.0018387868,-0.0011790662,-0.00016440441,0.00012205882,0.0011327426
Cree_(n=2),0.0584565,-0.3004395,0.1083645,0.0803625,-0.1047485,-0.017889,-0.21117,-0.2519455,-0.006996,-0.015999,0.011043,-0.003158,0.0042005,0.0073205,-0.012671,0.0002175,0.00444,0.0029535,0.0073715,0.0013975,0.0036675,-0.0035815,0.0013025,0.00353,0.003977
Cree_(European-Mixed)_(n=22),0.074507591,-0.22258764,0.10104977,0.073314773,-0.076666909,-0.0097534545,-0.17291077,-0.20539814,-0.0063441364,-0.014330682,0.0024706818,-0.0030790455,0.0030265455,0.0064782727,-0.0068802727,0.0017006364,0.0027408182,0.0018639091,0.0062091364,0.0021867727,0.0012006364,-0.0031795,0.00049386364,0.0046291818,0.0023930455
Creek_(n=1),0.058445,-0.301161,0.110502,0.085875,-0.103081,-0.016791,-0.240483,-0.28685,-0.011204,-0.018142,0.001792,-0.00436,0.005048,0.008447,-0.013441,0.000391,0.005772,0.002783,0.00508,0.002035,0.000911,0.000662,-0.002516,0.002872,0.004322
Creek_(European-Mixed)_(n=4),0.06961675,-0.21915,0.09880975,0.08549675,-0.08037575,-0.00718025,-0.19866525,-0.23634425,-0.011535,-0.0198005,0.00174825,-0.00384025,0.00443825,0.00255575,-0.00738,0.001422,0.00216825,0.0023425,0.0036835,0.000479,0.0010055,0.00195675,-0.00158725,0.004207,0.00291575
Crimean_Tatar_Coast_(n=4),0.11688025,0.13151875,-0.00398225,-0.02093675,0.002004,-0.0067425,0.000181,-0.00058025,-0.0130285,0.002067,0.0011365,0.00083525,-0.00436725,-0.000163,-0.00257925,-0.00211525,-0.00120225,-0.0008215,-0.001886,-0.001876,-0.00244725,-0.00040725,0.00261925,-0.00310425,-0.00012075
Crimean_Tatar_Mountain_(n=6),0.10759867,0.066135167,0.0055286667,-0.0139815,-0.0068776667,-0.0032138333,0.0045701667,0.0042745,-0.013112167,-0.0067435,-0.0011498333,-0.0012073333,0.0021946667,-0.0023165,-0.00065816667,-0.00051816667,-0.0027901667,-0.00035083333,-0.0018508333,-0.00066033333,0.0006585,0.000303,0.001002,-0.001199,0.0007705
Crimean_Tatar_Steppe_(n=15),0.089852333,-0.060384933,0.037299933,0.0063815333,-0.013328,-0.003098,0.0064017333,0.0078829333,-0.0055678667,-0.0068646667,-0.0073139333,-0.00072986667,0.0024921333,-0.0083421333,-0.0044653333,-0.0000916,0.0045938667,-0.0012515333,-0.0025194,0.0007572,-0.0023320667,0.0004484,-0.0021448667,0.0010674667,0.0000054666667
Crimean_Tatar_Steppe_Dobruja_(n=1),0.101303,-0.060932,0.048649,0.015504,-0.005232,0.005857,0.009165,0.012461,-0.003477,-0.013121,-0.007795,-0.003897,0.00669,0.007019,0.001086,0.019888,0.01369,-0.002787,0.003771,0.004127,-0.010232,0.004699,0.000493,-0.003133,0.008143
Croat_(n=25),0.12925096,0.13374304,0.05305192,0.03196328,0.03507072,0.01333012,0.00566016,0.00618296,0.00126664,-0.00619372,-0.002589,-0.00305056,0.00454068,0.01336092,-0.00883148,-0.00242664,0.00313896,-0.0004968,0.00463916,-0.000686,-0.00430384,-0.00192456,0.00410476,-0.00026336,-0.00049956
Croat_Bosnia_(n=5),0.1240828,0.1365505,0.0437518,0.0233936,0.0303859,0.0070508,0.0048081,0.0089381,0.0045608,-0.0015418,-0.0023803,-0.0081924,0.0078333,0.0207961,-0.0143944,0.0014229,0.0112976,0.0002855,0.0043985,0.0018366,-0.0085313,-0.0011885,0.0057926,0.0034706,-0.0014488
Croat_Dalmatia_(n=8),0.12990062,0.13544625,0.049874125,0.026284125,0.034891,0.0101445,0.00810775,0.007557375,0.000434625,-0.00328025,-0.003795875,-0.003784,0.003698125,0.01372775,-0.009585375,0.002900375,0.008067625,0.00022175,0.00502775,0.000844,-0.005771125,-0.0066,0.003728375,-0.004232375,-0.000405125
Croat_Herzegovina_(n=5),0.1265712,0.1389244,0.0456318,0.0277134,0.0335446,0.0102076,0.005123,0.0066922,0.0006134,-0.0036448,0.0002598,-0.0025178,0.0052626,0.0156064,-0.011835,0.0039512,0.0124128,0.0004054,0.003947,-0.0011506,-0.0059644,-0.003314,0.0052502,-0.0024338,-0.000551
Croat_Kajkavian_Northern_Croatia_(n=7),0.12943314,0.12781157,0.058561286,0.043189714,0.038029143,0.017052143,0.0057407143,0.0035932857,0.00081814286,-0.0086172857,-0.0013454286,-0.0044531429,0.0051818571,0.015433429,-0.0027337143,-0.001591,0.00042828571,-0.00027142857,0.0069132857,0.00050014286,-0.0012655714,0.0018194286,0.0035741429,0.0012221429,-0.00076971429
Crow_(n=1),0.056789,-0.31464,0.113632,0.079323,-0.106375,-0.021317,-0.229905,-0.273665,-0.008898,-0.014914,0.001368,-0.00362,0.003503,0.011843,-0.011965,0.00032,0.005537,0.002872,0.005968,0.004373,-0.001069,-0.000582,-0.004086,0.002681,0.00605
Crow_(European-Mixed)_(n=1),0.065883,-0.244336,0.091613,0.078401,-0.081353,-0.0073,-0.190232,-0.226001,-0.008968,-0.01658,-0.000891,-0.004511,0.00426,0.008315,-0.009756,0.001715,0.003259,0.003101,0.00708,0.001448,0.00321,-0.002394,0.001938,0.003792,0.004348
Cuban_Blanco_(n=429),0.075805214,0.12171826,0.040291244,-0.00063429207,0.032328938,-0.0038970184,-0.018653636,-0.016307051,0.021287659,0.025951015,-0.00137371,0.0045666168,-0.008218696,-0.0076406648,0.006736586,-0.00033106014,-0.0019168937,-0.00091119343,-0.0028094541,-0.000023752681,0.0018097344,-0.0015452343,-0.00046369998,-0.00057596105,0.00070715268
Cuban_Mestizo_(n=15),-0.0252818,0.078189,0.043576133,0.0089998667,0.018694333,-0.0011014667,-0.036225467,-0.038700467,0.0114542,0.022591533,0.00018813333,0.0037106667,-0.0055992667,-0.0052398667,0.0059264667,-0.0007882,-0.0016770667,-0.00057273333,-0.0024636667,-0.00045393333,0.0016903333,-0.0015249333,-0.00016013333,-0.0005808,0.0008932
Cuban_Mestizo_(Highly_SSA-Mixed)_(n=3),-0.13234733,0.080169333,0.035811667,0.0080646667,0.023009333,0.0016266667,-0.023586,-0.017802333,0.000027333333,0.024370333,-0.0021076667,0.0023946667,0.000013666667,0.002235,0.0023983333,-0.002511,0.0039286667,0.002007,-0.0011466667,-0.000177,0.0013526667,-0.0024493333,0.00066633333,-0.001284,0.0012643333
Cuban_Mulato_(n=1),-0.145803,0.116562,0.040593,0.019358,0.030451,0.008833,-0.013021,0.016762,-0.002589,0.02075,-0.002078,0.004581,-0.008281,-0.005249,0.006625,0.003321,-0.004775,-0.000378,-0.000603,0.002526,0.003187,0.00041,0.000246,0.003676,0.00085
Cypriot_Arab_Maronite_(n=2),0.1001645,0.1457285,-0.0469515,-0.081396,-0.012464,-0.029005,0.0050525,-0.0063455,0.003988,0.006925,0.010555,-0.006519,0.0075815,0.0007565,-0.0031895,0.004574,-0.00678,0.004624,0.006536,0.0021885,-0.0040555,0.006121,-0.0005545,0.001024,-0.004071
Czech_(n=175),0.13163803,0.13281957,0.060992263,0.046277594,0.038108063,0.017369286,0.0069869771,0.0084009486,0.0016887657,-0.0083036971,-0.0027865486,-0.0023944229,0.0045328629,0.011082937,-0.0025476743,0.00090917143,0.0012196457,0.00019032571,0.0033364171,0.0013585314,-0.0015971829,-0.0012711543,0.0044587257,0.0015774571,-0.00014030857
Dai_Yunnan_Dehong_Dai_and_Jingpo_AP_(low_res)_(n=37),0.012212838,-0.43837932,-0.035591919,-0.052561703,0.10630668,0.049062243,-0.004300027,-0.0087750811,-0.013846784,-0.006989027,-0.0086942973,-0.0020981351,0.0032905946,-0.0016477568,-0.0015149459,0.000577,0.00074008108,0.00064716216,-0.0026260541,-0.0086358919,0.0073653784,0.013234162,0.0084474054,0.00035827027,0.013829378
Dai_Yunnan_Xishuangbanna_(n=101),0.015845079,-0.44240881,-0.041808129,-0.062326208,0.12366055,0.059621941,-0.0018544059,-0.0095022772,-0.018034554,-0.012639238,0.0080341782,-0.00029823762,0.00080512871,-0.0038452178,-0.00079411881,0.0023472376,0.0019531881,-0.0002170297,-0.0026222772,-0.0094710891,0.010968267,0.0071656931,0.012925139,0.000033425743,0.0058961485
Daju_Nyala_(Gemar)_(n=4),-0.5483425,0.0657555,0.00527975,-0.0218025,-0.00323125,-0.0081575,-0.0340765,0.031845,0.08477525,-0.0934415,-0.0202985,0.01910825,-0.02980675,-0.001204,0.01177375,-0.019822,0.0210245,-0.01862325,0.014141,-0.01728975,0.0002185,0.0034005,-0.00231075,-0.0030425,0.00395175
Daju_Nyala_(Gemar)_o1_(n=1),-0.44391,0.07718,-0.015839,-0.040375,-0.001846,-0.011156,-0.030316,0.022845,0.086309,-0.081642,-0.006658,0.005245,-0.017245,-0.009909,0.013708,-0.005834,0.02034,-0.003801,0.006411,-0.008504,0.003119,-0.003091,0.001972,-0.000241,-0.003473
Daju_Nyala_(Gemar)_o2_(n=1),-0.371063,0.085304,-0.011314,-0.041667,-0.007078,-0.022869,-0.018566,0.013384,0.078128,-0.073441,-0.003897,0.004646,-0.005352,-0.001514,0.010586,-0.009679,0.01369,-0.010135,0.015084,-0.010755,0,0.005688,0.004067,0.004097,-0.000239
Daju_Sudan_(n=17),-0.50363376,0.065471765,-0.0048138824,-0.023598,-0.0026248824,-0.010909588,-0.027164353,0.023741059,0.081785412,-0.089081353,-0.013974941,0.013576176,-0.025718353,-0.0011576471,0.0092929412,-0.013110706,0.018936353,-0.012803,0.016865882,-0.013793294,-0.00069717647,0.0024221765,-0.0025157059,-0.0020767647,0.0035782941
Daju_Sudan_o1_(n=3),-0.56152733,0.059916333,0.00062833333,-0.011951,0.0015386667,-0.004648,-0.024519667,0.025076,0.077378,-0.084982667,-0.019919667,0.020132,-0.032903667,-0.001055,0.011445667,-0.013436,0.024512,-0.012753333,0.015922,-0.017091667,-0.00087333333,0.0057703333,-0.0017666667,-0.000201,0.0045106667
Daju_Sudan_o2_(n=1),-0.550904,0.059916,0,-0.007752,0.004308,-0.005857,-0.016451,0.017768,0.058289,-0.066881,-0.013478,0.014087,-0.02111,-0.006193,0.009772,-0.00769,0.027772,-0.008615,0.017472,-0.013256,-0.00549,-0.000371,-0.002342,-0.002892,-0.004431
Daju_Sudan_o3_(n=1),-0.499683,0.063978,-0.000377,-0.020026,-0.001539,-0.004741,-0.031256,0.020076,0.059516,-0.072712,-0.013641,0.009142,-0.02661,-0.000413,0.006922,-0.01432,0.015907,-0.010008,0.011439,-0.008129,-0.002371,-0.000742,-0.002218,0.001325,0.007065
Daju_Sudan_o4_(n=3),-0.43518367,0.076503,-0.010182,-0.035207,-0.006873,-0.014781,-0.028514333,0.019153,0.078333,-0.074230667,-0.011313333,0.0095413333,-0.014717333,0.0013303333,0.0093643333,-0.010739667,0.014603,-0.0080656667,0.013659,-0.0085873333,-0.00054066667,0.0030503333,-0.00028766667,-0.0015263333,0.005109
Dakhni_Muslim_Hyderabad_(n=3),0.042114667,-0.054161667,-0.14494,0.089148,-0.071910667,0.050386,-0.000078333333,0.012614667,0.038723333,0.019195667,-0.004168,-0.003247,0.0012883333,0.002936,-0.0027596667,-0.0077786667,0.000565,-0.00046466667,0.0022206667,0.004669,0.002038,0.0021843333,-0.00086266667,0.0033336667,-0.0040313333
Damara_(n=8),-0.61635212,0.063216625,0.018149125,0.01300075,0.0001925,0.00763475,0.016274375,-0.00377875,-0.022088625,0.011572,0.00217175,-0.005751125,-0.006838375,0.0012385,-0.003834125,0.00298325,0.0002935,0.03841825,-0.01733075,0.00215725,-0.00221475,0.00010825,0.001571375,0.001491125,-0.003368
Dameli_(n=2),0.0811,0.0246,-0.0822,0.06565,-0.07135,0.0381,0.0029,0.0026,-0.02865,-0.02535,-0.0039,-0.001,-0.00155,-0.0108,0.0163,0.00835,-0.01415,-0.001,-0.00025,-0.0123,-0.0043,-0.0056,0.0019,-0.00365,0.00265
Dangaleat_(n=25),-0.57535308,0.06048496,0.00585292,-0.0097546,0.00054156,-0.00230924,-0.03563712,0.03211244,0.05648128,-0.06755132,-0.01301052,0.01740852,-0.02436836,-0.00169544,0.010483,-0.01671692,0.01402932,-0.01335296,0.01289668,-0.0149822,-0.00131768,0.00059852,-0.00068036,-0.00306048,0.00460788
Danish_(n=87),0.13106661,0.13512375,0.066329897,0.052225759,0.041401057,0.019259494,0.005197069,0.0074400115,0.0034628161,-0.002570092,-0.0053214713,0.00344,-0.0084275057,-0.0068605287,0.018685759,0.0059497816,-0.0067215862,0.002110092,0.003440069,0.0044403103,0.0056093218,0.0023181264,0.0006955977,0.013861414,0.00045149425
Dargin_(n=11),0.11599591,0.10284536,-0.020878727,0.014065182,-0.042665364,0.014198091,0.0078834545,-0.0060208182,-0.064406545,-0.041616,0.0012106364,0.0071255455,-0.013825364,-0.0099963636,0.018161818,-0.0036884545,-0.00058063636,-0.0021190909,-0.0044909091,0.0027967273,0.000102,0.00078690909,0.0041568182,0.0091797273,-0.0019921818
Dargin_Urkarah_(low_res)_(n=18),0.11369644,0.10330194,-0.023381556,0.015844944,-0.040759667,0.012271278,0.011202222,-0.0069485,-0.054630556,-0.040264,-0.0012990556,0.0072851111,-0.013396,-0.012049611,0.017492778,-0.0020108333,-0.0037957222,-0.0043215556,-0.00022338889,0.00084072222,-0.00090116667,0.0040393889,0.010359778,0.0092917222,-0.0023483333
Datog_(n=3),-0.38851633,0.080226667,-0.019987,-0.050926333,0.0013333333,-0.021381667,-0.0038383333,0.0013846667,0.10437533,-0.079333333,-0.012612333,-0.0027473333,-0.017938333,-0.002982,0.015427,-0.016308333,0.024294667,-0.0021956667,0.010265333,-0.010546333,0.001456,0.003751,-0.0036976667,-0.0044986667,-0.0036323333
Daur_(n=3),0.033008667,-0.42584567,0.049779667,-0.048988333,-0.017131333,-0.016547667,0.013474,0.017153,0.0010906667,0.009841,-0.047471667,-0.00074933333,0.0032706667,0.004771,-0.002081,-0.0043753333,-0.0055196667,0.0024493333,0.0043156667,0.0031266667,0.00066533333,-0.011953333,-0.0052173333,-0.0012046667,0.00067833333
Dhurwa_Odisha_(n=1),0,-0.226463,-0.181395,0.115635,-0.008925,0.060519,-0.009165,0.012923,0.08365,0.053213,0.017863,0.004796,0,0.01156,-0.022122,-0.024794,0.002868,-0.003801,-0.003142,0.030765,-0.000749,0.013231,-0.012202,0.006266,0.003473
Didayi_Odisha_(n=3),0.003794,-0.24338833,-0.167316,0.10400633,0.0015386667,0.063866,-0.0097136667,0.0069996667,0.075196667,0.047746,0.030745667,0.0060943333,0.000446,0.013487,-0.017508,-0.022186667,0.015081,0.000211,-0.0080026667,0.024970333,-0.001747,0.022505,-0.0057103333,0.010724333,0.0082626667
Dinka_(n=33),-0.57760058,0.053053848,0.001211303,-0.0080260606,-0.0030215152,-0.0023916364,-0.013324485,0.015908485,0.079652758,-0.09879403,-0.02039703,0.023578939,-0.041836667,-0.00011266667,0.0088506364,-0.017184455,0.019648485,-0.011904848,0.021067818,-0.020498424,0.0007599697,0.0034323939,-0.004037303,-0.0018074545,0.0057842121
Dinka_o1_(n=5),-0.5850506,0.0532138,0.0067882,-0.005491,-0.0017234,-0.0011714,-0.0103404,0.015461,0.0673292,-0.082079,-0.0185448,0.0208314,-0.036184,0.001156,0.0076002,-0.0178466,0.0179668,-0.008108,0.0172204,-0.0179334,0.000125,0.0072956,-0.0077648,-0.00588,0.0040474
Dinka_o2_(n=1),-0.594157,0.058901,0.010559,0.007429,0.000615,-0.001116,-0.011751,0.011076,0.03436,-0.045741,-0.010068,0.017834,-0.015015,0.000138,0.003393,-0.010872,0.015776,-0.006588,0.007668,-0.011506,-0.002496,-0.003215,0.002588,-0.003253,-0.010059
Dinka_o3_(n=1),-0.547489,0.059916,-0.001508,-0.010336,0,-0.00502,-0.019976,0.017768,0.074447,-0.090571,-0.012829,0.017834,-0.036719,0.003028,0.002986,-0.008618,0.020079,-0.014949,0.018101,-0.017383,-0.000998,-0.000247,-0.006286,-0.006386,0.000958
Dogon_(n=12),-0.61217867,0.062285833,0.021024417,0.0099591667,0.0016926667,0.01078375,-0.047844167,0.045363583,-0.035519,0.029264083,0.0050069167,0.0016485833,0.022423,-0.0023396667,0.011366583,-0.0076019167,0.010495833,-0.00284,0.0004085,-0.0016883333,-0.00120625,-0.00040191667,0.0012530833,-0.00044175,0.0055084167
Dogra_Kashmir_(n=5),0.0673834,-0.0158424,-0.1144184,0.0744838,-0.073183,0.0474114,0.002726,0.0047998,-0.0053994,-0.0026606,-0.0089638,0.00003,-0.0040734,-0.0078718,0.0085234,0.0031822,-0.0012256,0.0013936,-0.0021116,-0.0077286,-0.0032194,-0.0054162,0.003032,-0.004145,-0.0011016
Dolgan_(n=15),0.054331533,-0.33756193,0.11967293,-0.0011197333,-0.11206193,-0.063549933,0.025725667,0.0365062,0.022402133,0.012853667,0.0514014,0.0084124667,-0.0073339333,0.0192488,0.0033024667,0.0020065333,0.0039463333,0.0011992,-0.0012654,-0.0082457333,0.025022467,-0.0049871333,0.012176867,0.0018557333,0.0033768667
Dom_Iraq_(n=4),0.02955,0.029225,-0.1003,0.0296,-0.053225,0.02185,-0.003475,0.007575,0.013125,-0.002175,-0.001625,-0.0026,0.005475,-0.004975,0.003825,0.00955,-0.005775,-0.00445,-0.003525,-0.006975,0.0042,-0.009325,0.007925,-0.00775,0.008175
Dominican_(n=123),-0.1624256,0.088698447,0.035339358,0.0084553496,0.016528,0.0010157967,-0.022862732,-0.021019317,0.0022708618,0.023812106,0.0011427073,0.0028025366,-0.0017702846,-0.003696122,0.0052349919,-0.001388935,-0.00041328455,-0.00064245528,-0.0028336667,-0.00040111382,0.0012572602,-0.0021846423,0.00022405691,-0.00064507317,0.00074717073
Dong_Guizhou_Congjiang_(n=3),0.017453,-0.44954133,-0.02049,-0.066107333,0.10453233,0.045645,-0.00235,-0.0073843333,-0.018134333,-0.0089903333,-0.025062,-0.0040963333,0.0050543333,-0.006927,-0.0044333333,0.0027403333,0.004824,-0.0048563333,-0.00087966667,-0.01359,0.012478,0.0037506667,0.018733667,-0.0024503333,-0.00008
Dong_Guizhou_Liping_(n=52),0.018671385,-0.44939129,-0.030474212,-0.065854731,0.11089637,0.051417712,0.000076826923,-0.0078635769,-0.01904825,-0.010317308,-0.014383885,-0.0027668077,0.0030646731,-0.0055419423,-0.0024664808,0.0015425962,0.00097290385,0.0018857115,-0.0017791154,-0.012664692,0.01386975,0.0064441346,0.017726269,-0.00054688462,0.00086819231
Dong_Guizhou_Rongjiang_(n=2),0.015935,-0.4478485,-0.0329985,-0.063631,0.110328,0.0476905,0.0024675,-0.0038075,-0.014521,-0.0102965,-0.015508,-0.009217,0.0009665,-0.0099775,-0.005768,0.0039775,-0.003064,0.0000635,-0.0040225,-0.0093795,0.017594,0.011067,0.0156525,-0.003856,0.0034725
Dong_Guizhou_Tianzhu_(n=1),0.012521,-0.448864,-0.029793,-0.069122,0.109559,0.04267,-0.003995,-0.013615,-0.018612,-0.004738,-0.017863,-0.007044,0.00446,-0.008395,0.002986,-0.006762,-0.004172,0.00114,0.002011,-0.014257,0.015597,0.011994,0.017624,-0.00241,-0.00467
Dong_Guizhou_Tongren_(n=20),0.01991915,-0.4505397,-0.01706465,-0.0655367,0.0916324,0.04140125,0.00301975,-0.00574595,-0.01485875,-0.00623245,-0.0363101,-0.0053578,0.00683835,-0.00496125,-0.004472,0.0018961,0.00023465,0.0003991,-0.00404745,-0.01205575,0.0146117,0.00874855,0.0158928,0.0005242,0.00325725
Dong_Guizhou_Tongren_o_(n=1),0.020488,-0.450895,-0.035449,-0.0646,0.12033,0.044344,0.002115,-0.004384,-0.016566,-0.009659,-0.025333,-0.004046,-0.001041,-0.001651,0.004072,0.007027,0.00352,0.00038,0.005656,-0.017133,0.01148,0.004946,0.020706,-0.001807,-0.000958
Dong_Hunan_(n=7),0.016748286,-0.45162057,-0.027745571,-0.067645429,0.109515,0.052909571,-0.00090642857,-0.006758,-0.015134857,-0.0083827143,-0.020368,-0.0047957143,0.0051392857,-0.0065074286,-0.0039164286,0.0013068571,0.0040232857,-6.2e-20,-0.0040582857,-0.012041571,0.015401429,0.0068537143,0.016110286,-0.0019798571,-0.00080385714
Dongxiang_(n=38),0.035464868,-0.36329232,0.0048529474,-0.045186,0.028191447,0.017592105,0.0049413158,0.0024595,-0.011534105,0.00050352632,-0.057998342,-0.0072408947,0.0084266842,-0.0048023158,-0.0035179474,0.0017271316,0.0016641842,-0.00072676316,-0.0026991842,-0.0037945263,0.0042162105,0.0096417105,0.0072586579,0.000022184211,0.0094412632
Druze_Israel_(n=42),0.085286,0.13978048,-0.048226595,-0.070675476,-0.013995214,-0.02467519,-0.0020366667,-0.0054338571,-0.0024834048,0.0056580238,0.0055057143,-0.0037645714,0.0079710952,0.0008815,-0.0051120952,0.005755,-0.0017477619,0.00063040476,0.0016041905,-0.0021915238,-0.0015033095,0.002576119,-0.00057819048,0.00051642857,0.0015253333
Druze_Lebanon_(n=26),0.085542462,0.14088523,-0.050258423,-0.071668731,-0.015849,-0.023995231,-0.0014642308,-0.0051298846,-0.0026116154,0.0064063077,0.0060459231,-0.0037467308,0.0094856538,0.001514,-0.0061648846,0.0058034231,-0.0020961538,0.0010670385,0.0026783077,-0.0014574615,-0.0003935,0.0010272692,-0.00050246154,0.0023218462,0.000078384615
Dukha_(n=5),0.0516758,-0.3592942,0.0991074,-0.0079458,-0.0943558,-0.0503118,0.019506,0.0265834,0.008549,0.0067062,0.0120494,0.0027574,-0.0019326,-0.0119454,-0.0026332,0.0002916,0.0020342,0.0001522,0.0128464,0.0169582,-0.0243818,0.0066772,-0.0030812,-0.0055188,0.0011734
Duma_San_(n=5),-0.6191978,0.0607286,0.0177246,0.0162146,-0.0019078,0.0098168,0.0269792,-0.0140762,-0.0182026,0.0095128,0.002598,-0.010071,-0.0124578,0.0006882,-0.0117262,0.0059932,-0.0033898,0.0553374,-0.0203882,0.0038768,-0.0047416,-0.0019536,0.0027114,0.0008676,0.000431
Dungan_(n=15),0.033312133,-0.375272,0.0045002667,-0.0477394,0.031800733,0.018927267,0.0067681333,0.0039383333,-0.0108808,0.0016886,-0.0589578,-0.0071436667,0.0058473333,-0.0042295333,-0.0049854667,0.00059226667,-0.0007476,0.0007516,-0.0042317333,-0.0062028667,0.0061808,0.0076992667,0.0067292667,-0.0019520667,0.0040155333
Dungan_(European-Mixed)_(n=1),0.059188,-0.262007,0.018479,-0.031008,0.016926,0.010877,0.01081,0.006923,-0.008795,-0.01385,-0.035888,-0.004496,0.00892,0.011836,-0.002986,0.000928,-0.004042,0.006334,0.005405,-0.004127,0.002246,0.003957,0.010476,0.000723,-0.003712
Dusun_Brunei_(n=20),0.01445555,-0.43170155,-0.06275285,-0.0529397,0.1436883,0.06579025,-0.00341925,-0.0129456,-0.01937855,-0.02215085,0.0662381,0.00704365,-0.00640725,-0.0012179,0.01000255,0.0071797,-0.0032269,0.00395275,0.00758585,-0.0036141,-0.0054092,-0.0251634,-0.0088307,-0.00493425,-0.0450318
Dusun_Malaysia_(n=2),0.0068295,-0.429569,-0.059585,-0.048127,0.1444885,0.062053,-0.0082255,-0.016384,-0.020964,-0.0188615,0.0671475,0.006894,-0.008771,0.0006195,0.0099075,0.0082205,-0.0060625,0.006778,0.0089245,-0.0016885,-0.0033065,-0.023123,-0.008319,-0.00488,-0.044966
Dutch_(n=167),0.12747096,0.1341964,0.060274643,0.044085599,0.04083968,0.016408406,0.0053970655,0.0072534872,0.0042040271,0.001925043,-0.005639563,0.0044353374,-0.0098572849,-0.0086768842,0.017846962,0.0056341531,-0.0065177976,0.0017528756,0.0039090441,0.002817998,0.0044783527,0.0033782364,6.24e-7,0.013900481,-0.00065413756
Dutch_Central_(n=27),0.13181068,0.13604057,0.062912203,0.045942638,0.039794822,0.017972229,0.0044390987,0.0057937843,0.0048945087,0.0016938842,-0.0049626078,0.0046209506,-0.010292995,-0.0093396747,0.018961044,0.0068713932,-0.0054208521,0.0015959116,0.002371585,0.0030736602,0.0048499069,0.0027022924,0.0011473356,0.0135427,-0.00041520583
Dutch_Central+South_(n=13),0.13178692,0.13698834,0.061623722,0.043750523,0.040142209,0.017238447,0.0044233615,0.0065523257,0.0063636168,0.0045913075,-0.0043485056,0.0050941983,-0.010166314,-0.0092802091,0.016005568,0.0049592875,-0.0051635194,0.0015390842,0.0023853723,0.0027388318,0.0035912718,0.0028749614,0.00090356287,0.011589629,0.0003567367
Dutch_Gelderland_(n=4),0.13197194,0.13560122,0.062916346,0.046293396,0.039681135,0.017959585,0.0037458453,0.0051507586,0.0040923448,0.00090159558,-0.0054844202,0.0049251932,-0.010354326,-0.0086847779,0.019188132,0.0054975127,-0.0070387273,0.001783603,0.0028553386,0.003165457,0.0043969902,0.0026603539,0.0013185688,0.013110597,-0.00031493965
Dutch_Groningen_(n=4),0.13179211,0.13476443,0.061521826,0.058179191,0.036798773,0.018653489,0.0076787715,0.009845342,0.00063276025,-0.0033798582,-0.0054630818,0.0041934876,-0.011137434,-0.0079762417,0.021182449,0.0086829606,-0.0079973034,0.0042473247,0.0030747282,0.0027079378,0.0069581724,0.002011878,0.0011870866,0.015795827,-0.00087345585
Dutch_Limburg_(n=7),0.12919963,0.13845513,0.055660325,0.034313422,0.038916811,0.013946195,0.0039646666,0.0048656509,0.0048157153,0.0068753209,-0.0043002249,0.0046581353,-0.011861909,-0.0090428432,0.012971436,0.0047872611,-0.0038652529,0.0020250286,0.0036173025,0.0010986114,0.0033263343,0.0023233988,0.0013149957,0.010424666,0.0004911376
Dutch_North_(n=7),0.13268141,0.13707241,0.064914542,0.052462055,0.041254937,0.020397539,0.0045148014,0.0072119796,0.0055770438,0.0000020993143,-0.0049368727,0.0049514492,-0.010245898,-0.0068768573,0.020916949,0.0070623227,-0.0065089165,0.0033453054,0.0034017129,0.0037933016,0.0057663024,0.003354623,-0.00031301682,0.013992513,0.00013554347
Dutch_North_Brabant_(n=9),0.13115522,0.13768967,0.059439667,0.041392667,0.039567889,0.017081556,0.0044003333,0.0056332222,0.0051661111,0.003138,-0.0055558889,0.0045864444,-0.011153111,-0.0067134444,0.018354222,0.0046141111,-0.0077944444,0.0016266667,0.0024137778,0.0023717778,0.0050028889,0.001327,0.000091555556,0.010359444,0.0010426667
Dutch_North_Holland_(n=5),0.1317808,0.13565825,0.06394525,0.048693119,0.040490277,0.01933417,0.0043024766,0.0056393706,0.0049118646,0.001313897,-0.0058899733,0.0052595074,-0.011313871,-0.0088441092,0.021582327,0.0068149811,-0.0079748734,0.001697172,0.0026399716,0.0034089764,0.0059834266,0.0021476645,0.0008200788,0.013898289,0.0004993739
Dutch_North+Central_(n=6),0.13181027,0.13596361,0.064492955,0.048625511,0.041386864,0.018992431,0.0047231484,0.0061897621,0.0049167829,0.0007454194,-0.0058807925,0.0046687177,-0.0099579647,-0.0076824213,0.019314552,0.0068233463,-0.006606292,0.0018320777,0.0030351661,0.0030862047,0.0047660901,0.0019418695,0.0010321346,0.013691568,0.0001618907
Dutch_Overijssel_(n=4),0.13208469,0.13597476,0.064129202,0.048441037,0.042304169,0.018253455,0.0040089086,0.0055676668,0.0058947792,0.0020659119,-0.0064139064,0.0047202949,-0.010939114,-0.007337146,0.020854183,0.0067448834,-0.0074268217,0.0019250039,0.0026533576,0.003651663,0.0054821633,0.0018366131,0.0005927957,0.013561842,0.000063862108
Dutch_South_(n=4),0.12974541,0.13631523,0.059866547,0.039632356,0.04040077,0.014776841,0.0040258687,0.0054156103,0.0068113368,0.0045905883,-0.0051647569,0.0041535284,-0.0091950858,-0.0056270881,0.014354448,0.0057155424,-0.0035859144,0.0012647445,0.0026995442,0.0030007525,0.003395484,0.0011199562,0.0015953475,0.010403542,0.000051249342
Dutch_South_Holland_(n=24),0.13111135,0.13651473,0.061796239,0.045103406,0.040977127,0.017397175,0.0048787424,0.0060114965,0.0047074375,0.0022152839,-0.0061407895,0.0048171499,-0.010220564,-0.0078693572,0.018107641,0.0066516324,-0.0054853076,0.0020209637,0.0026077549,0.0027739811,0.0045980029,0.0015981173,0.00024082626,0.011865658,-0.000034202105
Dutch_Zeeland_(n=3),0.13115833,0.13858467,0.058027667,0.037093667,0.04074,0.014431,0.0041176667,0.0053806667,0.006178,0.0068963333,-0.0044953333,0.004647,-0.010768667,-0.006046,0.013555,0.004709,-0.004285,0.001771,0.00341,0.0015126667,0.003766,0.00095433333,0.00095466667,0.008926,0.00060633333
Ecuadorian_Euro-Mestizo_(n=4),0.10993425,0.08392675,0.04853475,0.01081775,0.020957,-0.004951,-0.047527,-0.0535235,0.01919325,0.026166,-0.00300975,0.00508,-0.010107,-0.005567,0.00694275,0.00329825,-0.00145375,-0.0001595,-0.00089225,-0.00027875,0.0045275,-0.00002125,-0.002457,-0.003639,0.0014375
Ecuadorian_Indo-Mestizo_(n=4),0.06602025,-0.196363,0.09548475,0.07513975,-0.0724935,-0.01008575,-0.22862225,-0.27135725,-0.00525125,-0.006066,-0.00534525,-0.00391175,-0.0014615,0.0127295,-0.00312825,0.00313475,0.00453775,0.00252725,0.00036775,0.00029,-0.00045075,0.00564,-0.001816,0.00040575,0.002263
Ecuadorian_Mestizo_(n=37),0.037464649,-0.065293649,0.071489919,0.044454541,-0.029122892,-0.0072635946,-0.13830257,-0.16018992,0.0026276486,0.0075110541,-0.0023177838,0.00037481081,-0.0038672703,0.0056342162,-0.00020008108,0.001019973,0.0022254324,0.00074594595,-0.00056267568,0.00031986486,0.00069051351,0.0015018919,-0.00051135135,-0.00044643243,0.001508027
Egyptian_Arab_Muslim_(n=74),-0.020892912,0.13402927,-0.04242448,-0.084544351,-0.0041641784,-0.032184518,-0.013353105,-0.00013201351,0.036471905,-0.00046065,0.0065682122,-0.0098800973,0.021546796,0.00042354324,0.00026358649,0.0017473554,-0.0013677554,-0.0029359811,-0.0038665041,0.0031262068,-0.00062307973,-0.00065994324,0.0018109108,0.0020855216,-0.00019630946
Egyptian_Arab_Muslim_(Afro-Arab-Mixed)_(n=2),-0.1155305,0.123895,-0.0267755,-0.0647615,-0.0004615,-0.0277495,-0.010223,0.0043845,0.035178,-0.0058315,0.00406,-0.003072,0.0198465,-0.001445,0.002036,-0.004906,-0.0001955,-0.0063345,0.002074,0.0084415,0.001809,-0.003153,0.0032045,0.004338,-0.0017365
Egyptian_Arab_Muslim_(Nubian/Sudanese-Mixed)_(n=1),-0.127482,0.110693,-0.031678,-0.078489,-0.001231,-0.028168,-0.00564,0.006,0.058085,-0.032438,0.007795,-0.002847,0.022299,-0.002064,0.001764,-0.002917,0.002217,-0.007095,0.00264,0.00075,0.000499,0.000618,0.000123,0.00241,0.001317
Egyptian_Arab_Muslim_Alexandria_(n=5),-0.0161628,0.1324344,-0.0407292,-0.082489,-0.0016618,-0.0337456,-0.0141476,-0.0036462,0.035942,0.001713,0.005419,-0.0116896,0.0210208,-0.0013212,-0.0035016,0.0006098,0.003416,-0.0034206,-0.005605,0.0025014,-0.0008734,0.0006924,0.000419,0.0056152,0.0023472
Egyptian_Arab_Muslim_Beheira_(n=2),-0.01731743,0.13492029,-0.042345429,-0.090624572,-0.0042862143,-0.034482714,-0.012153285,0.001648,0.038698929,-0.00010421428,0.0061708572,-0.0084245,0.020759643,-0.0027033571,-0.0011147143,-0.0038264285,-0.0069195,-0.0072030715,-0.0051627143,0.0033319286,-0.0042425715,3.57e-7,0.003495,-0.00024935715,-0.00025685714
Egyptian_Arab_Muslim_Cairo_(n=5),-0.021076,0.1327812,-0.04083918,-0.08055144,-0.00222878,-0.03313114,-0.01264704,0.0001674,0.03876756,-0.0021278,0.00186282,-0.01031696,0.02102522,-0.00158142,-0.00070716,0.00755442,0.00536142,-0.00425948,-0.00332892,0.00532586,-0.00188564,-0.00118712,0.00373852,0.00446772,-0.00247526
Egyptian_Arab_Muslim_Dakahlia_(n=12),-0.00948525,0.13278033,-0.041514583,-0.088717333,-0.0061548333,-0.03455925,-0.01372875,-0.00063483333,0.03649025,0.0008505,0.0062654167,-0.010977833,0.024231833,-0.000068666667,-0.00037308333,-0.0021436667,-0.0027270833,-0.0024385833,-0.0035405833,0.002991,0.000728,-0.0032869167,0.00171525,0.00091383333,-0.00049891667
Egyptian_Arab_Muslim_Gharbia_(n=5),-0.007456448,0.12892181,-0.044815096,-0.08582262,-0.004307324,-0.035028824,-0.00337348,-0.005631328,0.036071868,-0.001758096,0.008704772,-0.010863856,0.026850864,0.002887864,0.003281936,0.005804288,-0.009228012,-0.003997964,-0.00245536,0.003223508,0.001434824,0.00079088,0.00311262,-0.000516648,0.0004759304
Egyptian_Arab_Muslim_Giza_(n=2),-0.0256105,0.135065,-0.0426145,-0.087856,0.0026155,-0.033606,-0.013631,-0.003346,0.040291,0.00082,0.0076325,-0.007718,0.025272,0.001307,0.0050895,0.008552,0.0025425,-0.004371,-0.0057195,0.002001,0.0016845,0.000804,0.007025,0.000964,0.0001795
Egyptian_Arab_Muslim_Kafr_El_Sheikh_(n=2),-0.0158105,0.1312015,-0.0377815,-0.0838405,0.0012535,-0.0325065,-0.0136545,0.0019095,0.046516,0.001381,0.0071975,-0.0077805,0.024903,0.000431,0.0044265,-0.003596,-0.003078,-0.0036185,-0.0052225,0.0025985,-0.004178,-0.0011695,0.0003705,-0.000308,-0.001146
Egyptian_Arab_Muslim_Qalyubia_(n=2),-0.0227645,0.1320185,-0.0414835,-0.084949,-0.0009235,-0.028865,-0.0203285,-0.002769,0.03344,0.003371,0.009987,-0.0117645,0.022671,-0.002959,0.0022395,-0.0088835,-0.016037,-0.003864,-0.003268,-0.0025015,-0.00287,-0.0040805,0.0043135,0.00235,0.000539
Egyptian_Arab_Muslim_Sharqia_(n=3),-0.018791747,0.13564689,-0.04521622,-0.0879152,-0.0067290733,-0.040155073,-0.00724554,-0.0025306667,0.042865027,-0.00733772,0.00405306,-0.01356906,0.02623066,0.00261028,-0.00049794667,0.00419156,-0.0033371867,-0.00057785333,0.00074208667,0.0042506667,0.0042539333,0.00237034,-0.0019668267,-0.0019334267,-0.0013971327
Egyptian_Copt_(n=27),0.017728962,0.14245451,-0.049604183,-0.1043836,-0.00037102037,-0.043312543,-0.014851403,-0.0026816563,0.046741812,-0.00036222778,0.0074491974,-0.012014527,0.028901171,0.0020114089,0.00062444333,0.001569197,-0.003960717,-0.001525307,-0.003606687,0.0048884893,0.0011466441,0.00070573074,0.00057136889,0.0021790104,-0.00050050556
Egyptian_Copt_Sudan_(n=11),0.015417818,0.14457436,-0.047208636,-0.10582709,0.00092318182,-0.043785818,-0.013588,-0.0049509091,0.049513364,-0.0031145455,0.0082522727,-0.012179818,0.029840182,0.0036282727,-0.0022083636,-0.0013017273,-0.0071118182,-0.0011285455,-0.0038052727,0.004252,-0.00030627273,0.0012478182,0.003563,0.0034397273,-0.0033964545
Egyptian_Jew_(n=2),0.094593,0.1487505,-0.023119,-0.062418,0.003885,-0.0223635,-0.0022885,-0.002574,0.0093905,0.0179865,0.0046785,-0.001119,0.005462,-0.0012835,-0.0070885,0.0051325,0.001708,0.0001585,0.000848,-0.003355,-0.0013545,0.0006905,-0.00101,0.00077,-0.0005995
Elmolo_(n=2),-0.414885,0.0792115,-0.011879,-0.040052,0.0018465,-0.0207775,-0.00188,-0.001846,0.0899905,-0.074079,-0.010393,0.001349,-0.012636,0.0017205,0.010586,-0.0121985,0.0140165,0.0038005,0.004714,-0.0056905,0.002059,0.0032765,-0.005423,-0.0013255,0.0002395
Emirati_Arab_(Afro-Arab-Mixed)_(n=26),-0.021232346,0.10862258,-0.058613231,-0.0592085,-0.023945154,-0.017462885,-0.0059566154,-0.00015092308,0.016055115,-0.0068547692,0.0054338462,-0.012571462,0.024551885,-0.0000635,0.0012423846,0.014737846,-0.014161692,0.0039809615,-0.000082192308,0.0046945385,0.0045449231,0.0050697308,-0.0011946538,-0.0023635385,-0.00034088462
Emirati_Arab_(Ajam-Mixed)_(n=2),0.068294,0.110693,-0.062979,-0.053295,-0.0423155,-0.0108765,-0.003525,-0.0103845,-0.011249,-0.008474,0.008769,-0.0040465,0.010481,0.000413,0.0002715,0.012861,-0.0022165,0.00171,0.002074,-0.005878,0.009171,-0.0001855,-0.004129,-0.0054225,0.006526
Emirati_Arab_(Arabian_Profile)_(n=64),0.053194453,0.13800092,-0.064735078,-0.11343936,-0.012353203,-0.046526766,-0.012595141,-0.0084227188,0.053869672,-0.0045644219,0.016195734,-0.030921734,0.062037984,0.0047630625,0.0043472344,0.029436984,-0.022407766,0.0078170781,-0.00054207813,0.026835172,0.014065047,0.015941531,-0.0061392656,0.005132375,-0.0083318906
Emirati_Arab_(Arabian-Mixed_Profile)_(n=21),0.051383048,0.1208479,-0.071994238,-0.078950429,-0.027462905,-0.026773524,-0.0075538095,-0.004549381,0.021484714,-0.0063609524,0.011104333,-0.019289952,0.041646143,0.0033750476,0.0016738571,0.025261381,-0.020724905,0.0041927619,0.0028311905,0.014155571,0.0091860952,0.0084200952,-0.005734,0.00032695238,-0.0060272857
Emirati_Arab_(Mesopotamian_Arab_Profile)_(n=14),0.057236786,0.11098279,-0.072407,-0.052972,-0.035852786,-0.015040071,-0.0062445,-0.0033623571,0.0065302143,-0.010569714,0.0057879286,-0.014451286,0.0273005,0.0043941429,0.0041782857,0.018430071,-0.019110643,0.0056014286,0.0040672857,0.0019384286,0.0055171429,0.0050167143,-0.0028786429,-0.0019537857,0.001514
Emirati_Arab_(South_Asian-Mixed)_(n=7),0.048781429,0.076890143,-0.086253143,-0.034145714,-0.031610143,-0.006534,-0.0049351429,-0.0053075714,0.031788857,0.0010412857,0.0066347143,-0.015265,0.029880714,0.0032832857,0.003044,0.011345714,-0.012591286,0.0034567143,0.0023344286,0.0088612857,0.0059715714,0.004734,-0.00088042857,0.001136,-0.0053717143
Emirati_Arab_(South_Asian+Afro-Arab-Mixed)_(n=12),0.027696917,0.089874333,-0.0722815,-0.034749417,-0.03628875,-0.005973,-0.00235,0.00061541667,0.012186333,-0.0058771667,0.0050610833,-0.011752,0.021419583,0.0035093333,0.0026466667,0.011048917,-0.0141465,0.0051520833,0.00080658333,0.0024908333,0.0033480833,0.0020301667,-0.0035125833,-0.0028315833,-0.0024148333
Enets_(n=2),0.0608955,-0.321415,0.138026,0.0260015,-0.124331,-0.068886,0.019036,0.0302295,0.015237,-0.004829,0.0684465,0.0051705,0.000743,-0.042044,-0.0164225,-0.004508,-0.0018255,0.004371,0.0103075,-0.0035015,0.011854,0.0090265,0.0202745,-0.004217,0.00479
Enets_o_(n=1),0.067156,-0.259976,0.128221,0.034238,-0.102481,-0.05522,0.013631,0.021691,0.008385,-0.004738,0.06187,0.005545,0.011001,-0.045278,-0.019951,-0.009812,-0.007302,-0.00152,0.007039,-0.01088,0.007986,0.013107,0.016269,-0.003615,-0.001317
English_(n=44),0.13136218,0.13746573,0.059919364,0.042702068,0.040035386,0.016289773,0.0040270455,0.00649275,0.00519675,0.0052724091,-0.0059825,0.0053815455,-0.013396295,-0.010696977,0.0197905,0.0070965682,-0.0056569318,0.0024127727,0.0028739773,0.0036721136,0.0057285227,0.0025685227,-0.0018598864,0.012515295,0.00025593182
English_Cumbria_(n=1),0.136597,0.137848,0.068703,0.046616,0.042365,0.01783,0.004146,0.006501,0.006753,0.002403,-0.003656,0.002766,-0.007432,-0.007207,0.016327,0.003069,-0.009124,0.000513,0.00171,0.000598,0.001541,0.005235,-0.001238,0.009948,-0.002348
English_Kent_(n=4),0.130043,0.13658875,0.0621305,0.0408595,0.04077675,0.01540875,0.0057575,0.00611525,0.00577775,0.00523925,-0.00243575,0.00449625,-0.01085225,-0.007019,0.0201885,0.00215475,-0.01505925,0.00262875,0.00549925,0.000563,0.0050225,0.00525525,-0.0009245,0.0105435,-0.0012275
English_North_East_England_(n=1),0.1273,0.1371,0.0612,0.0461,0.0403,0.0201,0.0025,0.0046,0.0048,0.0005,-0.0047,0.0043,-0.0108,-0.0109,0.0188,0.0102,-0.0073,0.0027,0.0035,0.0053,0.003,0.0055,-0.0032,0.0076,0.0004
English_Northumbria_(n=1),0.136693,0.139444,0.067218,0.043868,0.041547,0.017296,0.004656,0.007774,0.006358,0.004302,-0.003254,0.004112,-0.010084,-0.01179,0.015283,0.004127,-0.007048,0.000724,0.002375,0.000787,0.001126,0.006207,-0.001348,0.010952,-0.002124
Eritrean_(n=4),-0.2057355,0.1068845,-0.035355,-0.088179,0.00115425,-0.03841725,-0.01603925,0.00069225,0.10185275,-0.0622335,-0.00328825,-0.01198925,0.0199205,0.00206425,0.021376,-0.00778975,0.00850775,-0.00082375,0.00842175,0.0031575,0.00405575,0.0073265,-0.0033585,-0.00144575,-0.00344275
Esan_(n=99),-0.63108589,0.064070616,0.021332101,0.016636131,-0.000096323232,0.013336101,-0.041953051,0.045331455,-0.050290131,0.034427909,0.0064348384,0.00040416162,0.02316404,0.0021810909,0.010835657,-0.008499101,0.006349303,0.0013961212,0.0053249899,-0.0015095556,0.0011532323,0.0026616667,-0.001516303,0.000071757576,-0.00036048485
Estonian_(n=11),0.13275918,0.11410855,0.087937727,0.083099091,0.042021727,0.030424273,0.011836,0.013510091,0.000055818182,-0.029273727,0.00023627273,-0.011975636,0.019893545,0.021631818,-0.0060087273,0.00030136364,-0.0017306364,-0.0017967273,0.0018056364,0.0021716364,0.0016901818,-0.0021246364,0.0050195455,0.00043818182,0.0030262727
Euro-Argentine_(n=49),0.12719255,0.14325498,0.043813714,0.01320651,0.034642714,0.0054937551,-0.000064673469,0.0032355714,0.0080944898,0.010408878,-0.0014673469,0.0019871837,-0.0041847143,-0.0012762857,0.003421,0.00017246939,-0.00064414286,-0.0008054898,-0.0012065918,0.00056053061,0.0016291837,-0.00056944898,0.00012965306,0.00036583673,0.00013026531
Euro-Brazilian_(n=97),0.11613266,0.14200085,0.038876113,0.0027278041,0.036045072,-0.00032330928,-0.0033800619,0.0005593299,0.014754412,0.019574577,-0.0022367938,0.003175567,-0.0075211649,-0.0056829278,0.0049161237,0.00038459794,-0.0012359691,-0.00095003093,-0.0011311134,-0.00014152577,0.0012424536,-0.0010223505,-0.000042175258,-0.00020793814,0.00056180412
Euro-Chilean_(n=4),0.122867,0.14504725,0.04898825,0.0063595,0.04331575,0.00184525,-0.00580125,-0.0007735,0.019752,0.02705475,-0.00368525,0.00605675,-0.01192375,-0.00788225,0.00768525,-0.001209,-0.00220675,-0.0009695,-0.00267325,-0.00010725,0.00244425,-0.00146175,-0.000661,-0.00067775,0.0005825
Euro-Uruguayan_(n=20),0.11520975,0.1453392,0.02792895,-0.00981245,0.03108615,-0.00370155,-0.0031511,-0.00137045,0.0131504,0.0224482,-0.00124665,0.00428315,-0.0084017,-0.00677325,0.0051729,0.00150585,-0.0018638,0.00040475,-0.0001009,-0.0010432,0.00079435,0.0001934,-0.0007572,0.0008937,-0.00039435
Even_(n=8),0.04140325,-0.42931513,0.13524487,-0.01687675,-0.13833338,-0.080948,0.026761625,0.036431125,0.02876125,0.025672375,0.0580945,0.010434375,-0.013509625,0.01099275,-0.011112125,-0.01155175,-0.002037375,0.0142365,0.029539125,0.010661625,0.048976125,-0.045396,0.007333125,0.01325475,0.01829175
Even_(European-Mixed)_(n=6),0.085177667,-0.16045367,0.0976115,0.019703,-0.0454445,-0.027610167,0.016176833,0.0244605,0.012067,-0.0036143333,0.0270645,0.000025,0.0029483333,0.0238315,-0.0033478333,0.0041766667,0.0073016667,0.002745,0.0034148333,0.0024175,0.0140585,-0.010654833,0.0098805,-0.0016468333,0.0043906667
Even_o_(n=3),0.051599667,-0.346634,0.11439333,-0.0094746667,-0.10483967,-0.063494,0.022796,0.033075333,0.020657,0.016401333,0.040056,0.0072933333,-0.011001,0.031332,0.0063786667,0.006011,0.0026076667,0.0015203333,0.003729,-0.002668,0.014765667,-0.0027206667,0.006861,0.0078726667,0.00067833333
Evenk_(n=19),0.041156105,-0.42577395,0.13209142,-0.01887,-0.13876274,-0.083960789,0.029524632,0.040723,0.026125263,0.020938,0.060459789,0.0092128421,-0.014521895,0.011531263,-0.0013286316,-0.00014652632,0.0036438421,0.0062411579,0.011524474,-0.0021852632,0.030019421,-0.013406579,0.012694474,0.0051242105,0.011168105
Evenk_(European-Mixed)_(n=1),0.053497,-0.317861,0.123696,-0.002907,-0.096018,-0.058846,0.022326,0.032537,0.017998,0.012574,0.046443,0.001049,-0.015163,-0.000688,-0.004343,-0.002254,0.005476,0.006588,0.024134,0.004002,0.027077,-0.016075,0.013557,0.008796,0.007903
Evenk_Khabarovsk_(n=2),0.0324395,-0.448356,0.0920175,-0.0360145,-0.077707,-0.059822,0.020446,0.0227295,0.0186115,0.0182235,-0.006252,0.001199,-0.002527,0.0025465,-0.0088215,-0.011668,-0.0022815,0.0032305,0.018729,0.0084415,0.0159715,-0.0338805,-0.014728,0.0042775,0.0016165
Evenk_Khabarovsk_(European-Mixed)_(n=3),0.064879333,-0.286041,0.086360667,-0.0017226667,-0.044213333,-0.033838667,0.013473667,0.017460667,0.014521,0.001458,-0.002436,-3.33e-7,0.0052526667,0.013991667,-0.0014476667,0.005215,0.0082576667,-0.000169,0.003771,0.0067533333,0.010647667,-0.008326,0.0030813333,0.002129,0.0011573333
Evenk_o_(n=1),0.050082,-0.391994,0.110873,-0.031977,-0.099403,-0.062193,0.026791,0.032306,0.017998,0.022233,0.023222,0.002548,-0.005649,0.007844,0.010722,-0.001458,0.000261,0.007221,0.010936,0.008754,0.010981,-0.004204,-0.006655,0.004338,0.005508
Evenk_Zabaykalsky_(n=8),0.04424875,-0.40887763,0.13175638,-0.014656125,-0.1322555,-0.084678125,0.02637975,0.040815625,0.028019875,0.018793125,0.058196,0.010977875,-0.007693125,0.00560825,-0.005191375,-0.008402875,0.003015,0.012573625,0.02495125,0.006987875,0.0317565,-0.0253025,0.0090895,0.000075375,0.012379
Evenk_Zabaykalsky_(European-Mixed)_(n=3),0.069432333,-0.25185133,0.106222,0.010228333,-0.075296,-0.043693,0.018879333,0.023614,0.015066667,0.00085033333,0.03356,0.0013486667,0.005203,0.00059633333,-0.013662667,-0.0049943333,0.003651,0.0050253333,0.017681667,0.005461,0.017053,-0.017888333,0.014214667,0.0019276667,0.003393
Faroese_(n=13),0.13167538,0.13499708,0.063813077,0.052072923,0.040297385,0.019015615,0.0052553846,0.0058788462,0.0028927692,-0.0010559231,-0.0051446923,0.0054882308,-0.010231538,-0.0078032308,0.021941615,0.0062130769,-0.012919,-0.00083661538,0.0035851538,0.0029335385,0.0044021538,0.0035718462,0.00036392308,0.014808769,-0.00066292308
Filipino_(n=82),0.0124095,-0.41475705,-0.056241598,-0.044455829,0.1311802,0.046326366,-0.0036425488,-0.011355073,-0.019364878,-0.01613678,0.042268512,0.0042127805,-0.004827878,-0.0024721707,0.0095351829,0.0056512195,-0.0028588537,0.0043722439,0.0066589512,-0.01025189,0.0035090854,-0.023156244,-0.0035726829,-0.006934439,-0.045690329
Filipino_Luzon_(n=6),0.015366167,-0.42229083,-0.052545333,-0.051572333,0.1278185,0.050386167,-0.0027025,-0.0096535,-0.016498167,-0.015915167,0.037890833,0.0049706667,-0.0047075,-0.0049316667,0.007985,0.0064746667,-0.0028901667,0.0057856667,0.005447,-0.0084621667,0.0040135,-0.024957167,-0.0040466667,-0.0058841667,-0.0456245
Finnish_(n=53),0.1293074,0.085323585,0.090373679,0.076355981,0.031489075,0.02212717,0.0093691887,0.014385415,0.0032415472,-0.023821321,0.0040688491,-0.0077138868,0.013592679,0.0033289623,0.0026043019,0.0032446981,-0.0023468868,0.00038011321,-0.000683,0.0057338679,0.0093538113,0.00020532075,0.0025881887,0.0064613585,0.0018367736
Finnish_Central_(n=10),0.1308967,0.0877419,0.0884347,0.0778107,0.0303441,0.024403,0.0102464,0.0144688,0.0028839,-0.0239822,0.003183,-0.0058749,0.012324,0.0055187,0.0023071,0.0003977,-0.0068191,-0.0003293,0.0000125,0.0025263,0.0072247,-0.0019412,0.0016516,0.0083142,0.0040116
Finnish_East_(n=12),0.12615392,0.077011,0.093148667,0.082741833,0.027671667,0.022078833,0.0084210833,0.014499333,0.0041755833,-0.030752417,0.0062925833,-0.00925425,0.018111833,0.0024885,-0.0021940833,0.0055245833,0.0060736667,-0.00115075,-0.0023883333,0.0055964167,0.0094105,0.001288,0.0021671667,0.00603475,0.0030235
Finnish_Ingria_(n=11),0.13006882,0.084658182,0.091777455,0.079516727,0.029571909,0.023731,0.0082890909,0.013593727,-0.00014872727,-0.027766182,0.0068201818,-0.0097957273,0.017231,0.0092957273,0.00034554545,-0.0012296364,-0.0022047273,-0.00049509091,-0.00013727273,0.0037744545,0.0082922727,-0.00049454545,0.0034846364,0.004261,0.0022642727
Finnish_North_(n=9),0.12988467,0.07797,0.093819333,0.080211667,0.026979222,0.024077556,0.0087996667,0.015871111,0.0047495556,-0.027780889,0.0043845556,-0.0069436667,0.016633333,0.0074927778,0.00033177778,-0.0077048889,-0.016471889,0.0016468889,-0.00065655556,0.0032514444,0.0086236667,0.00012377778,0.00054766667,0.0063058889,0.0055083333
Finnish_Southeast_(n=11),0.13120682,0.088258455,0.088897818,0.078342182,0.033069091,0.020485636,0.0091864545,0.013929273,0.0025844545,-0.021487182,0.0028935455,-0.0058720909,0.011622636,0.0032779091,0.0026034545,0.012909364,0.011568455,0.00013809091,-0.0016912727,0.0067077273,0.0080539091,-0.0010118182,0.0016470909,0.00838,-0.00040272727
Finnish_Southwest_(n=8),0.1313235,0.096856125,0.0863135,0.07210975,0.033736875,0.02297375,0.008548375,0.01404725,0.004473875,-0.02088875,0.003897375,-0.005807125,0.011465375,0.008584375,0.005293125,-0.008568625,-0.02011175,0.001441125,0.001586875,-0.000218875,0.006863,0.000525625,0.002773125,0.005121125,0.003906875
Flemish_Belgium_(n=16),0.12972761,0.13878073,0.05653703,0.03517571,0.040463545,0.013469431,0.0031446226,0.0044373642,0.0070237569,0.0073787082,-0.0054134063,0.0054131752,-0.010474223,-0.007021863,0.014770647,0.0048895895,-0.0050069129,0.00081299627,0.0030007792,0.0014602893,0.0032045831,0.0018041179,0.0011860482,0.011420526,-0.00022597143
Flemish_Belgium_Antwerp_(n=3),0.129295,0.136648,0.057888,0.039336,0.040521,0.015345,0.004319,0.005934,0.007145,0.006063,-0.005434,0.004415,-0.010335,-0.00427,0.014745,0.005783,-0.004257,0.001383,0.003007,0.002387,0.004278,-0.000084,0.001066,0.009228,0.000924
Flemish_Belgium_East_Flanders_(n=1),0.129276,0.135673,0.05573,0.037692,0.036252,0.014452,0.004317,0.005544,0.003846,0.004263,-0.003106,0.004649,-0.010669,-0.007695,0.013838,0.00306,-0.006668,0.001123,0.003486,0.000866,0.002283,0.001594,0.002133,0.010135,0.000392
Flemish_Belgium_Flemish_Brabant_(n=2),0.1302215,0.1428675,0.0506215,0.023961,0.0421165,0.008223,0.003396,0.0039675,0.008208,0.0155465,-0.004531,0.006881,-0.014288,-0.005992,0.008886,0.001602,-0.002642,0.001791,0.0039045,-0.000629,0.002218,0.0014895,-0.0002285,0.0086165,-0.0003905
Flemish_Belgium_West_Flanders_(n=5),0.1286578,0.1380552,0.055657,0.0363058,0.0377224,0.0144788,0.0043308,0.004445,0.0041896,0.0051362,-0.0045584,0.0053758,-0.0118442,-0.0070466,0.0149944,0.0026842,-0.0059772,0.0018774,0.0029638,0.001363,0.0027726,0.0022178,0.001609,0.0121064,-0.0006728
Flemish_France_Nord_(n=4),0.1284321,0.13892689,0.055461548,0.036291943,0.040761407,0.012708453,0.004048245,0.0051433961,0.0065257528,0.0073970783,-0.0070535297,0.0055976571,-0.010377633,-0.014301411,0.017574252,0.0075991355,0.0023572427,0.0013614321,0.0067238429,0.0017058075,0.0039998652,-0.0011720301,-0.0033108407,0.0091681361,-0.0038473496
Fordata_(n=1),-0.007968,-0.356451,-0.135009,0.087533,0.164031,-0.14084,0.000235,-0.006231,-0.023316,-0.016037,0.030529,0.002548,-0.00446,0.001239,0.0076,0.002121,-0.007953,0.007981,0.007919,-0.005253,-0.00549,-0.014838,0.001725,-0.009278,-0.03353
Formosan_(n=14),0.016504286,-0.44828364,-0.044015357,-0.066353429,0.13905893,0.061913714,-0.0037767857,-0.014340143,-0.022103143,-0.021334571,0.040933571,0.0038857857,-0.0042899286,0.000098357143,0.0082499286,0.0040345714,-0.0036414286,0.0053298571,0.0076495,-0.016150571,0.0076651429,-0.026108571,0.00056335714,-0.0068682857,-0.0517575
Formosan_(Han-Mixed)_(n=1),0.015935,-0.452926,-0.023381,-0.071383,0.115098,0.048806,-0.00282,-0.012923,-0.017794,-0.014943,0.001624,0.005695,0,-0.008395,0.003257,-0.001326,0.00013,0.001774,0.002514,-0.010755,0.016221,-0.013354,0.00949,-0.003494,-0.024309
Frafra_Nankam_(n=50),-0.62245302,0.063897,0.0204022,0.01414094,0.0005232,0.01245528,-0.04683282,0.04725494,-0.0409007,0.03001424,0.0039103,0.00126492,0.02137138,-0.00019262,0.01186194,-0.00912218,0.00753094,-0.00200674,0.00352204,-0.0015933,-0.00011978,0.00183502,-0.00008128,-0.0006941,0.0000527
French_(n=64),0.12725066,0.14206298,0.048035763,0.019803939,0.040454594,0.0057259707,0.0028751553,0.0034433537,0.010964412,0.01792176,-0.003531958,0.0069664864,-0.014029829,-0.0092185363,0.011249951,0.0035757718,-0.0015258768,-0.00023754557,0.0011234343,0.00084802532,0.0027821352,0.0018239047,-0.0013037431,0.0059363903,-0.0013490234
French_Arpitan_Auvergne-Rhone-Alpes_Isere_(n=1),0.132035,0.149283,0.047894,0.011951,0.040931,0.003347,0.004935,0.003461,0.014317,0.022597,-0.00341,0.009591,-0.016353,-0.008945,0.007465,0.002652,-0.000261,0.002027,0.006285,-0.003752,0.004742,0.007296,-0.005793,0.002169,-0.004191
French_Arpitan_Auvergne-Rhone-Alpes_Loire_(n=2),0.125205,0.1411585,0.050157,0.0134045,0.0470855,0.002649,0.0010575,0.007384,0.018918,0.0253305,-0.007713,0.0059195,-0.0147915,-0.009358,0.0112645,0.0080875,0.005606,0.003357,0.000629,0.003126,0.0004995,0.0055645,-0.005053,0.0086155,-0.000359
French_Arpitan_Auvergne-Rhone-Alpes_Rhone_(n=1),0.12862,0.140143,0.048271,0.013889,0.041546,0.009203,0.00329,0.000692,0.006954,0.018041,0.001786,0.006444,-0.009663,-0.00578,0.008686,-0.001193,-0.01708,0.002914,0.009679,-0.005127,-0.004991,0.002597,-0.005916,0.004217,-0.000359
French_Arpitan_Auvergne-Rhone-Alpes_Savoie_(n=4),0.127482,0.14242775,0.04261475,0.01009375,0.043777,0.00299825,-0.00146875,-0.00173075,0.0129875,0.022734,-0.00040575,0.00569475,-0.01200425,-0.00990875,0.002409,0.007027,0.0093225,0.00186875,0.0016025,0.00084425,0.00037425,0.0008655,-0.00178675,0.004368,-0.001886
French_Arpitan_Bourgogne-Franche-Comte_Jura_(n=1),0.122929,0.146236,0.046386,0.016473,0.034776,0.000279,0.00188,0.000462,0.010635,0.016583,-0.001137,0.005995,-0.005798,-0.00523,0.010315,-0.00411,-0.011604,-0.000633,0.000754,-0.004252,0.001123,0.005441,0.005176,0.006266,-0.002994
French_Catalan_Occitanie_Pyrenees-Orientales_(n=1),0.125205,0.155376,0.042992,-0.000969,0.034468,0.006972,0.001645,0.003231,0.027202,0.034625,-0.004709,0.008542,-0.013677,-0.012661,0.00855,0.000928,0.000913,0.003167,-0.00088,-0.003627,0.001123,0.006059,0.003328,-0.004579,-0.003832
French_Occitan_Auvergne-Rhone-Alpes_Ardeche_(n=2),0.12331434,0.1436955,0.045636946,0.013465583,0.041852856,0.0025239715,-0.0026525057,0.0023460424,0.017765491,0.021879253,-0.0059324223,0.0069857221,-0.016897239,-0.0085952627,0.0050916251,0.003219479,0.0028787316,0.0016573721,0.00040495036,-0.0030768911,0.0034166433,0.0062734032,0.0018159221,0.0022884638,-0.00087887157
French_Occitan_Auvergne-Rhone-Alpes_Drome_(n=1),0.127855,0.147959,0.046363,0.015056,0.045189,0.004697,0.001731,0.003125,0.01399,0.0232,-0.005655,0.007199,-0.015691,-0.004901,0.008048,0.001329,-0.000895,0.000547,0.002721,-0.001087,0.002411,-0.000807,-0.00059,0.003119,-0.000249
French_Occitan_Auvergne-Rhone-Alpes_Haute-Loire_(n=4),0.12918925,0.14496675,0.0496855,0.0121125,0.04154625,0.008785,0.0067565,0.00346125,0.01646425,0.023964,-0.001421,0.00813025,-0.018211,-0.01252375,0.00532675,0.0086845,0.003814,0.0009185,0.00571925,0.0021885,0.00411775,-0.0005875,-0.00286525,0.0091275,-0.00380175
French_Occitan_Auvergne-Rhone-Alpes_Puy-de-Dome_(n=28),0.12528664,0.14464046,0.047638393,0.013554464,0.043854429,0.0042431071,0.000016785714,0.0033213571,0.015441643,0.021432286,-0.0025518214,0.0069848571,-0.013443214,-0.0091814286,0.00790075,0.0010607143,-0.00088007143,0.0016514643,0.0031244286,-0.000066928571,0.00176475,0.0033827143,-0.0018926786,0.00177725,-0.000098357143
French_Occitan_Nouvelle-Aquitaine_Correze_(n=3),0.12710267,0.14589767,0.050157,0.013889,0.041854,0.0058566667,0.00376,0.0079226667,0.020588667,0.027578667,-0.0046006667,0.0041963333,-0.011942333,-0.013578667,0.0082786667,0.00221,0.0030856667,0.0041386667,0.0023463333,0.000917,0.0026203333,-0.000412,-0.000041,0.0027313333,-0.000639
French_Occitan_Nouvelle-Aquitaine_Creuse_(n=1),0.124067,0.148267,0.052797,0.015827,0.044931,0.003904,0.00799,0.007384,0.014112,0.019681,-0.008769,0.007643,-0.012339,-0.009909,0.010179,-0.006497,-0.01682,0.004814,0.004022,-0.015883,0.001872,-0.000371,-0.004067,0.00482,0.00012
French_Occitan_Nouvelle-Aquitaine_Dordogne_(n=1),0.132035,0.145221,0.055437,0.022287,0.0437,0.005857,0.00141,0.001385,0.017385,0.026971,-0.007795,0.011839,-0.024975,-0.007844,0.016694,-0.005171,-0.014603,0.002534,0.004399,0.003126,-0.004492,-0.002968,0.001602,-0.006627,0.005987
French_Occitan_Nouvelle-Aquitaine_Gironde_(n=1),0.121791,0.148267,0.053928,0.016473,0.042162,0.004462,0.003525,0.002769,0.011453,0.017495,-0.002761,0.007194,-0.022299,-0.014175,0.011808,0.006629,0.001695,0.003294,-0.002137,-0.002001,0.012478,0.003339,0,0.005543,-0.000838
French_Occitan_Nouvelle-Aquitaine_Haute-Vienne_(n=1),0.126344,0.151314,0.052797,0.008398,0.050163,0.005299,-0.00141,0.001615,0.01309,0.021139,-0.003085,0.01154,-0.017245,-0.012799,0.014386,-0.000928,0.004433,0.000127,0.001131,-0.003752,0.004492,-0.001113,0.001849,-0.005302,-0.002275
French_Occitan_Nouvelle-Aquitaine_Landes_Chalosse_(n=9),0.12798778,0.14792889,0.052168222,0.010838444,0.051975444,0.00282,-0.000026111111,0.0018204444,0.025406444,0.039504556,-0.0018405556,0.0091085556,-0.020548111,-0.016071222,0.010541,0.003241,-0.0042014444,0.002027,-0.00054477778,-0.0020285556,0.0085961111,0.0029676667,-0.0075591111,-0.0070556667,-0.0020623333
French_Occitan_Nouvelle-Aquitaine_Landes_Chalosse_Dax_(n=4),0.1277665,0.14293575,0.04751725,0.010013,0.04885525,0.00257975,0.00076375,0.002827,0.02812225,0.0397275,-0.0084445,0.00745575,-0.02378575,-0.01149175,0.01123075,0.00523725,-0.003618,0.002882,-0.00037725,0.0027825,0.00533425,-0.00021625,-0.00939775,-0.00810325,-0.00374225
French_Occitan_Nouvelle-Aquitaine_Pyrenees-Atlantiques_Bearn_(n=10),0.1267991,0.1448145,0.0535889,0.0060078,0.0539486,0.0021754,-0.001692,-0.0020537,0.024461,0.0398913,-0.0088665,0.0102359,-0.0189989,-0.0143265,0.0141693,0.001578,-0.0057238,-0.0008996,-0.0017346,-0.0033017,0.0054653,0.0031407,-0.0066429,-0.0081696,0.0006825
French_Occitan_Occitanie_Aveyron_(n=2),0.128051,0.1462365,0.0480825,0.012597,0.0398535,0.003486,0.002585,0.0006925,0.0111465,0.0245105,-0.0031665,0.005545,-0.015535,-0.0136935,0.000407,0.0070275,0.0164285,-0.0028505,0.0043365,-0.000375,0.006177,0.002164,-0.0024645,-0.0018675,-0.007604
French_Occitan_Occitanie_Gard_(n=2),0.133742,0.145221,0.0465745,0.0027455,0.041546,-0.0048805,-0.003525,0.0047305,0.026895,0.0298865,0.001137,0.007943,-0.016055,-0.012386,0.007804,-0.0100105,-0.010822,-0.001774,0.002954,-0.005065,0.004492,0.0020405,-0.004314,0.0053015,0.003712
French_Occitan_Occitanie_Haute-Garonne_(n=37),0.12702032,0.144864,0.048913514,0.017459459,0.043542378,0.0035728378,0.00040013514,0.0038605946,0.014952351,0.023725135,-0.0032608649,0.0066588378,-0.01501873,-0.0094774324,0.010597189,0.0025873243,-0.0035698108,0.0023420811,0.0012910541,-0.000081027027,0.0035747297,0.0024195946,-0.0025548108,0.0017520541,0.00048221622
French_Occitan_Occitanie_Hautes-Pyrenees_Bigorre_(n=8),0.12862025,0.14864825,0.0519485,0.005046875,0.052163375,-0.00226575,-0.00158625,-0.000028625,0.02487525,0.03902125,-0.002740375,0.007212375,-0.021778875,-0.01346975,0.0084655,0.0007955,-0.00265675,0.002122,-0.00141425,-0.003595375,0.002355375,-0.00111275,-0.004822125,-0.00599475,0.001137625
French_Occitan_Occitanie_Hautes-Pyrenees_Bigorre_Lourdes_(n=3),0.12406733,0.147252,0.052419667,0.0073213333,0.053138,0.002789,-0.00039166667,0.0015383333,0.026997333,0.037237,-0.004547,0.0072436667,-0.019276,-0.016331333,0.009229,-0.00053066667,-0.007084,0.000338,0.0010056667,0.00075033333,0.0045336667,-0.0016486667,0.00024633333,-0.0068283333,0.0016763333
French_Occitan_Occitanie_Herault_(n=1),0.124067,0.139128,0.048271,0.014212,0.040623,0.004462,0.00094,0.003461,0.015953,0.023691,-0.008769,0.006294,-0.015907,-0.007569,0.013029,0.002917,-0.006519,0.012162,-0.005405,-0.005002,0.012353,-0.003215,-0.004314,-0.009037,0.001317
French_Occitan_Occitanie_Lozere_(n=1),0.133173,0.147252,0.039598,0.011305,0.03693,-0.000558,0.005875,0.004154,0.013499,0.022233,-0.001949,0.003147,-0.009812,-0.003716,0.017508,-0.00411,-0.020861,0.003294,0.001257,0.001876,0.008485,0.007172,-0.000246,-0.005302,0.002994
French_Occitan_Occitanie_Tarn_(n=1),0.127482,0.142174,0.044877,0.012597,0.038469,-0.000558,-0.00188,0.000462,0.016975,0.02934,0,0.004796,-0.018285,-0.011698,0.005972,0.016706,0.016168,-0.00114,-0.003645,0.001751,0.005116,0.001978,-0.002958,0.009881,-0.005508
French_Occitan_Provence-Alpes-Cote_d'Azur_(n=4),0.120937,0.14420525,0.03544925,0.0043605,0.036699,0.003486,0.0005875,0.000692,0.0127315,0.02246075,-0.0041815,0.00558275,-0.0131565,-0.01180125,0.008211,0.0043425,0.00179275,0.00126675,0.0018855,-0.00281375,-0.0008425,0.00231875,0.000031,0.0006625,0.001377
French_Occitan_Provence-Alpes-Cote_d'Azur_Alpes-de-Haute-Provence_(n=1),0.127482,0.141159,0.04978,0.004522,0.045239,0.002789,-0.00423,0.005538,0.016975,0.023691,0.002111,0.007943,-0.015758,-0.004817,0.014115,-0.003845,-0.01004,0.005194,0.004148,-0.009379,0.00025,0.004204,-0.004437,0.001928,0.001796
French_Occitan_Provence-Alpes-Cote_d'Azur_Bouches-du-Rhone_(n=1),0.125205,0.141159,0.039975,0.000323,0.0437,-0.004741,0.00611,0.005077,0.011453,0.021504,0.001624,0.008393,-0.015312,-0.007432,0.0057,0.002254,0.002477,0.002407,0.004777,-0.005628,0,0.001978,0.003081,0.000361,-0.004191
French_Occitan_Provence-Alpes-Cote_d'Azur_Bouches-du-Rhone_Marseille_(n=13),0.12266638,0.14443962,0.036754923,0.0043729231,0.037639923,0.00051492308,0.0026211538,0.0040117692,0.0098800769,0.021055154,-0.0036225385,0.0081389231,-0.012453,-0.010353538,0.0054810769,0.0024580769,-0.00019061538,0.003557,0.0020788462,-0.001145,0.0017756923,0.0035098462,-0.00023715385,0.0062750769,-0.00030392308
French_Oil_Bourgogne-Franche-Comte_Cote-d'Or_(n=2),0.1286195,0.1406505,0.0480825,0.0264855,0.0400075,0.008645,-0.0004695,0.0018465,0.0049085,0.0180415,-0.0007305,0.008092,-0.0240825,-0.018166,0.007328,0.007558,0.0043025,-0.000253,-0.0016965,0.0058775,0.0037425,0.005502,-0.0027725,0.0056625,0.001736
French_Oil_Bourgogne-Franche-Comte_Doubs_(n=2),0.1240675,0.14319,0.046197,0.016796,0.0400075,0.0080875,0.003055,0.004269,0.0040905,0.013941,-0.0051155,0.004196,-0.016204,-0.007913,0.0089575,-0.0019885,-0.007497,0.0026605,0.005845,0.0030015,0.0036185,0.0012365,-0.001417,0.009218,0.0008985
French_Oil_Bourgogne-Franche-Comte_Haute-Saone_(n=1),0.125205,0.146236,0.046763,0.011628,0.033852,0.017291,-0.000235,0.010615,0.002863,0.007472,-0.004709,0.004496,-0.013677,-0.003578,0.011265,-0.010607,-0.015255,0.004181,0.006159,0.002376,0.003369,0.002102,0.001725,0.003976,-0.002275
French_Oil_Bourgogne-Franche-Comte_Nievre_(n=1),0.126344,0.137096,0.042238,0.017765,0.037545,0.00502,0.00611,0.001385,0.020248,0.023508,-0.001461,0.001049,-0.020961,-0.004954,-0.004479,0.004906,0.000261,-0.000127,0.00817,-0.003126,0.010856,-0.003833,-0.004067,0.007591,0.002155
French_Oil_Bourgogne-Franche-Comte_Saone-et-Loire_(n=2),0.1308965,0.142174,0.044877,0.0117895,0.03693,0.00251,0.0003525,0.002077,0.0118625,0.0211395,-0.0051965,0.0086925,-0.0142715,-0.0110785,0.0105865,0.0043095,-0.002086,0.00019,0.001634,0.000625,0.000936,0.001298,-0.0011705,0.0078325,-0.001197
French_Oil_Bourgogne-Franche-Comte_Yonne_(n=2),0.123498,0.147252,0.046763,0.0156655,0.039084,0.009064,-0.0010575,0.0027695,0.0134985,0.0144875,-0.00406,0.0073435,-0.0124875,-0.0068125,0.0137755,-0.006696,-0.0092575,0.002027,0.007856,-0.00519,0.0014975,-0.00068,-0.004437,0.0040965,0.001437
French_Oil_Centre-Val_de_Loire_Indre_(n=1),0.120652,0.144205,0.056945,0.019703,0.048932,0.012271,0.003995,0.006923,0.016566,0.02041,-0.002761,0.003297,-0.015312,-0.013762,0.011265,0.006232,-0.005215,-0.006208,0.006913,-0.002876,-0.000624,-0.000495,-0.003451,0.002771,-0.011975
French_Oil_Grand_Est_Ardennes_(n=1),0.127482,0.147252,0.058831,0.022287,0.033545,0.015618,-0.000235,0.003461,0.005727,0.00492,-0.001461,0.004646,-0.013231,-0.008945,0.013301,0.000265,-0.01017,0.001267,0.010559,-0.00075,0.011355,0.000371,0.005793,0.013496,0.006706
French_Oil_Grand_Est_Marne_(n=1),0.132035,0.140143,0.04978,0.017442,0.038469,0.008925,0.004935,0.005769,0.011862,0.022597,-0.006171,0.004046,-0.00996,-0.007982,0.007872,0.011403,0.011865,-0.005194,0.007793,-0.000625,-0.005989,-0.001607,-0.003697,0.005784,-0.006227
French_Oil_Grand_Est_Moselle_(n=9),0.12444667,0.14059444,0.048145667,0.026091222,0.038331778,0.0086456667,0.0037338889,0.002923,0.0098624444,0.011885778,-0.0013531111,0.0026143333,-0.0090022222,-0.004985,0.0076456667,0.0084268889,-0.000768,0.0037865556,0.0047065556,-0.0015978889,0.0012894444,-0.0026104444,-0.0012187778,0.0049938889,-0.00025266667
French_Oil_Grand_Est_Vosges_(n=1),0.120652,0.139128,0.050911,0.019703,0.03693,0.003068,0.00564,0.011307,0.012067,0.012757,-0.004872,0.008542,-0.009217,-0.017203,0.013165,0.000398,-0.007562,0.006461,-0.001634,-0.001501,0.003868,-0.002349,0.001602,0.00723,0.000479
French_Oil_Hauts-de-France_Aisne_(n=1),0.126344,0.13405,0.042992,0.025194,0.040623,0.01506,0.007285,0.008769,0.005931,0.016219,-0.00065,0.005695,-0.018137,-0.008257,0.008415,0.014054,0.004563,0.004054,0.004651,0.002876,0.002496,-0.002226,-0.002095,0.005904,0.001557
French_Oil_Hauts-de-France_Nord_(n=39),0.12768615,0.14048159,0.05120141,0.025003513,0.038381846,0.0090817692,0.0015787179,0.0043430513,0.0082700769,0.012494872,-0.0038932051,0.0043768974,-0.011164795,-0.0088785128,0.012402821,0.001353,-0.0060210769,0.002511,0.0032778462,0.00059966667,0.0016062308,0.0014615641,-0.0011345385,0.008135,-0.00038376923
French_Oil_Hauts-de-France_Pas-de-Calais_(n=10),0.1278234,0.1404478,0.0524575,0.028101,0.0405922,0.0109885,0.0034545,0.0037845,0.0097557,0.0116084,-0.0045632,0.0042712,-0.0120266,-0.0096197,0.0130563,0.0001591,-0.0068322,0.00375,0.0026146,-0.0019511,0.0046917,0.0030171,-0.0009366,0.0073863,-0.0007545
French_Oil_Hauts-de-France_Somme_(n=1),0.129758,0.141159,0.060339,0.030039,0.039084,0.009761,0.00517,0.008077,0.007772,0.009659,-0.003248,0.004346,-0.013379,-0.010046,0.013301,0.007955,-0.003651,-0.00114,0.002891,-0.001501,0.00287,0.012489,-0.004314,0.009881,-0.005029
French_Oil_Ile-de-France_Paris_(n=11),0.12717136,0.14143555,0.050431273,0.023990091,0.040902727,0.0093048182,0.0027985455,0.0054543636,0.011602182,0.018173909,-0.0077060909,0.0068120909,-0.012906545,-0.010384364,0.013769545,0.0060630909,-0.0018255455,0.0046643636,0.0027081818,-0.00097781818,0.0022007273,0.0035747273,-0.0012325455,0.011140545,-0.0019050909
French_Oil_Normandy_Calvados_(n=5),0.1279374,0.1409556,0.0583784,0.0324292,0.0416076,0.0061912,0.001269,0.0072458,0.0063812,0.0117722,-0.0021436,0.0054552,-0.013885,-0.0129366,0.0135992,0.0069742,0.0008868,0.0005574,-0.003595,0.0057776,0.0073122,0.002003,-0.0041904,0.0091096,-0.0046224
French_Oil_Normandy_Eure_(n=1),0.118376,0.142174,0.05242,0.031331,0.044316,0.00753,-0.001645,0.012461,0.003272,0.008747,-0.00065,0.006444,-0.004906,-0.011285,0.017372,0.002519,-0.006519,0.000633,0.000503,-0.003627,-0.002246,-0.001855,0.001479,0.017111,0.00012
French_Oil_Normandy_Manche_(n=10),0.1298723,0.1405493,0.0571716,0.0326553,0.0408999,0.01308,0.001551,0.0034614,0.0108192,0.008875,-0.0043357,0.0054102,-0.0129038,-0.0097713,0.016232,-0.0002651,-0.0073406,0.0029899,0.0039846,0.0021635,0.0048665,0.0034376,-0.0026498,0.0075067,-0.0006707
French_Oil_Normandy_Orne_(n=1),0.12862,0.138112,0.057699,0.026809,0.037238,0.008925,-0.00282,0.003692,0.011453,0.014579,-0.005034,0.008243,-0.02334,-0.014588,0.012079,0.013789,0.009127,-0.003294,0.006536,0.006503,0.006364,0.005564,0.001602,0.004097,-0.003952
French_Oil_Normandy_Seine-Maritime_(n=16),0.12975838,0.13639844,0.055672438,0.037891938,0.039988125,0.015705062,0.002731875,0.0048748125,0.0065574375,0.0062645,-0.004597625,0.00429,-0.0095049375,-0.0072424375,0.016320312,0.00665425,-0.0051093125,0.0020111875,0.0011075625,0.0022511875,0.00467925,0.0033,-0.0002158125,0.012290812,-0.002073125
French_Oil_Nouvelle-Aquitaine_Charente-Maritime_(n=2),0.12862,0.142682,0.0503455,0.020349,0.044162,0.0020915,-0.0052875,0,0.01401,0.020593,-0.002192,0.006744,-0.008102,-0.0152075,0.0120115,0.0051045,0.004759,-0.001267,-0.000943,-0.0007505,0.0021835,0.004204,-0.0081345,0.0030125,-0.0005985
French_Oil_Nouvelle-Aquitaine_Deux-Sevres_(n=2),0.1297585,0.1502985,0.0546825,0.015181,0.0475475,0.0086455,-0.0017625,0.005077,0.0170775,0.023235,-0.0040595,0.0073435,-0.0136025,-0.013212,0.01364,0.001392,-0.012126,0.0000635,-0.004148,-0.0006255,0.003369,0.0053175,0.00228,0.009399,0.0043705
French_Oil_Pays_de_la_Loire_Maine-et-Loire_(n=4),0.127197,0.13836575,0.0543995,0.03060425,0.04385425,0.011783,0.0034075,0.0056535,0.01339625,0.01717575,-0.00389725,0.0046085,-0.01375125,-0.010597,0.01289325,0.00179,-0.007236,0.00161525,0.00201125,0.00081275,0.0027765,0.00102,-0.00157125,0.0044585,0.000509
French_Oil_Pays_de_la_Loire_Sarthe_(n=1),0.129758,0.135065,0.052043,0.026486,0.041238,0.00251,-0.003995,0.002769,0.015953,0.018406,-0.004547,0.006594,-0.018137,-0.013212,0.010722,0.00305,0.001565,0.001014,-0.002891,0.002251,0.000624,0.000495,0.001725,0.001205,-0.005987
French_Oil_Pays_de_la_Loire_Vendee_(n=6),0.12520533,0.14657483,0.048523,0.017226667,0.043187333,0.0029283333,-0.000039166667,0.0038076667,0.0119305,0.023022333,-0.007524,0.0071435,-0.015758,-0.010963833,0.010721833,0.00030933333,-0.007019,0.0028928333,0.0014666667,0.000041833333,0.0019965,0.0047195,-0.0013556667,0.0042775,-0.0031933333
French-American_Louisiana_(Cajun)_(n=8),0.13108487,0.14301337,0.0528635,0.024353375,0.04301225,0.009501625,0.001614875,0.002882125,0.011731,0.01884775,-0.003699125,0.005903125,-0.016226,-0.010870375,0.011828625,0.004856625,-0.002362375,0.00123625,0.003582625,0.001484875,0.003418625,0.00129375,-0.0013735,0.0068295,-0.000263625
French-American_Louisiana_(Lousiana_Creole/Cajun)_(n=34),0.13119653,0.14558324,0.053943235,0.023780647,0.042109912,0.0089846176,0.00074408824,0.0035302353,0.011563176,0.016755118,-0.0045175588,0.0057069118,-0.012193324,-0.0085305,0.011160471,0.0016056765,-0.0031942059,0.00032626471,-0.00062226471,0.0010991765,0.0035491471,0.0016031471,-0.0014558235,0.0028575,-0.00048897059
French-Canadian_Maritimes_(Acadian)_(n=36),0.13261939,0.14491794,0.055261389,0.0242435,0.04321275,0.0082354722,0.00018722222,0.00306175,0.011558667,0.018328111,-0.0046104722,0.0057337222,-0.012714472,-0.0076119444,0.0098545,0.0010563333,-0.0017263056,0.00014225,-0.00062430556,0.00074072222,0.0029848889,0.00094586111,-0.0012250833,0.0024259167,0.00012322222
French-Canadian_New_Brunswick_(Acadian)_(n=16),0.13363856,0.14285725,0.057628875,0.026943875,0.04295875,0.009651,-0.0001319375,0.0020696875,0.010399125,0.01643025,-0.0050684375,0.0060224375,-0.01294075,-0.0075176875,0.0103795,0.00092325,-0.002482,0.000249125,-0.0005159375,0.000971875,0.003574,0.0012311875,-0.001316375,0.002678375,-0.00030775
French-Canadian_Nova_Scotia_(Acadian)_(n=5),0.1346158,0.1469212,0.0534454,0.0194042,0.0428372,0.0063618,-0.000301,0.0029656,0.0119488,0.019543,-0.0057996,0.0055402,-0.011846,-0.0052182,0.0083352,0.0002534,-0.0016764,0.0000032,-0.0006168,0.00139,0.004027,0.0001404,-0.0011798,0.002139,0.0001826
French-Canadian_Ontario_(Ontarois)_(n=1),0.136721,0.151916,0.059139,0.023973,0.050742,0.007304,0.00063,0.005533,0.018029,0.022454,-0.006001,0.004413,-0.009813,-0.001732,0.005894,-0.000106,-0.000819,0.000135,0.000196,0.002355,0.005077,0.000113,-0.001311,0.003084,0.000561
French-Canadian_Prince_Edward_Island_(Acadian)_(n=1),0.134182,0.143631,0.054464,0.017899,0.038644,0.006786,0.001519,0.005756,0.012365,0.016671,-0.001379,0.004079,-0.008719,-0.00886,0.009398,0.000717,-0.006051,0.000347,-0.00057,-0.000768,0.002423,0.000638,-0.001406,0.000649,-0.000012
French-Canadian_Quebec_(Quebecois)_(n=157),0.13242186,0.14602257,0.055606565,0.024500943,0.043494393,0.0094128545,0.0010574266,0.0042086662,0.012049519,0.017335523,-0.0041777284,0.0057774348,-0.012373413,-0.0086869569,0.010766004,0.0012606416,-0.0030674348,0.00018585652,-0.00069347301,0.0006493772,0.0030478928,0.0014764404,-0.0013952017,0.0026787099,-0.00037230423
Frisian_Germany_(n=1),0.13281616,0.1364288,0.068648854,0.055466856,0.044187138,0.022315427,0.0049090123,0.007055986,0.0056382139,-0.001255552,-0.0073701329,0.0038032491,-0.0091774809,-0.005380163,0.023031804,0.0090081017,-0.007805875,0.0020576153,0.0028135614,0.0048064279,0.0066487331,0.00037332292,0.00080180792,0.013329156,0.0012514137
Frisian_Netherlands_(n=81),0.13264166,0.13471387,0.065450517,0.053010942,0.040434982,0.021242119,0.0051769375,0.0065473235,0.0027459989,-0.001877791,-0.0059989761,0.0042124766,-0.010162572,-0.0083803733,0.022678195,0.0069369532,-0.008839676,0.0018655523,0.0026390908,0.0038431661,0.0059864505,0.0023661836,0.000788042,0.014761384,-0.00018277422
Fulani_Burkina_Faso_A_(n=6),-0.492854,0.080396,0.013827833,-0.0080211667,0.0056933333,-0.00172,-0.045827,0.039806,-0.0033063333,0.026151,0.0046281667,-0.0005495,0.021109833,-0.0032571667,0.0163995,-0.015601333,0.005498,-0.0092905,-0.012150667,0.00064616667,-0.0051576667,-0.013478333,0.0076208333,-0.00084333333,0.0039116667
Fulani_Burkina_Faso_B_(n=49),-0.44137814,0.084143776,0.010497796,-0.018793327,0.011374,-0.0057314694,-0.043913429,0.034373673,0.010831367,0.024189041,0.0037946735,-0.0035417551,0.022505367,-0.0079062857,0.01807849,-0.013010061,0.008674551,-0.013046306,-0.021171102,0.0026466327,-0.005607449,-0.01967598,0.010078673,-0.0019008367,0.004609
Fulani_Cameroon_(n=2),-0.389844,0.0939365,0.007731,-0.033269,0.013387,-0.0143625,-0.0412445,0.0317295,0.0236225,0.022871,0.0057645,-0.0074185,0.0227455,-0.009427,0.019408,-0.0189605,0.004629,-0.0175465,-0.0277165,0.006003,-0.010856,-0.02269,0.017008,0.000723,0.003712
Fulani_Gambia_A_(n=99),-0.59726085,0.066337606,0.018536141,0.010923273,0.0026080404,0.0079835758,-0.035363192,0.035781677,-0.031221929,0.025807606,0.0049273939,-0.0015152828,0.018689162,-0.0010926566,0.01382704,-0.0097620606,0.010127828,0.00062829293,-0.0028872525,-0.0019062424,-0.0013549495,-0.003027596,0.0012050606,-0.001287697,0.0014842222
Fulani_Gambia_B_(n=73),-0.45360851,0.084316726,0.012083329,-0.016180973,0.010775356,-0.006078274,-0.040100027,0.031642521,0.0084583562,0.024754096,0.004293274,-0.0041921096,0.021730945,-0.0065737945,0.018580685,-0.014713849,0.0068299452,-0.010188877,-0.020323466,0.0015366712,-0.0066424247,-0.017321534,0.0098783425,-0.0022811507,0.0044962466
Fulani_Guinea_A_(n=17),-0.571325,0.068697706,0.019632471,0.007429,0.0039463529,0.0047901765,-0.034076588,0.034559588,-0.024651118,0.026863765,0.0046997059,-0.0024596471,0.019981647,-0.0032867059,0.014969059,-0.010505706,0.010461412,0.0000074705882,-0.0051462941,0.00011776471,-0.00063129412,-0.0059135294,0.0031175294,-0.0010346471,0.0017257059
Fulani_Guinea_B_(n=10),-0.4632601,0.0827655,0.0113136,-0.0137275,0.011448,-0.0045738,-0.037602,0.0301142,0.0049495,0.0265699,0.0033127,-0.0063394,0.0217044,-0.0078857,0.0186344,-0.0149694,0.0109522,-0.0081461,-0.0187542,0.0020635,-0.0064635,-0.0183006,0.0102296,-0.0025665,0.0060832
Fulani_Senegal_(n=25),-0.54207116,0.07275264,0.01469264,-0.00117572,0.0057364,0.00213064,-0.0412868,0.03787224,-0.01020976,0.0227796,0.00367644,-0.00197228,0.01824364,-0.00461316,0.01515712,-0.01225124,0.0093982,-0.00543244,-0.00977432,-0.00018508,-0.00381832,-0.01061928,0.00619196,-0.00181692,0.00216508
Gabonese_Bantu_(n=1),-0.627165,0.060932,0.018479,0.019703,-0.004001,0.012271,0.009165,0.009692,-0.029656,0.018953,0.004547,-0.012589,-0.003419,0.004817,-0.008686,-0.008221,-0.008345,-0.004561,-0.001257,0.005753,0.001248,0,-0.001972,-0.004217,-0.011017
Gadaba_Andhra_Pradesh_(n=1),0.011382,-0.228494,-0.170081,0.107883,0.007078,0.061635,-0.011516,0.01223,0.076287,0.047199,0.021922,0.005395,-0.000892,0.02202,-0.018458,-0.020154,0.006519,0.005448,-0.002011,0.027888,-0.001248,0.013354,-0.008381,0.011688,0.010897
Gagauz_(n=9),0.12166433,0.13438844,0.020029444,-0.002907,0.019559111,0.0013325556,0.0068674444,0.0046922222,-0.003636,0.0036244444,-0.0016418889,-0.0020814444,-0.0014701111,0.010123,-0.010450444,-0.0047436667,0.0034333333,-0.00026744444,0.0036034444,-0.0029041111,-0.0064884444,-0.00093433333,0.0036837778,-0.0049267778,0.000066555556
Ganguela_(n=6),-0.62887267,0.0627935,0.020113167,0.015827,-0.00035916667,0.013433333,-0.018056833,0.023537333,-0.032417167,0.020228167,0.002869,-0.0013988333,-0.0041378333,0.00018366667,-0.00751,0.0058338333,-0.0092571667,0.0035683333,-0.0042528333,0.0012088333,0.0016221667,-0.000082333333,0.0016228333,-0.00092366667,-0.0012571667
Garhwali_Brahmin_(n=2),0.0603265,-0.0655015,-0.1057825,0.083657,-0.066166,0.0502005,0.0064625,0.0065765,0.0079765,0.0060135,-0.012098,0.001199,-0.0055745,-0.00117,0.0019675,-0.0015245,-0.0008475,0.0028505,0.0027025,-0.007316,0.0048665,-0.003339,0.003636,0.001747,0.002395
Garhwali_Rajput_(n=7),0.045854571,-0.15073371,-0.098644,0.066630286,-0.046602286,0.048088714,0.0021485714,0.0071865714,0.019926429,0.01083,-0.027026143,-0.004132,0.0029731429,-0.0054458571,-0.00085314286,-0.0011365714,0.003036,-0.0026062857,-0.002119,0.00094685714,-0.00064171429,0.0038687143,0.0032042857,0.0027715714,0.0085192857
Garhwali_Rajput_o_(n=1),0.0543,-0.073,-0.117,0.0922,-0.0579,0.0536,0.0002,0.0066,0.0224,0.0137,-0.0099,-0.0012,-0.0024,-0.0022,0.003,-0.0016,-0.0032,0.0021,0.0025,-0.0026,-0.0006,0.0016,0.0014,0.0024,-0.0037
Garifuna_Belize_(n=3),-0.572472,0.035864333,0.030988333,0.023340333,-0.0075266667,0.010524,-0.036424667,-0.019276,-0.033088333,0.023725667,0.0038443333,-0.00032666667,0.009439,0.0028946667,0.0041166667,-0.0027266667,0.002652,0.00066533333,-0.0021586667,-0.000412,0.00020466667,-0.0018873333,0.000779,0.000404,0.00096866667
Garo_(n=2),0.0108135,-0.3793,-0.0520425,-0.0114665,0.0520095,0.0405785,-0.000235,0.0016155,0.016669,0.01467,-0.0260635,-0.0055455,0.002899,-0.0010325,-0.007532,-0.0059005,0.00352,-0.003104,-0.008987,0.0132565,-0.0013725,0.0242975,0.003636,0.0084345,0.047002
Gawar_(n=2),0.0722,0.0037,-0.11385,0.07215,-0.0698,0.04165,0.0023,0.00685,-0.0057,-0.00495,-0.00135,0.00105,-0.00205,-0.0082,0.0105,0.00845,-0.0017,-0.0026,0.0013,-0.0079,0.00035,-0.0048,0.0004,-0.0041,0.0036
Gawri_(n=1),0.071709,-0.006093,-0.089,0.062662,-0.060627,0.04518,-0.00141,0.001846,-0.00859,-0.008565,-0.009256,-0.001798,-0.002973,-0.010735,0.0076,0.007292,-0.006258,0.002407,-0.005531,-0.011005,-0.007736,-0.004946,-0.001479,-0.002048,0.005748
Gelao_Guangxi_Longlin_(n=8),0.0160775,-0.444548,-0.038843375,-0.061571875,0.11879125,0.057555875,0.000264375,-0.010615,-0.015671625,-0.010159625,0.002578125,0.001292625,0.000557375,-0.00541875,-0.000661375,-0.003165625,0.00017925,-0.00102925,-0.006552,-0.009958,0.0075025,0.0084085,0.012324625,-0.003087625,0.0112115
Gelao_Guangxi_Longlin_o_(n=2),0.015935,-0.4544495,-0.02093,-0.065246,0.0940175,0.0423915,-0.00094,-0.005769,-0.014214,-0.004374,-0.029798,-0.0029225,0.0021555,0.0001375,-0.0016965,0.004508,-0.003651,0.0066515,-0.001194,-0.0118805,0.0068005,0.007481,0.0167615,-0.0037955,0.0074245
Gelao_Guizhou_Wuchuan_(n=47),0.020463872,-0.45046291,-0.009781,-0.066476149,0.077965319,0.034689255,0.0035201064,-0.0026414468,-0.012893766,-0.0023420426,-0.050924255,-0.0068173191,0.0075374043,-0.0066088085,-0.0073028298,-0.0013512766,0.00072138298,0.0013450213,-0.0037736383,-0.0091479149,0.012451362,0.0099132128,0.015631468,-0.00027946809,0.0052893617
Georgian_Adjarian_(n=3),0.110029,0.136081,-0.059208,-0.050818667,-0.040212667,-0.012085333,0.0067366667,-0.0083843333,-0.057812,-0.016036667,-0.001678,0.008692,-0.022249333,0.0040826667,-0.000045,-0.017899667,0.012603667,-0.005152,-0.0068713333,0.015382333,0.0086926667,0.0059763333,0.000945,-0.0094793333,0.0021153333
Georgian_Gurian_(n=3),0.10585533,0.138789,-0.059208,-0.052218333,-0.039186667,-0.007623,0.010888667,-0.008538,-0.060198,-0.022354333,0.0019486667,0.010890667,-0.026957,0.0096336667,0.0038906667,-0.023689667,0.010300333,-0.0024916667,-0.0080026667,0.015924333,0.019174667,0.0075016667,0.0032866667,-0.0091173333,0.00091833333
Georgian_Imeretian_(n=12),0.110029,0.13430375,-0.060559333,-0.047427167,-0.038366083,-0.0094126667,0.011711417,-0.0059229167,-0.064067,-0.017752917,-0.00067658333,0.011652167,-0.024491833,0.0055506667,0.0025561667,-0.024396583,0.0077903333,-0.0053104167,-0.0095215833,0.015413667,0.013892083,0.002267,0.0019206667,-0.0077319167,-0.0007785
Georgian_Javakhian_(n=1),0.100164,0.140143,-0.059585,-0.050065,-0.036007,-0.012829,0.010575,-0.004846,-0.055835,-0.02041,0.001949,0.008542,-0.018285,0.003991,-0.005429,-0.010077,0.013951,-0.006081,0.003394,0.005753,0.004243,0.002597,0.001109,-0.003976,-0.001317
Georgian_Jew_(n=14),0.098294357,0.13223636,-0.057726357,-0.060839357,-0.0275435,-0.014641857,0.00088964286,-0.0043020714,-0.020174857,-0.0048552857,0.0033289286,-0.0022587143,0.0071675,0.0012386429,-0.0038002143,0.0048869286,0.00013971429,-0.00040714286,0.00099664286,-0.00059842857,0.0019431429,0.0031443571,-0.00014085714,-0.0016610714,0.003447
Georgian_Kakhetian_(n=5),0.1063108,0.1322218,-0.0564174,-0.0463182,-0.0368068,-0.010542,0.006768,-0.0040614,-0.0511716,-0.0162918,0.0026956,0.0086022,-0.0136472,0.000853,-0.0016286,-0.0054892,0.01356,-0.0028378,-0.0048772,0.008954,0.0078362,0.0019538,-0.0002218,-0.0069406,-0.0002634
Georgian_Kartlian_(n=6),0.10737283,0.130157,-0.053676833,-0.043174333,-0.038212333,-0.0050665,0.0055616667,-0.0067305,-0.049971833,-0.016188833,0.001705,0.007793,-0.017021833,0.0048625,0.0016963333,-0.0155795,0.0020425,-0.002766,-0.0052165,0.0078578333,0.0071541667,0.0037715,-0.0002465,-0.001406,-0.00045916667
Georgian_Khevsurian_(n=4),0.11240025,0.12389475,-0.0435575,-0.023579,-0.0400075,0.000976,0.0084015,-0.0036345,-0.055426,-0.024875,0.0026795,0.0090295,-0.0156095,-0.00175475,0.00732875,-0.00941375,0.00603025,-0.004244,-0.00694475,0.01047375,0.0072375,-0.00012375,0.00209525,0.004217,0.00005975
Georgian_Lechkhumian_(n=1),0.102441,0.121864,-0.057699,-0.047804,-0.040007,-0.010319,0.013161,-0.007615,-0.056244,-0.014397,-0.002598,0.006894,-0.020812,-0.004954,-0.000271,-0.018563,0.009779,-0.010388,-0.011313,0.015758,0.019091,-0.000618,0.001972,-0.005663,-0.003233
Georgian_Meskhian_(n=1),0.107056,0.125291,-0.054969,-0.044112,-0.039289,-0.00871,0.008128,-0.009136,-0.058608,-0.01681,-0.000318,0.011403,-0.019578,-0.002674,0.000206,-0.010599,0.016697,-0.005434,-0.007339,0.013197,0.01064,0.000769,-0.003118,-0.008415,-0.000983
Georgian_Meskhian_Catholic_(n=5),0.1063106,0.1338468,-0.0571714,-0.0576232,-0.030221,-0.0159526,0.0072382,-0.0053074,-0.0351782,-0.0051026,0.003605,0.0014986,-0.0069276,-0.0013212,-0.0068944,0.0065234,0.0123344,-0.0004054,0.002866,-0.0001252,0.0009732,-0.001731,0.0040672,0.001711,-0.0007424
Georgian_Mtiuletian_(n=1),0.110408,0.131003,-0.05242,-0.031977,-0.039084,0.000279,0.013631,-0.008077,-0.05604,-0.02041,-0.005846,0.009891,-0.028989,0.001927,0.009636,-0.024662,-0.005215,-0.004941,-0.006034,0.006253,0.007487,0.003833,0.000246,-0.001928,-0.00467
Georgian_Northeast_(n=2),0.105855,0.12491,-0.0456315,-0.0324615,-0.0390845,-0.0013945,0.00611,-0.0086535,-0.0524605,-0.0267885,-0.0030855,0.0126635,-0.0213325,0.00172,0.003257,-0.0223415,-0.0068455,-0.0039905,-0.006034,0.009067,0.0041175,0.005132,0.0025885,-0.0040365,-0.0017965
Georgian_Rachan_(n=1),0.104717,0.131003,-0.058831,-0.057171,-0.04924,-0.009203,0.007285,-0.010615,-0.061971,-0.021322,-0.007957,0.012739,-0.028692,0.00234,-0.00095,-0.018297,0.011604,-0.003927,-0.014455,0.017508,0.012478,0.002349,0.00456,-0.005302,-0.001796
Georgian_Tbilisi_(n=9),0.10901711,0.130439,-0.061093556,-0.048414111,-0.039597,-0.0065073333,0.010653667,-0.0082561111,-0.060084444,-0.019094222,0.0018043333,0.011190111,-0.022282556,0.0026606667,-0.000090555556,-0.015586667,0.013212333,-0.0037725556,-0.0094135556,0.020148556,0.015098222,0.0019098889,0.000082222222,-0.0060247778,-0.0015966667
Georgian_Tushetian_(n=5),0.1149612,0.1216604,-0.041257,-0.0241604,-0.036376,0.001004,0.0100582,-0.0032768,-0.0544036,-0.022087,0.000065,0.008992,-0.0200094,-0.0036056,0.0078446,-0.0119066,0.0032854,-0.0016724,-0.0049274,0.0098548,0.0049662,-0.000173,0.001602,0,-0.0007902
Georgian_West_(n=10),0.1116603,0.1359794,-0.0575864,-0.0498066,-0.0404382,-0.0070001,0.0114919,-0.0064612,-0.0634843,-0.0210664,0.0010879,0.0120343,-0.0262684,0.0034544,0.0035152,-0.0212276,0.012947,-0.0061825,-0.0095279,0.0174584,0.012266,0.0020156,-0.0002588,-0.0106037,-0.0025386
German_(n=113),0.13033247,0.13737503,0.058176717,0.038914354,0.039484478,0.015758575,0.0043715221,0.0061651504,0.0037320531,0.00093535398,-0.004144531,0.0022559823,-0.0050952389,-0.0014931681,0.0087965398,0.0027128319,-0.0036946106,0.0016122566,0.0037621062,0.0013601416,0.0030001858,0.0017497168,0.00032506195,0.0084337522,0.00026071681
German_Baden-Wurttemberg_(n=5),0.12765255,0.13798842,0.048471891,0.024663482,0.035482156,0.0094578462,0.0036107041,0.0036338846,0.0053562306,0.0084955384,-0.0034289722,0.0044452317,-0.0093849181,-0.0032451779,0.0067376279,0.0021129627,-0.0015375886,0.0006283849,0.0033359937,0.00020023456,0.001302095,0.001034272,0.0018057899,0.0075242337,-0.00015139234
German_Baden-Wurttemberg_Ellwangen_(n=22),0.12830964,0.14046618,0.047431455,0.023813909,0.0374615,0.0092414091,0.0044651364,0.0071010909,0.0045088182,0.0074136818,-0.0044287273,0.0040805909,-0.0080411818,-0.0032027273,0.0081864091,0.0025070909,-0.0076749091,0.0012898636,0.0022110455,-0.00032972727,0.00079395455,0.0038332727,-0.00011777273,0.0084457273,0.00047345455
German_Bavaria_(n=3),0.12997403,0.13973038,0.053266204,0.031715173,0.037515995,0.012637922,0.0051040403,0.005506283,0.0016327926,0.0041174686,-0.0035636621,0.0025066504,-0.0098070365,-0.0025242922,0.0074684431,0.0053668296,0.0023452061,0.00063566243,0.0025592844,0.003668347,-0.00086875157,-0.0026107692,0.0008742911,0.008962361,0.00009355296
German_Bavaria_Lower_Bavaria_(n=4),0.128007,0.13749153,0.049753071,0.026361824,0.035128845,0.010157427,0.004268847,0.0046984668,0.0055498393,0.0074604046,-0.0038178941,0.0046859991,-0.0099793066,-0.0058762339,0.0089574623,0.0031648506,-0.00055664012,0.00041890398,0.0020407639,0.0022881763,0.0037900962,0.0018961467,0.00076367333,0.0064724822,-0.00018774292
German_Bavaria_Lower_Franconia_(n=3),0.12910677,0.14173562,0.051724179,0.029459457,0.040013391,0.012242697,0.0038265099,0.0051425259,0.0062649853,0.0074712316,-0.0054976757,0.0035139681,-0.008629818,-0.000457735,0.0086498173,0.0050244825,-0.00093449681,0.0014756622,0.004562252,0.00076344666,0.0014586604,-0.0010606791,0.0016430662,0.0083777836,0.00030047562
German_Bavaria_Middle_Franconia_(n=1),0.12953162,0.13464842,0.056883824,0.039775476,0.035123279,0.016006959,0.0047876037,0.0059551273,0.0016724449,-0.00070737795,-0.0043525518,0.0033658269,-0.0085631274,-0.0090061237,0.015322394,0.0034421928,-0.005170247,0.00030663044,0.00010159117,0.0023952078,0.0027452019,0.0020359327,0.00072350098,0.0097024295,-0.00068314667
German_Bavaria_Middle_Franconia_Erlangen_(n=64),0.12846002,0.13742966,0.055837375,0.037256031,0.0386225,0.014898797,0.0040501094,0.0052930625,0.0042406875,0.00036164062,-0.0031944844,0.0016976563,-0.0042530469,0.0014622344,0.0048775,0.0017008594,-0.0024548281,0.0018666875,0.0030658594,0.000449375,-0.000050671875,0.0014645156,0.0016061094,0.0070132656,-0.00019092187
German_Bavaria_Swabia_(n=1),0.12879281,0.1392668,0.050583475,0.027839099,0.038314125,0.011363678,0.0043355245,0.0054879604,0.0053652937,0.005404811,-0.0050850694,0.0022188558,-0.0055098933,0.0038374895,0.0045345265,0.0045924567,0.0015375902,0.00090708842,0.0040171512,0.00098228439,0.00058567318,-0.0015538558,0.0018614081,0.0042770541,0.0003394295
German_Bavaria_Upper_Palatinate_(n=5),0.13000245,0.13593802,0.055266008,0.035871042,0.036611936,0.01401354,0.0049420207,0.0060691243,0.0030820009,0.0014060718,-0.0041572953,0.0029743713,-0.0068230085,-0.0008298673,0.0087240825,0.0020411898,-0.0027564882,0.00079283945,0.0028752315,0.0017174886,0.0018061141,0.00092028759,0.0020637491,0.007554233,-0.00053086886
German_Brandenburg_Northwest_(n=4),0.13107426,0.13132444,0.065932216,0.053778954,0.041199106,0.020594223,0.0062848274,0.0084360165,0.0033216475,-0.0059089139,-0.0053621136,0.00019899303,-0.0014018343,0.0052223234,0.0093849262,0.0054912031,-0.0033609946,0.0011695476,0.0039748816,0.0029271962,0.0019454542,-0.0017064764,0.0034173158,0.006383119,0.001357432
German_Brandenburg_Oder-Spree_(n=1),0.13304478,0.1310813,0.070410145,0.053793539,0.045254613,0.020695698,0.0080733594,0.011305842,0.0043068938,-0.011143544,-0.0047815928,-0.0065135375,0.011115813,0.026700701,-0.010187233,0.00027882944,0.0039597113,-0.00035840585,0.0044077923,0.00097219759,-0.0031944974,-0.0064493183,0.0054848127,-0.0044270828,0.00096613381
German_East_(n=16),0.13096775,0.13417675,0.06788175,0.051013812,0.03839175,0.02013225,0.0060659375,0.012288063,0.0042694375,-0.0091118125,-0.003024375,-0.001873375,0.0010685,0.0029934375,0.0061499375,0.0023535625,-0.004107125,-0.00142525,0.0058685,0.0045881875,0.0036265,0.0000154375,0.004252125,0.004609,0.0002994375
German_East_Prussia_Braunsberg_(n=1),0.13376403,0.13254111,0.071361217,0.058780419,0.043212415,0.022930245,0.0065248845,0.0093182478,0.0032724433,-0.0077837261,-0.0057855452,0.000164571,-0.0014622331,0.00055581023,0.012842056,0.0059627419,-0.0045577341,0.0015163569,0.0023038555,0.0031950177,0.0030449686,0.00012610643,0.0015206002,0.0087088106,0.00029693917
German_East_Prussia_Masuria_(n=4),0.13245285,0.12468523,0.075622094,0.067095028,0.040917765,0.025505278,0.0092665256,0.012717024,0.00010007422,-0.020681284,-0.003771034,-0.0072850758,0.012686569,0.017454246,-0.003820171,0.0020755586,0.00081149028,-0.00031943983,0.0022716061,0.0019914832,-0.0016597336,-0.0036468823,0.0049836407,-0.00079051718,0.00085431464
German_East_Prussia_Memelland_(n=1),0.13458998,0.12428478,0.079993343,0.072127643,0.045481653,0.027710591,0.0097415102,0.01399043,0.00079266134,-0.023445285,-0.0054587002,-0.009977743,0.016741045,0.033722517,-0.0079690502,0.0021667214,0.0027254373,-0.00016357459,0.0046177196,0.0044992957,-0.0016527426,-0.0080937946,0.0070130585,-0.0045343098,0.0023306867
German_Hamburg_(n=16),0.12862006,0.13417681,0.062319187,0.047178188,0.040084312,0.019627,0.007858125,0.009014125,0.0030040625,-0.0024715,-0.003937875,0.000187375,-0.0029174375,-0.0007396875,0.010128125,0.00393625,-0.0043923125,0.00268425,0.0041479375,0.0011490625,0.00200425,0.00205575,0.0024416875,0.0075838125,-0.0009055625
German_Hesse_(n=9),0.12839338,0.13876193,0.053142546,0.028976126,0.039115193,0.011357909,0.0038103505,0.0046807359,0.0075947207,0.0098864618,-0.0038207977,0.0046749491,-0.010316339,-0.0056307436,0.0094913467,0.0038629649,-0.0021883362,0.0015498776,0.0033893848,0.00018677898,0.0021299062,0.00083383336,0.0011417684,0.007679597,0.00037453477
German_Lower_Saxony_(n=11),0.1322647,0.13504482,0.064706637,0.05146246,0.040172915,0.020240163,0.0048428201,0.006737015,0.0024415023,-0.0024220375,-0.005520426,0.0036797118,-0.008253442,-0.0066629181,0.019060978,0.0071004912,-0.006319104,0.0016752066,0.003021322,0.0033861693,0.0041263465,0.002131275,0.0013208164,0.013258454,0.000026004303
German_Lower_Silesia_(n=5),0.13221396,0.13262234,0.06420418,0.04616267,0.038628148,0.016734747,0.0079401149,0.0066453311,0.0026947131,-0.0060292547,-0.0043445757,-0.0011532005,0.00027399177,0.0085748694,-0.00081957363,0.0022674677,0.0038378838,0.001405743,0.0063142961,0.00083866517,0.000017144398,-0.00099183955,0.0052600673,0.002745576,0.000047994824
German_Mecklenburg_(n=5),0.1343112,0.1338466,0.0664486,0.053941,0.0415462,0.0213072,0.008695,0.010615,-0.0002864,-0.0088932,-0.0075996,0.0029372,-0.0043706,0.0013212,0.013002,0.0037392,-0.006832,0.0046622,0.0076926,0.0048274,0.0039182,0.0035614,0.0042152,0.009182,-0.000072
German_North_(n=10),0.13224032,0.13348243,0.064858498,0.050006266,0.040201601,0.019778454,0.0055092188,0.0070856844,0.0032558131,-0.0024247428,-0.0056254189,0.0039573141,-0.0081286058,-0.0045385746,0.017216159,0.0044433957,-0.0076462966,0.0019262745,0.0034636565,0.0030110966,0.0039947751,0.0026018029,0.0017522361,0.013121081,0.000097081137
German_North_Bohemia_(n=5),0.12980158,0.13504201,0.060213445,0.041721351,0.039794646,0.016164675,0.0058115388,0.006881858,0.0043599659,-0.0019398316,-0.0048435013,-0.00069559783,-0.0010715241,0.0067645984,0.0021844331,0.0040090122,0.00036038038,0.000703088,0.0032140706,0.0025610995,0.00024075438,-0.0023394866,0.0045964358,0.0038106372,0.0010908087
German_North_Moravia_(n=1),0.13046776,0.13745625,0.056824606,0.038780854,0.040221749,0.016400983,0.0052958362,0.0062413846,0.0035561836,0.00034791844,-0.0066440114,0.0018722157,-0.0054575395,0.0064982901,0.0099228701,0.0046999903,-0.0020262686,0.0009407837,0.0030027003,0.0029847536,0.0024485947,-0.0021699054,0.0016707982,0.0067392043,0.0007352542
German_North_Rhine_(n=8),0.12929111,0.1403049,0.052356532,0.031170834,0.038963253,0.012833703,0.0038726266,0.0043349307,0.0055202656,0.0086815791,-0.0049232518,0.0056996761,-0.011405054,-0.0041426381,0.01246059,0.0031005318,-0.0043038856,0.0015554731,0.0033549844,0.00063628638,0.0031024943,0.00070352797,0.00089303016,0.0078649356,0.00019230834
German_North_Rhine-Westphalia_(n=4),0.13029636,0.13567477,0.057308995,0.040831713,0.03978377,0.015743678,0.0044720708,0.0056108959,0.0045127038,0.0020163234,-0.0055437635,0.0044135018,-0.0071648862,-0.0027779344,0.012642372,0.003085822,-0.0055228615,0.0013757663,0.0032843773,0.0020009646,0.002802598,0.0016922269,0.0018098766,0.010307269,-0.00068389975
German_Pomerania_(n=10),0.13273189,0.13112425,0.068230457,0.056086454,0.041214871,0.021867803,0.0069779387,0.0095782737,0.0013938983,-0.010552381,-0.0053527846,-0.0019356282,0.0020042273,0.010994706,0.005470056,0.0029311812,-0.0018622136,0.00051716138,0.003265852,0.0036800844,0.0017067062,-0.0025840333,0.0039087103,0.0038653012,0.00097394271
German_Rhineland-Palatinate_(n=8),0.12877804,0.13967813,0.052566483,0.02905694,0.038211705,0.01139598,0.0034960307,0.0046579788,0.0064833331,0.0087950742,-0.0040491327,0.0052474918,-0.011381638,-0.007391737,0.012740324,0.003668474,-0.0042308623,0.0013498264,0.0030577818,0.0010490001,0.0025572908,0.001827031,0.00094084951,0.0096815691,-0.00031364999
German_Russia_Mennonite_(n=1),0.132758,0.132042,0.063546,0.049034,0.037502,0.018618,0.006082,0.007707,-0.000374,-0.005811,-0.003782,0.002311,-0.004533,0.000674,0.010649,0.00084,-0.005402,0.001179,0.002946,0.003405,0.002184,0.001472,0.003226,0.007017,-0.000256
German_Russia_Volga_(n=2),0.131466,0.141159,0.0541165,0.0327845,0.0361605,0.0101795,0.003525,0.007038,0.004602,0.0075625,-0.004547,0.004196,-0.0080275,0.0000685,0.007668,0.003182,-0.0025425,0.00152,0.0067245,-0.0006255,0.003556,0.0015455,0.003389,0.00964,-0.0020355
German_Saarland_(n=3),0.12992273,0.14262918,0.051923936,0.024619841,0.040983019,0.009517666,0.003098696,0.0044294351,0.0095067969,0.013085635,-0.0040515913,0.0053286187,-0.011363341,-0.0057331431,0.0088879763,0.0028583835,-0.0031079469,0.0015602536,0.0043989382,-0.00075674014,0.0008497625,0.0016056314,0.0011203481,0.0090718294,-0.00086838923
German_Saxony_(n=2),0.13135628,0.13659377,0.060163452,0.042657362,0.040492598,0.017534492,0.0060431374,0.0070207348,0.0026707302,-0.003107334,-0.0052383884,-0.00013349684,-0.00074156157,0.010069039,0.0032924769,0.0035961052,-0.00020484442,0.00071168309,0.0046280056,0.001301786,0.00032812453,-0.0028536594,0.0038687567,0.0050270433,0.0010190693
German_Saxony_Erzgebirgskreis_(n=3),0.12804991,0.1346953,0.061235498,0.04272859,0.039923895,0.016850343,0.0055910473,0.0072884172,0.0042229121,-0.0028911034,-0.0048721337,0.00084812147,-0.002025765,0.0061055091,0.0058128642,0.0032496159,-0.0012570926,0.00011316333,0.0031443318,0.002178619,0.0012383688,-0.0015924056,0.0032213084,0.0050322893,0.00071531931
German_Saxony_Leipzig_(n=8),0.1308965,0.13849275,0.061093625,0.04998425,0.0381225,0.01614075,0.00631575,0.007038,0.00219875,-0.0049205,-0.00521675,-0.001779875,-0.000037125,0.008223,0.001306375,-0.003132375,-0.0079045,0.001187625,0.005310625,-0.000750375,0.000623875,-0.00111275,0.001771625,0.00161175,-0.00031425
German_Saxony_West_Erzgebirgskreis+North_Bohemia_(n=3),0.13150755,0.135815,0.057165965,0.035397026,0.038923548,0.013465102,0.0055158366,0.0067798815,0.0030803558,0.00089233823,-0.003698071,0.0014661957,-0.002539148,0.0065923263,0.00034603976,0.0012346562,0.0007812612,0.0012043914,0.0050143124,0.00031171163,-0.0012357033,-0.0006029733,0.003579597,0.0043724158,-0.00045699313
German_Saxony-Anhalt_(n=5),0.13219859,0.13511704,0.060388191,0.046135492,0.039596229,0.018368115,0.0053229466,0.0076138177,0.0022109278,-0.0048534914,-0.0047254247,-0.0013142884,-0.000020573474,0.0065074576,0.0051931467,0.002172611,-0.0052821607,0.0011689874,0.0057075495,0.00085189647,0.00022734269,0.0015126792,0.0049495166,0.011278758,-0.00097873153
German_Schleswig-Holstein_(n=6),0.13203389,0.13546323,0.065830721,0.050874935,0.04173978,0.019887167,0.0048920451,0.0068569768,0.0042766486,-0.00083220605,-0.0055834401,0.0037476124,-0.0086863565,-0.0051577427,0.018638893,0.006253416,-0.0072731932,0.0020143551,0.0034206641,0.0035337619,0.004888777,0.0013239541,0.0015172454,0.012445607,0.00070856794
German_South_(n=2),0.12813574,0.13972944,0.050430877,0.027355087,0.038364123,0.0099204151,0.0039483975,0.005040605,0.0065290136,0.0085832447,-0.0041300098,0.0044415971,-0.0095246946,-0.002262726,0.0085536395,0.0021007555,-0.0029391046,0.00083985861,0.0034527667,0.00062274938,0.0017897071,0.00058061521,0.0014864525,0.0072528288,-0.000098217215
German_Southwest_(n=4),0.12974587,0.13854146,0.052565476,0.03290902,0.03739661,0.013708875,0.0044002798,0.0047845668,0.0036929383,0.0051560626,-0.0050311601,0.0044493822,-0.0095176415,-0.0028455678,0.010553737,0.0035674514,-0.0025693046,0.0011993151,0.0032780363,0.0012778256,0.0030321784,0.00037383486,0.0012109591,0.0083344998,0.00012939966
German_Thuringia_(n=11),0.13152451,0.13279454,0.060399746,0.045088726,0.038249938,0.01725109,0.0063458431,0.0074407759,0.0016312364,-0.0057854413,-0.0042528835,-0.00017332081,-0.00047361926,0.0080369162,0.0034638811,0.0020388368,-0.0010295236,0.00033992452,0.0029588045,0.0017007134,0.00041588397,-0.00072789216,0.0032495553,0.0049809658,-0.0000032869492
German_Upper_Silesia_(n=1),0.13305638,0.12730764,0.073304225,0.061433109,0.042606575,0.023807295,0.0085562041,0.011942857,0.0015636445,-0.016628632,-0.0044084655,-0.0069499104,0.010510045,0.024222777,-0.005531213,0.0019839524,0.0019653807,-0.00025973486,0.0048757593,0.0030517758,-0.001374286,-0.0061321891,0.006588031,-0.00063504996,0.0021330864
German_Upper_Swabia_(n=7),0.13007098,0.13775223,0.050633165,0.028489985,0.035153764,0.011357777,0.004350965,0.0049389478,0.0027357215,0.0062371197,-0.002785891,0.004732345,-0.010646877,-0.006356625,0.0092004781,0.0011893484,-0.0035509876,0.001492152,0.0032417897,-0.00002290622,0.0015140643,0.0023467363,0.001267774,0.0091233584,-0.0008299308
German_West_Bohemia_(n=1),0.12936783,0.13724494,0.055376899,0.034368441,0.038574945,0.013367372,0.0045523399,0.0066405818,0.0054548971,0.00388952,-0.0043567238,0.0030591451,-0.0072931743,-0.00087021707,0.0083693873,0.0034098324,-0.0012928046,0.00058854204,0.0031398749,0.0022650808,0.0027678767,-0.00019522444,0.0017556354,0.004898104,0.00075016387
German_West_Pomerania_Voivodeship_(n=3),0.13253825,0.13271227,0.068999565,0.056423297,0.04215869,0.022131631,0.0066288544,0.0092254098,0.0030536261,-0.0079182922,-0.0052321728,-0.00069871988,-0.00052026258,0.0067348062,0.009663326,0.0026498815,-0.004857687,0.00052343108,0.0020753858,0.0033182178,0.0032951239,-0.0014776036,0.0025193791,0.0047697896,0.00091822637
German_West_Prussia_(n=2),0.13209374,0.12710415,0.070083395,0.057723567,0.039015985,0.021515524,0.0078342168,0.010569311,0.0018015915,-0.013267698,-0.0034964543,-0.003609251,0.0064774173,0.0082857601,0.00092791388,0.002263891,-0.00050551852,-0.00028093359,0.001670704,0.0018902873,-0.00060689795,-0.00075219128,0.0037220112,0.0017596446,-0.00023418437
German_Western_Pomerania_(n=2),0.13231147,0.13339083,0.066303834,0.053826641,0.04043277,0.021449879,0.0057612112,0.008119076,0.0018029844,-0.006956932,-0.0057219963,0.00079968092,-0.0037892709,0.0032891314,0.01386661,0.0034808171,-0.0058589583,0.00088222406,0.0023615158,0.0041935984,0.0037045775,-0.00089396074,0.0026787291,0.0076407941,0.00063291382
German_Westphalia_(n=10),0.13175312,0.13433368,0.063196145,0.04787837,0.038678049,0.018666544,0.0051906167,0.0066936765,0.0027417477,-0.0018693379,-0.004916688,0.0037392222,-0.0082857135,-0.0061314317,0.017150301,0.0043547719,-0.0066608064,0.0012153565,0.0020038148,0.0033631862,0.0041528789,0.002091711,0.0015644399,0.011116741,-0.00017338284
German-American_Illinois_(n=4),0.13686225,0.13959875,0.06232275,0.04358075,0.04111025,0.0186725,0.006432,0.00721775,0.001029,-0.00232175,-0.00593675,0.00131425,-0.00348425,0.0072495,0.00550825,0.0024385,-0.0021745,0.001405,0.00684025,0.00142775,0.0010785,-0.0011545,0.000915,0.0097845,-0.00020225
German-American_Kansas_(n=2),0.136449,0.143258,0.062345,0.0413615,0.043619,0.017754,0.004662,0.0057185,0.004164,0.0036005,-0.0065025,0.0040535,-0.008978,0.000757,0.0125005,0.003293,-0.0043475,0.0014345,0.0049205,0.003028,0.0047395,-0.000503,-0.00032,0.0089755,0.000184
German-American_Missouri_(n=1),0.141743,0.141994,0.074076,0.053955,0.047677,0.021099,0.0065,0.008216,0.006469,0.002179,-0.001536,0.003296,-0.008247,-0.005413,0.009455,0.002038,-0.002792,0.000629,0.000671,0.001161,0.002476,0.003681,-0.001023,0.004272,-0.001434
German-American_New_York_(n=3),0.133702,0.141653,0.055119667,0.030539,0.037637333,0.012316,0.0062103333,0.0072853333,0.0054183333,0.0067556667,-0.007125,0.0026993333,-0.0070126667,0.0027066667,0.0044756667,-0.00063066667,0.000132,0.00030033333,0.000753,0.0029186667,0.0047803333,0.000054333333,-0.000705,0.002727,0.00031633333
German-American_North_Dakota_(n=10),0.135866,0.1378028,0.0690663,0.0519293,0.0414128,0.0211109,0.0096291,0.0101247,0.0009122,-0.0086445,-0.0018544,-0.0015594,0.0009341,0.0079384,0.0005555,-0.0009456,-0.0004281,0.0002284,0.0013783,0.0023075,0.003113,0.0012585,0.000145,0.0022302,-0.0003437
German-American_Pennsylvania_(n=2),0.1397225,0.1412245,0.0664065,0.0478915,0.0428925,0.020371,0.007271,0.0098495,0.00546,-0.0004415,-0.0011585,0.0006245,-0.002767,0.001654,0.0032,0.000714,-0.0001575,-0.0000415,0.0006755,0.0016665,0.002153,0.0018775,-0.000075,0.003045,-0.0006895
German-American_Wisconsin_(n=16),0.13816512,0.13953831,0.068516375,0.050434375,0.043472438,0.019619813,0.0079573125,0.0088631875,0.0026309375,-0.002951125,-0.0025025625,0.0009058125,-0.0036756875,0.0025298125,0.004010875,0.00036425,-0.0004498125,0.0002780625,0.0010320625,0.0020348125,0.0029340625,0.0020159375,-0.0002723125,0.0032816875,-0.00069575
German-American/Canadian_Russian_Mennonite_(n=39),0.1340129,0.13733749,0.064462692,0.047349615,0.041569205,0.018810436,0.0048851282,0.0066113846,0.0038007692,-0.00029074359,-0.0055323846,0.0033141026,-0.0076392564,-0.0028675897,0.015002513,0.004423359,-0.0060472821,0.0016696667,0.0038329231,0.0026986923,0.0037018974,0.001184641,0.0010398205,0.011056103,-0.00010164103
German-Argentine_(n=12),0.13431983,0.1417425,0.06013575,0.034654417,0.040098917,0.013773833,0.0032590833,0.0043221667,0.00586175,0.0062001667,-0.00335425,0.0032910833,-0.0078835833,-0.0031139167,0.0076203333,0.0011193333,-0.0020780833,0.0004195,0.0004025,0.00124025,0.003179,0.0017273333,-0.00091158333,0.0029798333,-0.00051083333
German-Brazilian_(n=39),0.13081451,0.14048667,0.059464,0.034709026,0.041508282,0.012730897,0.0032196154,0.0052235128,0.0074944359,0.0057644103,-0.0029854615,0.0022468462,-0.0057632308,-0.0005125641,0.0054515641,0.0006825641,-0.00056994872,0.00020794872,0.00072541026,0.0018308462,0.002151359,0.0012072821,-0.00009025641,0.0025748462,0.00010189744
German-Chilean_(n=1),0.137239,0.143624,0.059951,0.039103,0.040718,0.015754,0.007723,0.006934,0.000626,0.000905,-0.004699,0.003307,-0.008405,-0.001846,0.008524,0.001553,-0.00203,0.000898,0.00121,0.001638,0.003955,0.002533,-0.001101,0.003984,-0.000683
German-Uruguayan_(n=2),0.1326335,0.1412815,0.0509545,0.0234505,0.0356815,0.0106485,0.000308,0.004466,0.0058535,0.006295,0.0031705,0.0014945,-0.00294,-0.0048765,0.003549,0.0016665,-0.000917,-0.001102,-0.0014315,-0.001213,-0.001006,0.0007405,0.0005195,0.000438,-0.0006545
Gilak_(n=6),0.091627667,0.11103133,-0.0747955,-0.032515333,-0.052112333,-0.0014406667,0.0038775,-0.0050765,-0.0424045,-0.017433833,0.00062266667,0.0034218333,-0.0023785,0.00011466667,0.0045691667,0.0076901667,-0.012994833,0.0043495,0.0054886667,-0.016341,-0.0014558333,-0.0072336667,0.00026683333,-0.005603,0.0078235
Godoberi_(n=18),0.11451878,0.10459956,-0.023549111,0.011771556,-0.040999056,0.014610722,0.0079639444,-0.0050638333,-0.061379722,-0.0414385,-0.0014075,0.0064608889,-0.013329778,-0.0097711667,0.016505167,-0.0019813889,-0.000014444444,-0.0025407222,-0.0064245556,0.0054470556,-0.00082511111,-0.0015936667,0.0057173333,0.0098271667,-0.00026594444
Gond_Chhattisgarh_(n=9),0.013658778,-0.18674444,-0.18009611,0.12536089,-0.030432889,0.067274556,-0.0061885556,0.012281444,0.079514444,0.051086778,0.010446889,0.0035801111,-0.0024116667,0.013624667,-0.021066778,-0.021140667,0.0040708889,-0.0012528889,-0.0045951111,0.022830556,0.0025927778,0.014645889,-0.0046013333,0.0061987778,-0.0011308889
Gond_Madhya_Pradesh_(n=36),0.012172778,-0.17907175,-0.177582,0.1229025,-0.034442278,0.064896361,-0.0045107222,0.015076333,0.079116639,0.04920875,0.0083945833,0.0019731667,-0.0015403333,0.012443389,-0.018416472,-0.021273222,0.010068583,-0.0019426111,-0.0039525,0.020544556,0.0034696111,0.012111083,-0.0047621389,0.0080900556,-0.00035925
Gond_Madhya_Pradesh_o1_(n=5),0.0273176,-0.1163796,-0.1737018,0.1251958,-0.0621654,0.0662644,-0.001833,0.0153224,0.065734,0.038233,-0.0019486,0.002578,-0.0027356,0.0047892,-0.011889,-0.0128878,0.001643,0.0007602,-0.0036956,0.0076036,0.0014724,0.0088044,-0.0025638,0.0015906,-0.0013174
Gond_Madhya_Pradesh_o2_(n=2),0.0529275,-0.049253,-0.135009,0.1027145,-0.0678585,0.0589855,0.0048175,0.014307,0.0297585,0.020775,-0.0005685,-0.0003,0.0079535,0.0004815,-0.0025105,0.005304,-0.004368,-0.003167,-0.005342,0.004252,-0.0003745,-0.0039565,0.009244,0.0033735,-0.0041315
Gond_Madhya_Pradesh_o3_(n=1),0.006829,-0.231541,-0.161408,0.097223,0.011079,0.054384,-0.004465,0.009923,0.067288,0.045377,0.039785,0.008842,-0.009812,0.020231,-0.018187,-0.020949,0.008736,-0.003801,-0.007165,0.024762,0.003369,0.022752,-0.006902,0.01217,0.012214
Gorait_Jharkhand_(n=9),0.019476222,-0.17444544,-0.171045,0.11811133,-0.036998333,0.068576111,-0.0057444444,0.014178889,0.068492778,0.045559,0.008787,0.0031971111,-0.0057647778,0.0088843333,-0.016045111,-0.017457778,0.0098946667,-0.0030685556,-0.00029322222,0.018564444,-0.000069222222,0.012131667,-0.0039851111,0.0073368889,-0.00017288889
Greek_Armenian_Highland_Erzurum_(n=13),0.10647708,0.13841377,-0.054418154,-0.060477462,-0.029145923,-0.015154385,0.0063022308,-0.0064594615,-0.037614154,-0.0040924615,0.0027666154,0.0047769231,-0.011458308,0.003791,-0.0062509231,-0.0070363077,0.0086617692,-0.000277,-0.00020915385,0.0015244615,0.0029361538,0.00037107692,0.000068384615,-0.0027921538,-0.000042153846
Greek_Armenian_Highland_Kars_(n=3),0.11280033,0.14810067,-0.058504333,-0.067358667,-0.027943333,-0.022352333,0.0012033333,-0.0018686667,-0.033196667,0.00046266667,-0.001307,0.002313,-0.003042,-0.0021493333,-0.001631,-0.00033666667,0.0021686667,-0.0037536667,-0.001469,-0.0028156667,-0.001652,-0.0018176667,0.00053366667,-0.0080813333,0.0018396667
Greek_Attica_(n=4),0.118875,0.143775,0.00875,-0.023925,0.0206,-0.0086,-0.0001,-0.001225,0.003875,0.0176,0.00135,0.0038,-0.00655,0.0001,-0.01035,0.0028,0.0123,0.000725,0.0016,-0.0031,-0.003,0.00055,-0.000025,0.0001,0.000175
Greek_Attica_West_Attica_Megara_(n=2),0.114442,0.147187,-0.006158,-0.039743,0.0165905,-0.0133715,0.001453,0.000061,0.000328,0.019562,0.003174,0.002756,-0.0034815,0.0073295,-0.0168095,-0.000118,0.0085945,0.000919,0.0041695,-0.0078675,-0.010782,0.000991,0.000869,-0.00083,-0.0001245
Greek_Azov_(n=1),0.11225852,0.12828092,-0.011220684,-0.026341593,-0.004416797,-0.0066278817,0.0047311589,-0.00085152131,-0.017602152,-0.0012573727,0.0020153438,0.0016563633,-0.0026682349,0.0019611065,-0.0096677159,-0.0040869771,0.004948986,-0.000075905272,0.0016526071,-0.002490055,-0.0034145252,0.0020889189,0.0011353815,0.00030280194,-0.0015562907
Greek_Cappadocia_(n=2),0.10575,0.1403,-0.03935,-0.0592,-0.01375,-0.01675,-0.00015,-0.0069,-0.02115,0.00875,0.0052,0.00455,-0.0077,-0.00125,-0.009,0.00125,0.0108,0.0002,0.00065,-0.0035,0.00035,0.0005,-0.001,0.00095,0.00015
Greek_Cappadocia_Kaisareia_(n=14),0.11140414,0.14336214,-0.040458571,-0.061164071,-0.015659786,-0.018223571,0.0023163571,-0.0038929286,-0.019186714,0.0085563571,0.0037009286,0.0032385714,-0.0030163571,0.0040945,-0.0079857857,-0.0038790714,0.0009605,0.0020433571,0.0045217143,-0.0041839286,0.00023728571,0.0035338571,-0.0025616429,-0.0015979286,0.0013200714
Greek_Cappadocia_Nigdi_(n=3),0.11383767,0.15088033,-0.033808333,-0.063907,-0.010795333,-0.021865333,-0.0033906667,0.00020233333,-0.011027667,0.009717,0.00355,-0.00024233333,0.0029206667,-0.001575,-0.002647,0.001023,0.0011126667,-0.002921,-0.0044726667,-0.002041,-0.002766,-0.0051456667,0.0017486667,-0.0058756667,0.000616
Greek_Cappadocia_Nigdi_(Karamanli)_(n=1),0.110408,0.142174,-0.040729,-0.053941,-0.008309,-0.018407,-0.00047,-0.002769,-0.013908,0.011299,-0.001949,0.006444,-0.00892,0.004817,-0.012622,0.004641,0.014212,0.008108,0.006788,0.000375,0.007986,0.008161,0.001109,0.001566,-0.000479
Greek_Central_Anatolia_(n=1),0.108132,0.141159,-0.032432,-0.055556,-0.012618,-0.023148,0,-0.002538,-0.020861,0.013303,0.009581,0.001349,-0.003122,0.006744,-0.014251,-0.001193,0.01369,-0.002914,-0.000126,-0.003877,-0.001248,-0.001731,-0.000616,0.002169,0.000718
Greek_Central_Greece_(n=5),0.119356,0.1397958,0.0043628,-0.0191142,0.017496,-0.0059296,0.000905,-0.0019538,-0.0026868,0.013653,0.0015066,0.0003798,-0.0030586,0.004728,-0.0146334,-0.0009644,0.0108286,0.0028726,0.0045418,-0.0062222,-0.0044086,-0.000713,0.0015208,-0.0000694,-0.0001952
Greek_Central_Greece_Boeotia_(n=5),0.12132,0.14482,0.01244,-0.01736,0.02494,-0.00428,0.00034,0.00042,0.00236,0.01386,0.00044,0.00208,-0.0067,0.0032,-0.01252,0.00074,0.01046,0.00008,0.00246,-0.00476,-0.00488,0.00114,0.00032,-0.00332,0.00176
Greek_Central_Greece_Phocis_(n=8),0.12199538,0.147431,0.009043,-0.022596875,0.02341225,-0.00587575,0.0010375,-0.001850875,0.002234625,0.015824875,0.0007945,0.003216875,-0.003601125,0.0033165,-0.012477,0.00127225,0.009381,0.0015035,0.00487325,-0.00556025,-0.00666675,0.001077,0.002094375,0.00064725,-0.00176775
Greek_Central_Greece_Phthiotis_(n=3),0.12041433,0.14303167,0.011620333,-0.016392667,0.025249333,-0.0029116667,0.0022183333,-0.00020233333,0.0021586667,0.01139,-0.000050333333,0.0019153333,-0.003549,0.010607333,-0.017317,-0.0073953333,-0.00020466667,0.00075366667,0.008601,-0.0079696667,-0.0058943333,0.0039646667,0.00038366667,-0.0036856667,-0.0011713333
Greek_Central_Macedonia_(n=42),0.12104252,0.1429935,0.014120571,-0.016424095,0.021324262,-0.0042216667,0.0022235714,0.0013452143,0.00085314286,0.01316881,0.00091788095,0.0017580714,-0.0031419762,0.0077080476,-0.016512405,-0.0038287619,0.0060405,0.00052869048,0.0056530476,-0.004335119,-0.006858381,0.0008092381,0.0023441667,-0.0013384762,-0.00082916667
Greek_Constantinople_(n=2),0.122177,0.1498005,0.002428,-0.029783,0.014124,-0.0070455,0.0013795,0.002093,-0.004032,0.010276,0.002246,0.0012215,-0.001301,0.0037455,-0.0060995,-0.001644,0.0023615,-0.000689,0.0013405,-0.001156,-0.001399,-0.001057,0.000654,-0.0005005,-0.000609
Greek_Crete_(n=16),0.10832875,0.14703956,-0.016498687,-0.04747175,0.006733375,-0.016771625,0.0024996875,-0.001131375,-0.0021655,0.014335625,0.0026589375,0.002726625,-0.001597375,0.0033746875,-0.010935188,-0.0032590625,0.00246675,0.0000486875,0.002811875,-0.0050345625,-0.0043796875,0.0003144375,-0.0002410625,-0.0012630625,-0.0018783125
Greek_Crete_Chania_(n=10),0.1133002,0.1432191,-0.0092727,-0.0429415,0.0088752,-0.0135428,0.000634,-0.0029539,-0.0025431,0.0147821,0.0013685,0.0017902,-0.0016481,0.0038207,-0.0117288,-0.0004274,0.0040143,0.0010728,0.0018768,-0.0039705,-0.0026432,0.0021389,0.0000407,-0.0013252,-0.0032123
Greek_Crete_East_(n=10),0.1070032,0.1457136,-0.0155285,-0.0473227,0.0081271,-0.0178807,0.0000805,-0.0011431,-0.0014259,0.015975,0.0023512,0.0014206,-0.0028389,-0.0001923,-0.01029,0.0018828,0.0100646,-0.0008114,0.0018988,-0.0031478,-0.0022634,-0.0008033,-0.0018304,0.0000831,-0.0010471
Greek_Crete_Heraklion_(n=93),0.10805848,0.14523159,-0.014115667,-0.044907419,0.0067108065,-0.015081108,0.0021706129,-0.002042086,-0.0025949892,0.012699699,0.0018369032,0.0015518495,-0.001971,0.0038756237,-0.011474946,-0.0020301828,0.0050078925,0.0011265591,0.0039736559,-0.0048168065,-0.0041136989,0.00074325806,0.00077526882,0.0016583871,-0.0016751505
Greek_Crete_Lasithi_(n=8),0.10823275,0.14436325,-0.0163395,-0.045744375,0.00963325,-0.01606575,0.0006225,-0.000703,-0.001131125,0.0152395,0.000319,0.001754625,-0.002689,0.0022255,-0.010845125,-0.00307825,0.00685475,0.00032925,0.002213375,-0.00499275,-0.004675875,0.001870875,0.00269975,0.00534625,-0.002156125
Greek_Crete_Muslim_(Cretan_Turk)_(n=8),0.10792488,0.14067825,-0.01375825,-0.0416575,0.0073695,-0.013363375,0.000703125,-0.00305475,-0.001935,0.01252775,0.001553875,0.002441875,0.000144625,0.0022275,-0.013202375,-0.000659125,0.00516075,0.000239125,0.00404325,-0.00155375,-0.003122625,0.000515,-0.001383875,0.000911625,-0.00043075
Greek_Crete_Rethymno_(n=20),0.10784745,0.14379905,-0.01140795,-0.0431851,0.0090323,-0.01632915,0.00177425,-0.0035652,-0.00279185,0.0139593,0.00288235,5e-8,-0.00378345,0.00561505,-0.0120791,-0.0009944,0.00855975,0.00074105,0.00248255,-0.006059,-0.0054342,0.00136635,0.00415355,0.00272925,-0.0022692
Greek_Cyclades_Amorgos_(n=2),0.1058555,0.1543605,-0.014708,-0.0492575,0.006001,-0.0164545,0.0008225,-0.004038,-0.0048065,0.0142145,0.0070635,0.0026225,-0.0055005,0.0063305,-0.012554,0.007823,0.012908,-0.0034205,0.0018225,-0.001563,-0.0042425,-0.0019165,-0.0032045,0.0028315,0
Greek_Cyclades_Andros_(n=7),0.10912857,0.14321429,-0.0045285714,-0.0396,0.011471429,-0.014428571,-0.0021285714,-0.0036571429,0.0018428571,0.018842857,0.0024571429,0.0036285714,-0.0048714286,0.00071428571,-0.0087714286,-0.00042857143,0.0049142857,-0.00015714286,0.00087142857,-0.0045285714,-0.0022,0.00077142857,0.00075714286,0.00011428571,-0.00065714286
Greek_Cyclades_Kea_(n=2),0.1126845,0.1416665,0,-0.0305235,0.0147715,-0.0135265,-0.001645,-0.0015,0.00634,0.014032,0.0005685,0.002548,-0.008325,0.010735,-0.011536,0.006828,0.016689,0.0041805,0.0077305,-0.0020635,-0.009483,-0.0012365,0.00037,0.0003015,-0.003233
Greek_Cyclades_Milos_(n=4),0.1108689,0.14667142,-0.008795958,-0.038927828,0.012314332,-0.011977295,0.0014222332,-0.0012098863,-0.00049283685,0.019052184,0.0015689467,0.0027926063,-0.0033422533,0.0030657652,-0.013065748,-0.0019223253,0.0074822888,0.0013149717,0.0063249132,-0.0053451729,-0.0027569445,0.0013033559,-0.00083070798,-0.00064943707,0.0013476094
Greek_Cyclades_Naxos_(n=1),0.1088,0.137,-0.0099,-0.0411,0.0099,-0.012,-0.0059,-0.0041,-0.002,0.0232,0.0024,0.0019,-0.006,0.0073,-0.0169,0.001,0.008,-0.0013,0.0002,-0.0066,-0.0017,0.0037,0.0037,-0.0067,-0.0006
Greek_Cyclades_Paros_(n=2),0.10905,0.14435,-0.0062,-0.03975,0.01065,-0.0149,-0.00145,-0.00185,-0.0024,0.017,0.0015,0.0038,-0.00565,0.0002,-0.0116,-0.00025,0.00815,-0.00015,0.0059,-0.00595,-0.0016,-0.0001,-0.0005,-0.001,-0.0001
Greek_Cyclades_Santorini_(n=1),0.1134,0.1452,-0.012,-0.0498,0.0027,-0.017,-0.0033,-0.0073,-0.0057,0.017,0.0023,0.0024,-0.0061,0.0006,-0.0105,0.0039,0.0116,0.0003,0.0012,0.0014,0.0009,0.0016,-0.0019,0.0017,0.0002
Greek_Cyclades_Tinos_(n=2),0.113254,0.1350655,-0.0073535,-0.045543,0.018157,-0.0186855,-0.0012925,-0.0073845,-0.010942,0.020137,0.0043845,0.001424,-0.008697,0.005505,-0.0147935,-0.003381,0.009518,0.0028505,0.004651,-0.0033765,-0.006613,0.0023495,0.000123,0.001928,0.0004195
Greek_Cyprus_(n=41),0.10027541,0.14764802,-0.034805415,-0.069287439,-0.0023943902,-0.023739683,-0.00022926829,-0.0042662927,-0.0012221463,0.017179146,0.0032359512,0.0016595366,0.0006852439,0.0028698537,-0.012410073,-0.00010019512,0.0044966829,0.001103122,0.0035287805,-0.0036145366,-0.0024164634,0.0012576585,-0.0012686098,0.0021894634,-0.00049653659
Greek_Dodecanese_Astypalaia_(n=3),0.10906667,0.14613333,-0.0114,-0.042133333,0.0099,-0.019333333,0.00043333333,-0.0011666667,-0.0010333333,0.0189,0.00033333333,0.0033,-0.0060333333,-0.000066666667,-0.0093333333,-0.0007,0.010066667,-0.000066666667,0.0015,-0.0037,-0.0016666667,-0.00016666667,-0.0037333333,0.0012666667,-0.0024333333
Greek_Dodecanese_Kalymnos_(n=18),0.11005956,0.14806733,-0.020102778,-0.051981056,0.0062208889,-0.017852667,-0.000108,-0.0020438333,-0.0032095556,0.018236,0.004537,0.0016239444,-0.0052496667,0.00088444444,-0.011009611,0.0013544444,0.0091888889,0.0011436111,0.0031522222,-0.0027922222,-0.0019807222,-0.00133,0.00069172222,-0.00020822222,-0.00062222222
Greek_Dodecanese_Karpathos_(n=6),0.11168333,0.14723333,-0.021483333,-0.058116667,0.0033,-0.017316667,0.0011166667,-0.0033166667,-0.00155,0.017866667,0.0050166667,0.0033666667,-0.00093333333,-0.0011166667,-0.011833333,0.0020833333,0.0077,-0.000016666667,0.00098333333,-0.00245,-0.00085,0.00005,0.001,-0.00048333333,-0.00036666667
Greek_Dodecanese_Kasos_(n=1),0.114,0.146,-0.0089,-0.0495,0.0051,-0.0165,0.0001,-0.0017,0.0008,0.0168,0.0005,0.0028,0.0026,0.0033,-0.0122,-0.0034,-0.0029,0.0018,-0.0018,-0.0063,-0.0022,0.0022,-0.001,0.0014,-0.0013
Greek_Dodecanese_Kastellorizo_(n=2),0.10455,0.14615,-0.0308,-0.05965,0.00065,-0.022,-0.00095,-0.0043,-0.00395,0.0178,0.00625,0.00275,-0.005,-0.0008,-0.0096,-0.0019,0.00635,-0.00065,0.00035,-0.00505,-0.00105,0.00045,-0.001,0.00185,0.00015
Greek_Dodecanese_Kos_(n=9),0.10762611,0.14646178,-0.022040667,-0.053869222,0.0041031111,-0.018252,0.00086166667,-0.0036921111,-0.0059994444,0.016786111,0.0026524444,0.0031472222,-0.0039147778,0.00096344444,-0.010601222,0.0029905556,0.010010667,0.00094322222,0.0037151111,-0.0036406667,-0.0038127778,0.0016762222,-0.00017777778,-0.0014058889,-0.0021156667
Greek_Dodecanese_Nisyros_(n=3),0.10423333,0.14523333,-0.0191,-0.0485,0.0071666667,-0.0179,-0.0014666667,-0.0029333333,-0.0028666667,0.015766667,0.0029333333,0.0026333333,-0.0037666667,-0.0019666667,-0.011,-0.0006,0.0047,0.0012,0.0021333333,-0.0043,-0.0031,0.0001,-0.0001,0.0019333333,0.0025333333
Greek_Dodecanese_Patmos_(n=1),0.1116,0.1415,-0.0023,-0.0358,0.0151,-0.0128,-0.001,-0.0015,0.0022,0.0209,0.001,0.0034,-0.0056,0.0036,-0.0102,-0.0011,0.0079,-0.0009,0.0006,-0.0058,-0.0012,0.0022,0.0005,-0.0024,-0.0026
Greek_Dodecanese_Rhodes_(n=15),0.10471713,0.1466424,-0.027253333,-0.0609178,0.0021132667,-0.0195596,0.0034780667,-0.0040151333,-0.0027405333,0.016522733,0.0052720667,0.0028075333,-0.0038949333,-0.00044966667,-0.013110667,-0.0025987333,0.0026684667,0.005,0.0044496667,-0.0046689333,-0.0042507333,-0.00093973333,-0.000148,0.0013334667,-0.0027780667
Greek_Dodecanese_Rhodes_o_(n=2),0.109839,0.1401435,-0.0152735,-0.0392445,0.0027695,-0.013805,0.000705,-0.004269,-0.006238,0.017039,0.0031665,0.0021735,-0.0086965,-0.005161,-0.0128935,0.0000665,0.002803,0.0010135,0.0089245,-0.004127,-0.0034315,-0.0006805,0.0022185,-0.0107845,-0.00461
Greek_Dodecanese_Symi_(n=5),0.10598,0.1467,-0.02902,-0.05948,0.00286,-0.02232,-0.002,-0.00366,-0.00442,0.01864,0.00624,0.00204,-0.00364,-0.0025,-0.01386,-0.0011,0.0087,0.00116,0.00124,-0.00436,-0.00256,-0.00204,0.00102,0.00264,0.00326
Greek_East_Thrace_(n=1),0.129865,0.154978,0.016496,-0.014478,0.020373,-0.004882,-0.001073,0.003054,-0.000597,0.007974,0.004738,0.000192,0.000681,-0.001084,-0.000605,-0.000173,-0.000353,-0.002018,-0.002788,-0.00094,-0.001478,-0.001808,0.001201,-0.002044,-0.000186
Greek_East_Thrace_Adrianople_(n=2),0.1291785,0.149733,0.022061,-0.010082,0.0254805,-0.0029825,0.0004455,0.0066605,0.003026,0.0045295,0.0081755,-0.002413,0.0059125,0.001252,-0.003493,-0.0005845,0.0000935,-0.00246,-0.003173,0.000386,-0.0020915,-0.0011395,0.0017155,-0.0019,-0.000483
Greek_East_Thrace_Peristasis_(n=1),0.1182,0.1419,-0.0036,-0.0221,0.0135,-0.0079,-0.0012,-0.0004,-0.0033,0.0103,0.0003,0.0013,-0.0046,0.0012,-0.0111,-0.0008,0.0138,-0.0011,0,-0.0067,-0.0071,-0.0001,0.0016,-0.0004,-0.0013
Greek_East_Thrace_Raidestos_(n=1),0.126913,0.149837,0.012827,-0.020006,0.021622,-0.005829,-0.001239,0.004234,0.001548,0.007978,0.005753,-0.001196,0.003535,-0.000299,-0.001555,0.000137,-0.000479,-0.002214,-0.003162,-0.000143,-0.00144,-0.001449,0.001393,-0.001993,-0.000193
Greek_Eastern_Macedonia_and_Thrace_(n=10),0.1205387,0.1421743,0.0174608,-0.0120479,0.0205885,-0.0030121,0.002256,0.0014537,0.0011658,0.0116084,0.002923,0.0000749,-0.0010853,0.0075555,-0.0125542,-0.0003844,0.0062845,-0.0006462,0.0045756,-0.0067156,-0.0086724,0.0001608,0.0023295,0.0015664,-0.0024069
Greek_Eastern_Rumelia/Northern_Thrace_(n=15),0.1207206,0.14249447,0.015291667,-0.014982867,0.016782067,-0.0046499333,0.0038289333,0.0018989333,-0.0050744,0.011302667,0.0023316,-0.0004272,-0.002311,0.0068400667,-0.0140334,-0.00083893333,0.0094524667,-0.00016426667,0.0030457333,-0.0046029333,-0.0045642,-0.0012744667,0.0021214,-0.00065653333,-0.0014232
Greek_Epirus_(n=19),0.11976095,0.14573784,0.011043368,-0.019487263,0.023084579,-0.0077462105,0.0019583158,0.0015543158,0.00090810526,0.014675526,-0.000021789474,0.0023802105,-0.0046047895,0.0053982632,-0.014855579,-0.00082284211,0.0075286842,0.0014565263,0.0065498421,-0.0057508947,-0.0082641579,0.00072242105,0.0015524211,0.0015898947,-0.00023552632
Greek_Epirus_Muslim_(Turkoyanyotis/Yanyali)_(n=1),0.113619,0.146388,0.012876,-0.02007,0.020032,-0.008386,0.001452,0.004511,0.004973,0.004996,0.00544,-0.00066,0.002783,-0.000544,-0.002072,-0.001026,0.000851,-0.002444,-0.003553,-0.000588,-0.002213,-0.002366,0.001569,-0.003255,0.000031
Greek_Euboea_(n=2),0.1212215,0.1396355,0.012068,-0.0227715,0.019542,-0.0121315,0,0.0009235,0.001534,0.0153075,0.0043035,0.0047205,-0.005054,0.0061245,-0.0149295,-0.0006625,0.011474,0.001457,0.0040225,-0.001501,-0.0090465,0.002844,0.001541,0.0021085,-0.004251
Greek_Euboea_Central_(n=6),0.1127705,0.14450183,-0.004728,-0.038617333,0.0120405,-0.015356,-0.00011083333,-0.0014961667,0.0010218333,0.0183875,0.0024511667,0.0030908333,-0.0043536667,0.0020495,-0.0088453333,-0.003068,0.0022858333,-0.00013216667,0.0029865,-0.0053926667,-0.0043316667,-0.0000535,-0.0003775,-0.0005075,-0.0012598333
Greek_Euboea_Chalcis_(Central_Euboea_Profile)_(n=5),0.10974623,0.14615627,-0.01121387,-0.044426422,0.0089494703,-0.014818952,0.0010290007,-0.0018985681,-0.0032641424,0.017610585,0.0015287289,0.0048691589,-0.0053446518,0.0030266988,-0.013367702,-0.0050000356,0.0057333853,0.0002283817,0.0031039925,-0.0068351304,-0.004133091,0.0014262529,0.00028279762,-0.00015498246,-0.0011025013
Greek_Euboea_Chalcis_(South_Euboea_Profile)_(n=6),0.11876353,0.1449669,0.009571335,-0.02494013,0.021010607,-0.0084661235,0.0031854845,0.00075283835,0.0014513737,0.01685707,0.00069964506,0.0024416522,-0.0037390622,0.0063709462,-0.015506801,-0.002454815,0.0072258257,0.00076991859,0.0056612518,-0.0065244994,-0.0067637296,-0.000036797358,0.0018007457,-0.00022554532,-0.0013456969
Greek_Euboea_Kymi_(n=3),0.1169,0.14786667,-0.001,-0.030433333,0.014566667,-0.010733333,-0.00016666667,-0.0013,-0.0011666667,0.017266667,0.0017666667,0.0025333333,-0.0076666667,0.0015666667,-0.011533333,-0.0023666667,0.0078,0.0004,0.00093333333,-0.0044333333,-0.0043666667,0.0007,0.0011666667,-0.0005,-0.00056666667
Greek_Euboea_Psachna_(n=1),0.122,0.1465,0.01,-0.0202,0.0227,-0.0023,0.0017,-0.0021,0.001,0.0114,-0.0015,0.002,-0.0044,0.0043,-0.0104,-0.0038,0.0048,0.0002,0.0051,-0.0068,-0.0075,0.0004,0.0017,0.0005,0.0016
Greek_Euboea_South_(n=10),0.11926,0.14754,0.01074,-0.02432,0.02202,-0.00609,0.00059,-0.00166,0.00361,0.01726,0.00042,0.00292,-0.00581,0.00053,-0.00965,-0.00099,0.00614,0.00076,0.00284,-0.00443,-0.00446,-0.00046,0.00074,-0.00094,0.00055
Greek_Heptanese_Corfu_(n=4),0.11808075,0.14604175,0.0068435,-0.0227255,0.02265875,-0.004775,0.00162,0.00045375,0.0010545,0.01373625,0.00071825,0.001912,-0.00668125,0.00537425,-0.01026975,-0.00341875,0.0037565,0.00157175,0.00392825,-0.00363125,-0.006889,0.002562,0.0016045,-0.00045975,-0.00012475
Greek_Heptanese_Ithaca_(n=1),0.10811445,0.14569776,-0.01299841,-0.047800869,0.0091472924,-0.015919085,0.00040143877,-0.002195892,0.00059245886,0.015357303,0.0022155441,0.00002159073,0.0011762231,0.0075908286,-0.014980248,0.00062625428,0.0058242578,0.00068820286,0.0053596138,-0.0055408932,-0.0065404524,-0.00040242188,0.00097403856,0.00049964269,-0.00060362685
Greek_Heptanese_Kefalonia_(n=11),0.11338842,0.14586051,-0.0014395149,-0.035179675,0.014659492,-0.012310768,0.0011489607,-0.0016000491,0.00068352151,0.017243434,0.0019065161,0.0031459766,-0.0052590379,0.0027278043,-0.010380628,-0.0045384718,0.0035663585,0.00057036623,0.0036867351,-0.0060659375,-0.00236558,0.0010010133,-0.00031117047,0.00095080468,-0.0021089668
Greek_Heptanese_Kythira_(n=4),0.114175,0.1467,-0.006025,-0.041875,0.00815,-0.01335,0.00015,-0.003025,-0.00135,0.0166,0.0026,0.0026,-0.002,0.000825,-0.0091,0.00185,0.0046,0.00135,0.0024,-0.0028,-0.001025,0.00045,0.00035,-0.000475,0.000275
Greek_Heptanese_Zakynthos_(n=3),0.11493333,0.14933333,-0.0018666667,-0.035266667,0.014766667,-0.011433333,0.0002,-0.0009,0.0018333333,0.0162,0.0033,0.00016666667,-0.0041,0.0028,-0.0068,-0.0029666667,0.00083333333,0.00096666667,0.0015333333,-0.0031666667,-0.0033666667,-0.0018333333,0.0020333333,-0.0004,-0.0014
Greek_Italy_Apulia_(n=10),0.1093839,0.1493844,-0.0016216,-0.0409887,0.011325,-0.0140841,-0.0011045,0.0007386,-0.0001841,0.0196995,0.001624,0.0041212,-0.0068383,0.0008671,-0.011387,-0.000557,0.0066885,-0.0008488,0.0022625,-0.0040019,-0.0059395,0.0009274,0.0005301,0.0035668,0.0011376
Greek_Lycaonia_Ikonio_(n=4),0.108833,0.14300525,-0.037333,-0.0584405,-0.00834075,-0.020137,0.0013625,-0.006721,-0.0142165,0.012023,0.00707725,0.0044115,-0.005092,0.0007135,-0.0087645,-0.00523325,0.0038105,0.00034,0.0014135,-0.00726975,-0.0003065,0.00126875,0.00176725,-0.000912,-0.00056375
Greek_Macedonia_(n=6),0.11998333,0.14133333,0.016083333,-0.010383333,0.0237,-0.0020333333,0.0012333333,0.0020833333,0.0012666667,0.0098333333,0.00063333333,0.00063333333,-0.00515,0.0047833333,-0.013483333,0.00035,0.01005,-0.0016666667,0.0036666667,-0.0045333333,-0.0051833333,0.0020166667,0.0015666667,-0.00275,-0.00048333333
Greek_North_Aegean_Chios_(n=31),0.11155787,0.14686768,-0.015578968,-0.048050226,0.0054025484,-0.016237613,0.00055806452,-0.0024243226,-0.0036954516,0.017049774,0.0033157097,0.0022063871,-0.0041350323,0.0016393226,-0.0098099032,0.00078174194,0.0081436129,0.0005423871,0.0028815484,-0.0026090645,-0.00091487097,0.00015422581,-0.00026870968,-0.00064851613,-0.0014455161
Greek_North_Aegean_Fourni_(n=5),0.11284,0.14896,-0.0019,-0.0421,0.01192,-0.01656,-0.0009,-0.00272,0.00044,0.02004,0.00234,0.0027,-0.00576,-0.00056,-0.00724,0.00042,0.00952,0.00096,0.00214,-0.00154,0.00058,-0.00048,-0.00252,0.00024,-0.0018
Greek_North_Aegean_Ikaria_(n=6),0.11441667,0.14791667,-0.013683333,-0.0488,0.00645,-0.018566667,0.0006,-0.0026,-0.0028,0.019883333,0.0027166667,0.0020166667,-0.0024833333,0.00215,-0.0099833333,0.0022,0.011166667,0.0018166667,0.0043166667,-0.00098333333,-0.0018833333,-0.0012166667,-0.0013666667,0.00046666667,-0.0011
Greek_North_Aegean_Lemnos_(n=2),0.1095,0.1383,-0.0098,-0.03625,0.0064,-0.00955,-0.0037,-0.00395,-0.00445,0.017,0.0029,0.00165,-0.0055,0.0062,-0.01395,-0.00175,0.00335,-0.0002,-0.0006,-0.0057,-0.00135,0.002,0.00365,-0.0066,0.00095
Greek_North_Aegean_Lesbos_(n=4),0.114525,0.140975,-0.007475,-0.04095,0.00785,-0.013425,0.000625,-0.002175,-0.002875,0.016225,0.001375,0.002775,-0.001625,0.001875,-0.010225,-0.000475,0.0036,0.000325,0.001475,-0.005925,-0.002525,0.000425,0.000875,-0.00105,-0.001425
Greek_North_Aegean_Samos_(n=10),0.11447,0.14539,0.00112,-0.03251,0.01529,-0.01195,-0.00035,-0.00155,0.00169,0.0184,0.00105,0.00314,-0.00572,0.00093,-0.00934,-0.00104,0.0082,0.00012,0.00135,-0.00458,-0.00306,0.00053,0.00041,-0.00086,-0.0011
Greek_North_Aegean_Samothrace_(n=1),0.1161,0.145,0.005,-0.0355,0.0182,-0.0153,0.0003,-0.0009,0.0018,0.0196,0.0042,0.0047,-0.0052,-0.001,-0.0085,-0.0081,-0.0022,0.0008,0.0066,-0.011,-0.0014,0.001,0.0022,0.0028,0
Greek_North_Aegean_Thasos_(n=1),0.1117,0.1393,0.0029,-0.0286,0.0166,-0.0073,-0.002,-0.0009,0.002,0.0199,0.0022,0.0016,-0.0062,0.0034,-0.0138,0.0033,0.0135,-0.0018,0.0007,-0.0037,-0.0029,0.003,0.0028,-0.0037,-0.0002
Greek_Peloponnese_Achaea_(n=26),0.11776965,0.14486192,0.0086181923,-0.025766654,0.018645346,-0.0088505385,0.0028494231,0.000017769231,0.0027926154,0.015602077,0.00095561538,0.0014870385,-0.0019154231,0.0067646538,-0.015158923,-0.00037738462,0.0079986923,0.000014692308,0.0052939231,-0.0040788846,-0.0065317692,0.001246,0.0035504231,0.0018676538,-0.0025423846
Greek_Peloponnese_Arcadia_(n=34),0.11814165,0.14408574,0.0075978824,-0.025821,0.020546824,-0.010425559,0.0040296176,-0.00044111765,0.0012272059,0.014268029,0.0031570294,0.0013046471,-0.0018757647,0.0070066765,-0.016222588,-0.0013454118,0.0051502059,0.001211,0.0061295294,-0.0053739118,-0.0067858235,0.000058205882,0.0024686765,0.0011801176,-0.0011234706
Greek_Peloponnese_Arcadia_North_Kynouria_(n=5),0.1131384,0.1482082,0.0018872,-0.033107,0.0177774,-0.0110086,0.0010198,-0.0014314,0.003667,0.0201092,-0.0000682,0.0031016,-0.0046402,0.0014302,-0.0084338,-0.0005046,0.0038588,0.0005514,0.00332,-0.0036812,-0.0031186,0.0001728,0.000082,-0.0008372,-0.0011314
Greek_Peloponnese_Argolis_(n=17),0.12018376,0.14360788,0.007498,-0.026144,0.019261412,-0.0093674706,0.001728,-0.00073305882,-0.000806,0.017023,0.0029515294,0.0023978824,-0.0032005882,0.0071888235,-0.016030941,-0.0023009412,0.0070483529,0.0011998824,0.0057895294,-0.0054658235,-0.0078537647,0.00072747059,0.0015224706,0.00018423529,-0.0030853529
Greek_Peloponnese_Corinthia_(n=15),0.1191348,0.14583,0.0075424,-0.026572133,0.019429133,-0.0092964,0.0019113333,-0.0006768,0.0004498,0.0165956,0.0015698,0.0025476667,-0.0039642667,0.006404,-0.015788733,-0.0010784667,0.012091,0.00011813333,0.0071815333,-0.0054109333,-0.0079360667,-0.000379,0.0029415333,0.0035424667,-0.0010298
Greek_Peloponnese_Elis_(n=25),0.11600856,0.14428648,0.00666736,-0.02567204,0.01789852,-0.008746,0.0024816,0.00149528,0.0004582,0.01452064,0.00140956,0.00242192,-0.00211688,0.00617092,-0.01565128,-0.00265176,0.0077918,0.00118588,0.0064508,-0.00463732,-0.00701756,-0.00051932,0.001967,0.0020774,-0.00144652
Greek_Peloponnese_Laconia_(n=19),0.11741384,0.14673795,0.0050868421,-0.027061895,0.018417211,-0.0085399474,0.00058852632,-0.00054394737,0.0018272105,0.015330737,0.0012916316,0.0036041579,-0.0054351053,0.0023607368,-0.011038368,-0.0017635789,0.0081585789,0.000028368421,0.0013396842,-0.0056952632,-0.0041795789,0.000051736842,0.00097868421,-0.0011015263,-0.00077657895
Greek_Peloponnese_Laconia_Eurotas_(n=6),0.11458183,0.14945217,0.0041481667,-0.0285855,0.015900333,-0.011109167,0.002585,-0.0012306667,0.0011248333,0.015247167,0.0037348333,0.00087416667,-0.0022051667,0.006904,-0.013346,-0.0034031667,0.0063671667,0.0021536667,0.0069136667,-0.0038561667,-0.0087345,-0.00018533333,0.0038001667,-0.00042166667,-0.00033933333
Greek_Peloponnese_Laconia_Mani_(n=22),0.11077055,0.14849809,-0.011690682,-0.045557682,0.0115265,-0.016441864,0.00071568182,-0.0009965,0.0023612727,0.019118182,0.0023399091,0.0025614545,-0.002365,0.0054423636,-0.013960636,-0.0054361818,0.0037691364,0.0020615,0.0035880455,-0.0047693182,-0.006273,0.0018098182,0.00036409091,-4.55e-8,-0.0010778182
Greek_Peloponnese_Laconia_Monemvasia_(n=13),0.11408585,0.14787677,0.0014504615,-0.036374769,0.016807615,-0.010941308,0.00086769231,-0.00071023077,0.0011799231,0.013653769,0.0031353846,-0.000011461538,-0.00038869231,0.0059071538,-0.014929154,-0.00067330769,0.0073616923,0.0016274615,0.0017791538,-0.005772,-0.0050008462,0.0039285385,0.0036215385,0.0028548462,-0.0014461538
Greek_Peloponnese_Laconia_Monemvasia_Zarakas_(n=1),0.1236,0.1446,0.016,-0.0143,0.0269,-0.0004,0.0012,-0.0004,0.0023,0.0134,-0.0015,0.0028,-0.0064,0.0033,-0.0115,0.0029,0.0104,0.0005,0.0034,-0.0018,-0.0068,0.001,-0.0004,0.0008,0.0027
Greek_Peloponnese_Laconia_Sparta_(n=12),0.11799648,0.14445901,0.0091453448,-0.020887341,0.017669812,-0.0072280091,0.0029375257,-0.00065385337,0.00032371032,0.013986709,0.0020027782,0.00061203342,-0.0023785833,0.010115179,-0.014137602,-0.0039886652,0.0018471068,-0.00014778691,0.0042003631,-0.0099316799,-0.0070708142,0.00092732877,0.0033892034,0.0035545771,-0.0026942908
Greek_Peloponnese_Laconia_Vardounia/East_Taygetos_(n=23),0.11535735,0.14610378,0.0055746522,-0.027848217,0.017956304,-0.010149217,0.0024317391,-0.00058195652,0.00096043478,0.013572696,0.0013202609,0.0012706957,-0.0024044783,0.0068811304,-0.013011391,-0.0029573913,0.0044387826,0.00065556522,0.0037053478,-0.004784913,-0.0052516087,0.0018064348,0.0032847391,0.0014092174,-0.00090582609
Greek_Peloponnese_Messenia_(n=28),0.11817286,0.14540207,0.0086333929,-0.024663357,0.020322393,-0.0093228929,0.0036425,0.000057785714,-0.000014535714,0.015138714,0.00091625,0.0015468571,-0.0039236429,0.0079083214,-0.01448325,-0.0058861071,0.0039720714,0.0013890357,0.00845775,-0.005315,-0.0065331429,0.0021860357,0.002892,0.0012351071,-0.0013386786
Greek_Peloponnese_Messenia_Exo-Mani_(n=27),0.11744859,0.14416767,0.0088273704,-0.022550185,0.018943704,-0.0083978148,0.0041342593,0.0014358148,0.00029537037,0.011696889,0.0010283704,0.00034959259,-0.0010076296,0.0071717407,-0.012280148,-0.0026222963,0.0039742593,0.001098,0.0034637407,-0.0038489259,-0.0064423704,-0.00026122222,0.0019628519,0.0021510741,-0.0011663704
Greek_Peloponnese_Tsakonia_Inland_(n=9),0.11698489,0.14443078,0.00054488889,-0.030362,0.015660889,-0.011465444,0.0022716667,0.00066666667,0.00072722222,0.014882556,0.0026342222,0.0021814444,-0.0024116667,0.0077987778,-0.013722778,-0.0073511111,0.0010866667,0.0024773333,0.0061592222,-0.0057806667,-0.004104,0.0038468889,0.00091766667,0.0011244444,0.0016897778
Greek_Peloponnese_Tsakonia_Littoral_(n=15),0.11632713,0.14413767,-0.0026398667,-0.035443867,0.013705,-0.011880867,0.0016293333,-0.0010462,-0.0001772,0.016717133,0.002858,0.0016585333,-0.0039443333,0.0036514667,-0.015155467,-0.00014133333,0.0093964,-0.0004814,0.004852,-0.0027095333,-0.005091,0.0011788667,0.0005342,-0.0001526,-0.00061466667
Greek_Pontus_(n=22),0.10901136,0.14277427,-0.055196773,-0.065275364,-0.0238785,-0.018368636,0.0059177273,-0.004783,-0.035336136,0.00050531818,0.0041852273,0.0045573182,-0.011318455,0.0055924545,-0.010857682,-0.0090523182,0.0068866818,-0.0014281364,-0.001834,0.0015576364,0.0031138182,0.0026529545,-0.00081231818,-0.0049239545,-0.00064218182
Greek_Pontus_Muslim_(Romeika/Rumca)_(n=3),0.11108567,0.14624367,-0.0542,-0.064108,-0.027481333,-0.018427,0.003081,-0.0049,-0.038193,-0.0040476667,0.000989,0.005502,-0.0070633333,-0.0019213333,0.0020003333,0.0021446667,0.0038363333,-0.0020636667,-0.004711,-0.0027976667,-0.000975,-0.0026316667,0.00135,-0.0051283333,0.000943
Greek_Propontis_Prokonnesos_(n=2),0.11618181,0.14343883,-0.0026303591,-0.036986982,0.012901932,-0.011794488,0.0025313783,-0.0017554696,-0.0040305662,0.016339433,0.0009893212,0.003652324,-0.0062653016,0.0078782824,-0.016431813,-0.005756524,0.0074353923,0.00011061692,0.0053414202,-0.0051811436,-0.0057976754,0.0002543887,0.002023357,-0.00087630407,-0.0015146824
Greek_Saronic_Aegina_(n=1),0.113314,0.148653,-0.007664,-0.044517,0.011958,-0.0152,0.001654,-0.001594,-0.000104,0.022211,0.003594,0.003965,-0.006225,-0.000872,-0.015805,-0.002283,0.006198,0.001458,0.006738,-0.009967,-0.007216,0.001731,0.00112,0.001061,-0.000719
Greek_Saronic_Salamis_(n=1),0.11321214,0.14630716,-0.0016741689,-0.03761335,0.015343205,-0.012151352,0.0020702615,-0.00012849193,-0.001833289,0.017194768,-0.00027900642,0.0043623551,-0.0065614809,0.0063070332,-0.013833631,-0.004621339,0.0077486815,-0.00033310489,0.0041113103,-0.0049807946,-0.0083615028,-0.00096864435,0.0025055539,0.0026995389,-0.0023748685
Greek_Sebasteia_(n=1),0.111159,0.150089,-0.051035,-0.068494,-0.032337,-0.018732,-0.000136,-0.003415,-0.030599,-0.005628,-0.001285,-0.000167,0.001672,-0.004048,0.005318,0.006117,-0.002744,-0.000995,-0.002513,-0.003079,-0.001285,-0.003352,0.000928,-0.004037,0.000028
Greek_Sporades_Skopelos_(n=1),0.126652,0.158404,0.01014,-0.029485,0.01937,-0.008356,-0.003744,0.001211,0.003774,0.018507,0.001613,0.002674,-0.003823,-0.003516,0.000357,-0.000854,0.000265,-0.002343,-0.003691,-0.001799,-0.001106,-0.003379,0.000939,-0.003596,0.000515
Greek_Thessaly_(n=12),0.12122158,0.14386675,0.014644833,-0.018303333,0.0218245,-0.0067399167,0.0024283333,0.00096158333,0.00088625,0.01296925,0.0020028333,0.00191075,-0.0037040833,0.0030275833,-0.016772667,0.0024529167,0.01352725,0.00047508333,0.0066200833,-0.00256375,-0.0089528333,0.0018340833,0.0029784167,0.0026809167,-0.0022750833
Greek_Western_Anatolia_Alatsata_(n=1),0.1168,0.1482,-0.0002,-0.0282,0.0197,-0.0135,-0.0015,0.0004,0.0024,0.0188,0.001,0.0012,-0.0033,0.0004,-0.0059,0.0056,0.008,0.001,0.0055,-0.0054,-0.0054,0.001,0.0023,0.0012,-0.0022
Greek_Western_Anatolia_Balia_(n=2),0.11215,0.14445,-0.00335,-0.03455,0.00945,-0.01245,0.00065,-0.003,-0.0023,0.01395,0.0013,0.00205,-0.0051,-0.0007,-0.0053,-0.00145,0.007,0.00075,0.00205,-0.0023,-0.0002,-0.0015,-0.0011,0.00035,-0.0008
Greek_Western_Anatolia_Dardanellia_(n=1),0.1129,0.1442,-0.0018,-0.0309,0.0101,-0.0154,-0.0027,-0.0008,-0.0021,0.0169,0.0005,0.0002,-0.0088,-0.0018,-0.0043,0.0037,0.021,-0.0016,0.0003,0.0013,0.002,-0.0018,-0.003,0.0027,-0.0028
Greek_Western_Anatolia_Kato_Panagia_(n=1),0.1145,0.1355,-0.0084,-0.0351,0.008,-0.01,-0.0015,-0.0012,-0.0047,0.0169,0.0002,0.0015,-0.0037,0.005,-0.0126,-0.0005,0.0083,-0.0015,-0.0032,-0.0047,-0.0027,0.0021,0.0022,-0.0032,-0.0019
Greek_Western_Anatolia_Krini_(n=1),0.1144,0.1492,-0.0043,-0.0329,0.0111,-0.0108,0.0008,-0.0016,-0.0055,0.0147,0.0019,0.0016,-0.0047,0.0027,-0.007,-0.0081,-0.0078,0.0002,-0.0023,-0.0064,-0.0051,-0.0002,0.001,-0.0011,-0.0031
Greek_Western_Anatolia_Phokaia_(n=1),0.117238,0.138112,-0.001508,-0.032623,0.008001,-0.010598,0.006345,-0.005538,-0.005727,0.017677,-0.001786,0.000899,0.000149,0.003578,-0.014251,-0.004906,0.004042,-0.00114,0.004651,-0.000125,-0.002246,0.00643,-0.002465,-0.000482,-0.002634
Greek_Western_Anatolia_Smyrna_(n=9),0.11306422,0.14476944,-0.0039806667,-0.036534889,0.014566889,-0.012426111,0.0022977778,-0.0016666667,-0.0024315556,0.012817333,0.0020748889,0.003114,-0.002296,0.0022628889,-0.012682222,-0.0014142222,0.010358222,-0.0010417778,0.0060054444,-0.00346,-0.0062112222,0.00059066667,0.00030133333,0.0028651111,-0.0040846667
Greek_Western_Anatolia_Trigleia_(n=1),0.1114,0.1419,-0.0059,-0.0356,0.0123,-0.0136,-0.0037,-0.0013,-0.0018,0.0196,0.0012,0.0003,-0.0076,0.0063,-0.0123,0.0015,0.0133,-0.0014,-0.0001,-0.0036,0,0.0011,0,-0.0031,-0.0024
Greek_Western_Greece_Aetolia-Acarnania_(n=5),0.1195322,0.1454334,0.0113672,-0.019938,0.022019,-0.0066858,0.000361,0.0007924,0.0021164,0.0151328,0.0008118,0.0026694,-0.0058628,0.0026336,-0.0106372,-0.0033634,0.0047244,0.0003934,0.0024474,-0.0052808,-0.0064456,0.0014146,0.0002708,0.0000132,-0.0012716
Greek_Western_Macedonia_(n=7),0.12244701,0.14303433,0.020011629,-0.0096572143,0.023897943,-0.0016261571,0.0015037143,0.0015772714,0.0010473429,0.0094601429,0.00036648571,0.0013673429,-0.0036095857,0.0057219857,-0.011834043,-0.00093882857,0.0064073143,0.000077828571,0.0040115143,-0.0051533143,-0.0066171,0.00062375714,0.0022729286,-0.0008438,0.00094422857
Greek_Western_Macedonia_Muslim_(Vallahas/Patriyot)_(n=4),0.1201105,0.13941775,0.0153865,-0.01505675,0.0156355,-0.00496025,0.00013475,0.0043355,0.00411625,0.00611275,0.007208,-0.00015775,0.00393675,0.003697,-0.0070055,-0.00057225,0.00286225,-0.0027465,0.000359,0.00003375,-0.004569,-0.000976,0.0029525,0.00087325,-0.00048325
Greenlander_East_(n=4),0.0509355,-0.34680325,0.11813325,0.04756175,-0.1173295,-0.0370925,-0.12067775,-0.13759025,0.00327225,-0.016219,0.02322125,-0.00659425,0.0113355,-0.02439375,-0.03776425,-0.0159105,-0.0008475,0.0163745,0.0378665,0.01854025,0.02835625,-0.05001775,0.01063,0.03265525,0.0442775
Greenlander_East_(European-Mixed)_(n=5),0.0853674,-0.1472516,0.094733,0.0512278,-0.0496708,-0.014558,-0.0688112,-0.0784122,0.0026588,-0.0095856,0.0083466,-0.0018882,-0.001011,-0.0142852,-0.0141418,-0.0074514,-0.0048764,0.0097804,0.0255922,0.0145068,0.0200396,-0.0272778,0.0060638,0.0293296,0.0263212
Greenlander_West_(n=2),0.0569115,-0.3163375,0.115399,0.0518415,-0.1060195,-0.029702,-0.1065775,-0.1314175,0.0025565,-0.016219,0.0206235,-0.004496,0.0086225,-0.021882,-0.029248,-0.0141875,-0.002738,0.012352,0.03331,0.0166325,0.0245815,-0.043897,0.00758,0.032535,0.0414335
Greenlander_West_(European-Mixed)_(n=7),0.086993429,-0.13695143,0.093418286,0.050941714,-0.050295143,-0.012669571,-0.062848714,-0.071238857,0.005493,-0.008487,0.013385429,-0.0044958571,0.000892,-0.0092207143,-0.010295571,-0.009073,-0.0081954286,0.0073842857,0.019178,0.01356,0.017897,-0.025613714,0.0070251429,0.025218571,0.023470857
Gros_Ventre_(European-Mixed)_(n=1),0.113758,-0.00399,0.080108,0.069158,-0.007225,0.013536,-0.064046,-0.077479,-0.004017,-0.012264,-0.00519,-0.000031,-0.002474,0.00142,0.013485,0.007138,-0.006048,0.003094,0.0065,0.004259,0.004249,0.000243,-0.000792,0.012534,0.001921
Guatemalan_Euro-Ladino_(n=4),0.0803565,0.06965975,0.0508615,0.01159975,0.01646025,-0.0045965,-0.05485225,-0.058225,0.0176225,0.0233535,-0.00401125,0.005151,-0.00988475,-0.00444175,0.00463825,0.00109525,-0.000304,-0.00262175,-0.0037475,-0.001404,-0.0002825,-0.00188675,0.0001715,-0.00246675,0.00112025
Guatemalan_Indo-Ladino_(n=4),0.050229,-0.211626,0.097785,0.07791375,-0.07478375,-0.0096265,-0.22729525,-0.2705925,-0.0068625,-0.009502,-0.00173775,-0.00219325,0.00031,0.01519325,-0.006242,0.0013975,0.00530475,0.0003305,0.0014845,0.00059,-0.00169425,0.0032195,-0.0007465,0.000973,0.00242125
Guatemalan_Ladino_(n=42),0.050525048,-0.051007167,0.066687976,0.037505667,-0.025614119,-0.0072372143,-0.12796683,-0.14831974,0.0051110238,0.0076682381,-0.002866381,0.00041664286,-0.0031941429,0.0037004048,0.0000885,0.0013775714,0.0022394286,0.00029604762,-0.0011167143,-0.00030904762,-0.00034014286,0.0020534524,-0.00046947619,-0.00025780952,0.00084164286
Gujar_Kashmir_(n=13),0.067680923,-0.00093738462,-0.11789377,0.077843,-0.077197769,0.047411538,0.00077730769,0.0061063077,-0.0013845385,-0.003925,-0.0041221538,0.00040361538,-0.00040023077,-0.0059600769,0.015169462,0.010403,-0.0090164615,0.0019686923,0.0029587692,-0.012602308,-0.00099815385,-0.010035,0.0013843077,-0.0066643846,0.0051675385
Gujar_Khyber_Pakhtunkhwa_(n=16),0.071423938,0.0010155,-0.11513969,0.07679325,-0.077860625,0.050305,0.00423,0.005134375,-0.0034130625,-0.008394375,-0.0060185,0.0002340625,0.002053375,-0.0069069375,0.0091950625,0.014071125,-0.0023795,0.0004830625,0.001453375,-0.013866062,0.0015909375,-0.01058,0.0021028125,-0.0054825625,0.0020356875
Gujar_Punjab_(n=9),0.068358444,0.00026744444,-0.11939233,0.077652778,-0.077662333,0.049609111,0.0036887778,0.0030412222,-0.002622,-0.0064897778,-0.0060596667,-0.00041966667,-0.00035888889,-0.0087336667,0.011307111,0.014507667,-0.0042684444,0.00074144444,0.0015731111,-0.014644222,-0.0017925556,-0.0071512222,0.0026237778,-0.0072614444,0.0048596667
Gujar_Rajasthan_(n=16),0.066230812,-0.011995937,-0.12477963,0.085171062,-0.076975937,0.050531438,0.0026290625,0.00833625,0.00645525,-0.0010593125,-0.0048716875,-0.0012364375,0.00105925,-0.0041716875,0.007702125,0.01091375,-0.0036019375,0.0018845,0.002663125,-0.0099658125,-0.001302375,-0.0072259375,0.00200275,-0.0022743125,0.001736375
Gujarati_(n=107),0.055773355,-0.050795411,-0.15153554,0.10751143,-0.079971701,0.062951112,-0.00085873832,0.011671654,0.031217607,0.016973542,-0.0064621308,0.00071150467,-0.001946486,-0.00010421495,0.0012329065,0.00029120561,-0.0011612804,0.000097074766,0.000052906542,-0.0055938411,0.0023183178,-0.0039441589,0.0019454766,0.0010348692,-0.0037043458
Gujarati_Bania_(n=1),0.047806,-0.045699,-0.143306,0.112405,-0.080938,0.06275,-0.00047,0.007846,0.029656,0.018953,-0.001949,0.005395,-0.000149,-0.008533,-0.004479,0.008353,0.018906,-0.001394,0.004902,-0.003252,0.000998,-0.000989,0.007765,0.001807,-0.003353
Gujarati_Bhatia_(n=1),0.081088,0.019291,-0.103435,0.077699,-0.074539,0.052622,0.004255,0.005928,-0.016776,-0.018548,-0.010102,-0.001317,0.000944,-0.009367,0.013535,0.014954,-0.005897,0.00133,0.001147,-0.015127,-0.002105,-0.005413,0.002673,-0.005326,0.000236
Gujarati_Brahmin_(n=18),0.065005722,-0.016869056,-0.11795489,0.091749944,-0.073791611,0.053345556,0.0015666667,0.0069355556,0.011112444,0.0021159444,-0.0055211111,0.000099777778,-0.00042944444,-0.0053979444,0.0047275556,0.0070124444,-0.00014477778,-0.000049111111,-0.000027888889,-0.0075173889,-0.00094283333,-0.0038538333,0.0021431111,-0.00034822222,0.000079833333
Gujarati_Brahmin_Audichya_(n=3),0.065626333,-0.021752333,-0.120508,0.091128667,-0.075871333,0.056753667,0.0037766667,0.0067436667,0.009304,0.0038143333,-0.0047323333,-0.00093266667,-0.000095666667,-0.006247,0.006712,0.0072526667,0.0025063333,0.000558,0.001216,-0.0059423333,0.0011593333,-0.0057076667,0.0026046667,-0.0019586667,-0.001921
Gujarati_Brahmin_Bardai_(n=2),0.0682935,-0.014725,-0.117473,0.089794,-0.0770915,0.0514555,0.0019975,0.0045,0.0091015,0.003189,-0.006577,-0.0026975,-0.003642,0.0015825,0.009229,-0.0055685,-0.0202095,0.0008235,-0.004588,-0.0071285,-0.000312,-0.006801,0.001171,0.003916,-0.002455
Gujarati_Brahmin_Nagar_(n=2),0.070001,-0.004062,-0.105028,0.085595,-0.0672435,0.0503395,-0.00188,0.0025385,0.012374,0.0044645,0.004141,0.0002245,-0.0018585,-0.0083265,0.00984,0.000928,-0.0084095,0.0004435,-0.0060965,-0.0105675,-0.0050535,-0.0036475,0.0078875,-0.0127125,0.0019755
Gujarati_Brahmin_o_(n=2),0.049513,-0.0528075,-0.152168,0.1040065,-0.0803225,0.062053,0.0027025,0.0122305,0.030883,0.018041,-0.007551,0.0017985,-0.000297,0.001376,0.004004,0.0013255,0.001304,-0.0009505,-0.002388,-0.001188,0.0046165,-0.0019165,0.0006775,0.005603,-0.0016165
Gujarati_Jat_(n=3),0.082711667,0.022003333,-0.077812333,0.081826667,-0.062268,0.044715667,0.0031333333,0.0045383333,-0.0071586667,-0.011784667,-0.007578,-0.0013986667,0.0021306667,-0.0093586667,0.013753,0.011226,-0.001695,0.0024073333,-0.001718,-0.010755333,-0.0010813333,-0.0056056667,0.001643,-0.0024903333,0.0015566667
Gujarati_Kanbi_(Patidar)_Patel_(n=1),0.062723,-0.041007,-0.149081,0.102535,-0.079027,0.064223,0.002704,0.012779,0.024247,0.015428,-0.004555,0.001558,0.00024,-0.002018,0.001351,0.002992,-0.0001,0.000915,0.002313,-0.007164,-0.000627,-0.00341,0.000761,-0.000021,-0.004758
Gujarati_Koli_(n=1),0.042115,-0.082258,-0.158768,0.117573,-0.066474,0.058288,-0.00235,0.009923,0.052972,0.030433,-0.006333,0.005845,-0.000892,0.007844,-0.005565,-0.014585,-0.000391,-0.006081,0.003897,-0.001,-0.00025,0.004946,0.003451,0.001687,-0.005149
Gujarati_Koli_Patel_(n=8),0.05235875,-0.0567425,-0.15933363,0.10804425,-0.082169,0.062367,-0.00111625,0.011278375,0.03622625,0.02057,-0.00801775,-0.001817375,-0.001059125,0.0029245,-0.0012045,-0.003049625,-0.001727625,0.00248625,-0.00066,-0.0032985,0.004881875,-0.002828375,0.002033625,0.001717,-0.002739
Gujarati_Lohana_(n=5),0.0755788,0.0046716,-0.1094406,0.0745484,-0.0689974,0.0417778,0.002679,0.0060922,-0.012108,-0.011736,-0.0072424,-0.0002396,-0.0016652,-0.0037984,0.0110206,0.010448,-0.005502,-0.0003546,0.0009304,-0.0107552,-0.003344,-0.007592,0.004289,-0.0062176,0.0058676
Gujarati_Muslim_Ismaili_(n=1),0.072847,0.012186,-0.099183,0.06783,-0.076322,0.039881,0.000705,-0.003461,-0.008385,-0.020046,-0.002598,-0.001349,0.002081,-0.001376,0.005429,-0.002652,-0.021513,-0.002154,-0.001383,-0.012256,-0.00549,-0.002473,0.001109,-0.007109,-0.000599
Gujarati_Muslim_Ismaili_Dawoodi_Bohra_(n=2),0.054066,-0.0416365,-0.139723,0.109982,-0.0746295,0.0626105,-0.0029375,0.0043845,0.027713,0.012028,-0.0085255,-0.00015,0.0019325,-0.0004815,-0.001968,0.0048395,0.005411,-0.002217,0.0021365,-0.0019385,-0.002745,-0.011747,-0.000555,0.0049405,-0.006227
Gujarati_Muslim_Nagori_(n=1),0.059188,-0.028435,-0.132746,0.08398,-0.068936,0.043786,0.00235,0.005769,0.032519,0.013668,-0.008607,0.001499,0.004162,0.001927,-0.008958,-0.003713,-0.020731,-0.000127,0.007039,-0.005378,0.000624,-0.003339,0.006162,-0.000964,0.001437
Gujarati_Muslim_Sunni_Bharuchi_(n=4),0.0589035,-0.00507775,-0.12086725,0.0650845,-0.06862825,0.042252,0.00017625,0.00426925,0.01252675,0.01207325,-0.0073075,-0.000075,0.00185825,-0.00237425,0.00064475,0.00871775,0.00114075,-0.00262875,0.0022625,-0.0035955,-0.00305725,-0.0066465,-0.000801,0.000964,-0.00011975
Gujarati_Muslim_Sunni_Ghanchi_(n=1),0.066876,-0.016474,-0.130504,0.102796,-0.076209,0.056059,0.001446,0.010277,0.011082,0.004457,-0.006495,0.001283,-0.002753,-0.006661,0.008157,0.007811,-0.002544,0.000217,-0.000017,-0.009317,-0.002672,-0.00402,0.000927,-0.003499,0.001651
Gumuz_Ethiopia_(n=6),-0.52567283,0.0489145,-0.0071653333,-0.012489333,-0.00076933333,-0.0077625,0.0057966667,-0.0019615,0.095376167,-0.1010805,-0.020136167,0.017984,-0.0375615,-0.0020873333,0.016037667,-0.020463,0.024468667,0.0021115,0.014413333,-0.017654333,-0.0008735,0.0032766667,-0.0057925,-0.0032133333,0.004271
Gurung_(n=5),0.0188946,-0.3881352,-0.0210432,-0.0217702,0.0122484,0.012048,0.0051702,0.007615,0.0091626,0.0180414,-0.0717434,-0.0071936,0.0090386,-0.0005228,-0.0131106,-0.0037388,0.0032596,-0.0023058,-0.0086228,0.0072286,0.0028198,0.024953,0.007666,0.0013014,0.0337216
Gwich'in_(n=1),0.051991,-0.335028,0.109831,0.066263,-0.114417,-0.028603,-0.179808,-0.21268,-0.002732,-0.011676,0.017335,-0.001709,0.002433,0.003636,-0.01337,-0.000987,0.004122,0.004829,0.010616,0.002426,0.006969,-0.007169,0.006041,0.00514,0.004527
Gyalrong_(n=3),0.020488,-0.43904733,0.010056667,-0.050280333,0.026158667,0.009854,0.011672333,0.0058456667,0.00061366667,0.011663,-0.085795,-0.010840667,0.0073833333,-0.001468,-0.0086406667,-0.006762,-0.001478,-0.0017313333,-0.0078353333,0.0034183333,0.0051576667,0.022752,0.006943,0.0018476667,0.036962667
Hadza_(n=9),-0.50512167,0.053597333,-0.0023884444,-0.0032658889,0.0011968889,-0.00502,0.059118333,-0.048562,0.069379111,-0.062628444,-0.010230444,-0.0017152222,-0.026147889,-0.0019267778,0.011762333,-0.016264333,0.017790222,0.033164333,0.000894,-0.0080873333,-0.0045197778,0.0035997778,-0.0025198889,-0.0036415556,0.0031931111
Hadza_o_(n=1),-0.433666,0.070072,-0.008674,-0.03876,-0.003077,-0.016455,0.034547,-0.035768,0.089377,-0.074899,-0.012504,-0.008093,-0.017245,-0.000275,0.013708,-0.030496,0.01343,0.028378,0.001131,-0.01113,-0.002246,-0.003215,-0.004437,-0.002048,-0.003712
Hai||om_(n=8),-0.57068075,0.064866875,0.011455,0.006258125,0.001231,-0.004776,0.11060187,-0.08353475,0.018177125,-0.003713125,0.002111,-0.028081125,-0.01120525,0.00235675,0.011332625,-0.007540875,0.01901975,0.12497825,-0.04269025,0.000953625,-0.015067,-0.001020125,0.0024495,-0.0037655,0.001092625
Haida_(European-Mixed)_(n=1),0.084697,-0.166117,0.103097,0.065693,-0.058725,-0.005859,-0.155471,-0.181981,-0.005121,-0.006797,-0.003659,-0.001078,-0.001762,0.000131,-0.005219,-0.001324,0.001451,-0.002218,0.003034,0.005011,-0.003391,-0.003983,0.002025,0.003236,0.00537
Hakkipikki_(n=17),0.042650118,-0.093846765,-0.16613271,0.116319,-0.073298824,0.063422882,-0.0032485294,0.014185,0.054740176,0.033724353,-0.0051582353,0.0015339412,-0.0030343529,0.0022748235,-0.0066184118,-0.0065124706,0.0035510588,-0.00084952941,-0.00016270588,0.0055687647,0.0029580588,0.004277,0.0022256471,0.0034163529,-0.0047477059
Halakki_Vokkaliga_(n=8),0.033862125,-0.096983,-0.174654,0.12003575,-0.070589875,0.06707325,-0.004141875,0.013297625,0.05399425,0.037176125,-0.00525725,-0.004196375,-0.003604875,0.003182625,-0.0099925,-0.011551875,0.0022655,-0.001061,-0.002435375,0.008503875,0.004819625,0.004265875,0.002156625,0.000090375,-0.003098375
Halba_Chhattisgarh_(n=5),0.0175286,-0.1750772,-0.1776238,0.126294,-0.0385302,0.0601288,-0.000799,0.0129688,0.0729742,0.0507344,0.0069502,-0.00015,-0.0039842,0.0108448,-0.0183494,-0.0176876,0.0137164,-0.0007856,-0.0001758,0.0185588,0.0013226,0.0119942,-0.0079372,0.0074708,-0.0023712
Han_Beijing_(Central/Southern_China_Profile)_(n=27),0.021879259,-0.4526253,-0.0058662963,-0.066466222,0.075695037,0.03320863,0.0038645556,-0.0018374815,-0.015498333,-0.0010528519,-0.053612259,-0.0073212222,0.0082094074,-0.006667,-0.0053332593,0.00018162963,0.00085481481,0.0011309259,-0.0035614444,-0.010477185,0.014173963,0.0076161111,0.014296741,-0.00026774074,-0.0021155185
Han_Beijing_(Northern_China_Profile)_(n=65),0.023342554,-0.44659855,0.0085867385,-0.064078231,0.051057985,0.020972538,0.0052857385,0.0018318769,-0.010628954,0.0035942769,-0.072520231,-0.0088260308,0.011062646,-0.0059325538,-0.0073100769,-0.0010750615,0.00059378462,-0.00013836923,-0.0033494154,-0.0088619077,0.010903923,0.0071072,0.012231831,0.0008916,0.0010224
Han_Beijing_(Southern_China_Profile)_(n=15),0.0190464,-0.45082747,-0.015034533,-0.067033267,0.0903348,0.039992933,0.0010653333,-0.0043996667,-0.014875733,-0.0042885333,-0.041354933,-0.0057649333,0.0078196,-0.00456,-0.0048316667,0.0010607333,0.00055626667,0.0015878,-0.0026564667,-0.0140484,0.014690667,0.0052344667,0.015258067,-0.00036946667,-0.00076646667
Han_Chongqing_(n=3),0.021247,-0.45258767,-0.012822,-0.067399333,0.085246667,0.036999333,0.0010966667,-0.0020766667,-0.017112,-0.0037053333,-0.048175333,-0.0039463333,0.010753,-0.0038076667,-0.0048406667,0.00053066667,0.00099966667,-0.0016046667,0.0039803333,-0.00692,0.014432667,0.0084083333,0.016227667,0.00020066667,0.0048696667
Han_Fujian_(n=35),0.020618229,-0.45344846,-0.010774914,-0.066916371,0.083883771,0.0377618,0.0030952857,-0.0022944286,-0.016145714,-0.0026711429,-0.048651514,-0.0066498286,0.0082868,-0.0070265429,-0.0054287714,0.00068951429,0.0013336857,0.00043437143,-0.0025032,-0.013159886,0.015929114,0.0048436857,0.013585429,0.00068848571,-0.0034828857
Han_Fujian_Fuzhou_(n=5),0.0188946,-0.4521136,-0.0145568,-0.0678946,0.0864776,0.0395466,0.002068,-0.0018924,-0.0146846,-0.0016766,-0.0510548,-0.0047356,0.0057682,-0.0093856,-0.0056188,-0.0015382,0.0022424,0.0015964,-0.0019862,-0.0136064,0.0172694,0.004773,0.0166632,0.003856,-0.0067058
Han_Fujian_Quanzhou_(n=1),0.01935,-0.451911,-0.01961,-0.070414,0.094171,0.035698,0.00423,-0.004615,-0.016771,-0.008565,-0.042546,-0.002248,0.012339,-0.007844,-0.006786,-0.001326,-0.004042,-0.002914,-0.007039,-0.015758,0.011605,0.000989,0.012448,-0.002651,-0.012574
Han_Gansu_Lanzhou_(n=2),0.024472,-0.430077,0.009428,-0.060401,0.048932,0.015339,0.005875,0.0029995,-0.014828,0.001549,-0.0638185,-0.011165,0.010109,-0.0056425,-0.0082115,-0.0013925,0.003325,-0.002217,-0.001257,-0.0063155,0.006301,0.007852,0.008134,0.004217,0.0089215
Han_Guangdong_(n=16),0.016788813,-0.45000656,-0.029061875,-0.066739875,0.11146306,0.048213313,0.0009840625,-0.0062161875,-0.016131875,-0.0088498125,-0.015193375,-0.002294875,0.003623625,-0.0058231875,-0.0029180625,-0.000613375,0.0014993125,-0.000087125,-0.000659875,-0.014038,0.015917125,0.003802375,0.019642687,-0.0008510625,-0.00197575
Han_Guangdong_Guangzhou_(n=8),0.019349875,-0.45165675,-0.021307375,-0.070938875,0.101288,0.04796925,0.0005875,-0.008393875,-0.0150835,-0.00674275,-0.029453125,-0.004008875,0.00661525,-0.004833875,-0.00427525,0.001789875,-0.000326,0.002090375,-0.00083275,-0.015742125,0.013647625,0.007789875,0.012925625,0.0001205,-0.00160175
Han_Guangdong_Maoming_(n=1),0.014797,-0.447848,-0.023759,-0.06783,0.097557,0.04518,0.001175,0.001615,-0.015544,-0.008565,-0.026145,-0.001499,0.004162,-0.006055,-0.005157,0.001061,-0.00665,-0.004054,-0.002011,-0.015507,0.011854,0.006059,0.015159,0.005543,0.001317
Han_Guangdong_Shantou_(n=1),0.020488,-0.459019,-0.013576,-0.069122,0.090171,0.04769,0.003055,0,-0.013499,-0.001458,-0.042546,-0.004496,0.002676,-0.004129,0.000407,-0.001591,-0.001304,-0.00076,-0.002137,-0.012006,0.017469,0.008037,0.018117,0.008555,-0.000359
Han_Guangdong_Yunfu_(n=1),0.012521,-0.450895,-0.019987,-0.066215,0.095402,0.051316,0.00235,0.002769,-0.017998,-0.008747,-0.026307,-0.003747,0.002825,-0.009496,0.000814,-0.004641,0.002999,-0.001014,-0.001257,-0.012256,0.015597,0.00371,0.011339,-0.003735,-0.008861
Han_Guangxi_Chongzuo_(n=3),0.014797333,-0.44649433,-0.031929667,-0.066861,0.11653433,0.053175333,-0.00188,-0.010384333,-0.017793667,-0.010691,-0.010068,-0.0033966667,0.0057976667,-0.0095876667,-0.0012666667,0.004022,0.0036943333,0.0010133333,-0.004609,-0.013381333,0.015015333,0.007254,0.019062,0.003253,-0.00039933333
Han_Guangxi_Chongzuo_o_(n=2),0.014797,-0.4508955,-0.0122565,-0.06783,0.080015,0.039184,0.0090475,-0.0004615,-0.011044,0.0003645,-0.0436015,-0.0050955,0.00773,-0.0084635,-0.008618,0.0031155,0.0052155,0,0,-0.0121935,0.01566,0.008594,0.01707,0.0001205,0.00473
Han_Guangxi_Fusui_(n=1),0.020488,-0.443786,-0.039975,-0.072029,0.123408,0.06526,0.00188,-0.010384,-0.020248,-0.012574,-0.003248,-0.00045,0.00996,-0.007707,0.000679,0.003978,-0.001304,-0.00152,0.001131,-0.017508,0.011729,0.008656,0.018241,-0.001084,0.002874
Han_Guangxi_Guigang_(n=4),0.0170735,-0.4455635,-0.03686325,-0.06274275,0.12294625,0.0553595,-0.00287875,-0.010788,-0.018305,-0.00952175,-0.00491225,-0.00370925,0.00104075,-0.00488575,-0.00044125,0.00444175,-0.000815,-0.00041175,-0.00047125,-0.012256,0.01684525,0.00009275,0.01747025,0.000904,-0.00029925
Han_Guangxi_Guigang_o_(n=2),0.0176425,-0.4544495,-0.0245125,-0.0728365,0.103404,0.0486665,0.0036425,-0.009923,-0.019839,-0.005558,-0.024927,-0.0036715,0.0055745,-0.004473,-0.004207,0.0068945,-0.002412,-0.00019,-0.004965,-0.017571,0.0155975,0.005317,0.015098,0.00235,-0.0073045
Han_Guangxi_Hechi_(n=3),0.022385333,-0.44920233,-0.016090667,-0.067614667,0.094479,0.040346333,0.00031333333,-0.007846,-0.01568,-0.0043126667,-0.033777,-0.0066443333,0.0098116667,-0.0076613333,-0.002986,0.005127,0.00099966667,0.00080233333,-0.0023043333,-0.008212,0.0093586667,0.004204,0.016720667,-0.0020486667,0.0049493333
Han_Guangxi_Hechi_o1_(n=2),0.0193495,-0.446833,-0.0263985,-0.071706,0.1070965,0.051455,-0.0024675,-0.005884,-0.019123,-0.004556,-0.01973,-0.0028475,0.005426,-0.0055735,-0.0041395,-0.0019225,-0.007171,0.002407,-0.000817,-0.012631,0.013164,0.0050075,0.016392,-0.0021085,-0.0002395
Han_Guangxi_Hechi_o2_(n=1),0.012521,-0.448864,-0.041106,-0.070091,0.124023,0.05773,-0.000235,-0.008307,-0.01943,-0.008565,-0.011692,-0.005695,0.006838,-0.007569,-0.006786,0.002387,0.005607,-0.00228,-0.01257,-0.015632,0.0141,0.003215,0.012202,-0.004097,0.000479
Han_Guangxi_Jingxi_(n=3),0.018591,-0.45055667,-0.033815333,-0.068906667,0.12043267,0.058288333,-0.00141,-0.012999333,-0.018952667,-0.01221,-0.004114,0.001049,0.005451,-0.0067893333,0.000588,-0.0015026667,0.00026066667,0.00084466667,0.00025133333,-0.016257667,0.020006333,0.00074166667,0.016761667,0.0016466667,-0.0026346667
Han_Guangxi_Jingxi_o_(n=2),0.0176425,-0.448356,-0.023381,-0.063631,0.104019,0.0454595,0.0001175,-0.0045,-0.016464,-0.011663,-0.01494,-0.005395,0.007507,-0.005436,-0.001018,0.003779,0.007432,0.00076,-0.0035195,-0.0141945,0.0162835,0.0060585,0.0123865,-0.0018075,0.0011975
Han_Guangxi_Laibin_(n=4),0.01678875,-0.44810225,-0.031961,-0.06306575,0.11556,0.0592645,-0.0029375,-0.0110765,-0.0162085,-0.007973,-0.00613,-0.0024355,0.0062065,-0.00667475,-0.00251075,0.0035135,0.00071725,0.00642925,0.0022625,-0.013788,0.01675175,0.003555,0.01901075,0.004398,-0.00062875
Han_Guangxi_Tianlin_(n=3),0.021247,-0.449541,-0.015839,-0.068691333,0.092119667,0.040625,0.00054833333,-0.005769,-0.012476,-0.003037,-0.034967667,-0.0062446667,0.0041623333,-0.0041746667,-0.0036643333,0.00039766667,0.0026946667,-0.000211,-0.001215,-0.011255,0.017843333,0.0063063333,0.016556333,-0.002651,0.002834
Han_Guangxi_Tianlin_o_(n=2),0.0182115,-0.444802,-0.033564,-0.0647615,0.124177,0.061356,-0.002115,-0.0122305,-0.0186115,-0.0127565,-0.0002435,-0.0027725,0.001115,-0.002959,-0.000068,0.006497,0.0058675,-0.000317,-0.0021995,-0.01557,0.0169075,0.0059975,0.0151595,0.0020485,-0.001437
Han_Guangxi_Tianyang_(n=3),0.019729333,-0.44581733,-0.036832333,-0.069229667,0.12022767,0.057265667,-0.00141,-0.011615,-0.022974667,-0.014032333,0.0014616667,-0.0024476667,0.0027253333,-0.0046333333,0.0027596667,0.0021653333,0.0028683333,-0.0041386667,-0.0051956667,-0.0096296667,0.012228333,0.0024316667,0.016761667,0.003213,0.0025546667
Han_Guangxi_Tianyang_o_(n=2),0.0210575,-0.450895,-0.010748,-0.068799,0.0826305,0.0323515,0.005405,-0.002192,-0.011453,0.003098,-0.0457125,-0.0073435,0.0083995,-0.004266,-0.0029855,-0.001392,-0.004889,0.00209,-0.0060965,-0.0078785,0.007612,0.011809,0.01442,0.003012,0.0019755
Han_Guizhou_Guiyang_(n=14),0.022033,-0.45045986,-0.010182357,-0.064461571,0.079179643,0.035000857,0.0020814286,-0.0034943571,-0.016274357,-0.0017311429,-0.047730571,-0.0053737143,0.0080915714,-0.0077856429,-0.0054287143,0.0012123571,0.00095,0.00076021429,-0.0038696429,-0.010094071,0.012005643,0.0062356429,0.014085429,0.000068785714,0.0023520714
Han_Hainan_Haikou_(n=5),0.0040976,-0.4383026,-0.027379,-0.0640832,0.1019884,0.0444552,-0.000235,-0.007661,-0.0143166,-0.006852,-0.024423,-0.003387,0.0051436,-0.0074866,-0.0008686,0.0012994,0.0046156,0.0010388,-0.0001006,-0.0147072,0.0166954,0.006331,0.0175012,0.0036872,-0.00194
Han_Hainan_Haikou_o_(n=1),0.011382,-0.433631,0.013199,-0.055233,0.044624,0.011435,0.011516,0.002308,-0.011453,0,-0.074536,-0.008542,0.003122,-0.009358,-0.002986,-0.002519,0.007562,0.00114,0.001006,-0.011506,0.008485,0.007666,0.012818,0.003976,-0.00455
Han_Hebei_(n=1),0.026179,-0.44074,0.000754,-0.065569,0.059703,0.029005,0.004465,-0.006,-0.009204,-0.000182,-0.060896,-0.004796,0.008028,-0.004266,-0.008415,0.002652,-0.004303,0.004054,0.004274,-0.01038,0.011105,0.00136,0.005916,0.004097,0.012334
Han_Hebei_Baoding_(n=1),0.030732,-0.451911,0.011314,-0.058463,0.040931,0.025937,-0.000235,0.000462,-0.014112,0.011299,-0.07275,-0.006145,0.011596,-0.007707,-0.009365,-0.002387,0.001043,-0.00038,-0.002388,-0.006628,0.010731,0.009521,0.01023,0.000361,0.009221
Han_Hebei_Handan_(n=1),0.021626,-0.441755,0.012445,-0.060401,0.045547,0.01255,0.003995,0.001154,-0.014112,0.00164,-0.076323,-0.01079,0.011893,-0.003853,-0.007057,-0.00305,0.00691,-0.004814,0.001257,-0.012256,0.011854,-0.002473,0.013927,0.001566,0.006347
Han_Hebei_Tangshan_(n=1),0.022765,-0.434647,0.013199,-0.05814,0.049855,0.013387,0.00517,-0.003231,-0.010635,0.006378,-0.071289,-0.008992,0.000446,-0.011423,-0.004207,0.001591,0.002477,-0.004814,-0.004777,-0.007379,0.007736,-0.000618,0.005793,0.000241,0.000718
Han_Heilongjiang_Qiqihar_(n=1),0.026179,-0.444802,0.018856,-0.061047,0.049548,0.03263,0.00188,-0.001615,-0.009204,0.007654,-0.077297,-0.007044,0.011298,-0.005643,-0.003529,0.000398,-0.004955,-0.002534,-0.007416,-0.012756,0.009483,-0.001113,0.010476,0.006627,0.009101
Han_Henan_Pingqiao_(n=10),0.0249272,-0.4418569,0.0044876,-0.0638248,0.055795,0.0228411,0.0040655,-0.0011306,-0.0131304,0.001075,-0.0695187,-0.0086324,0.0100642,-0.0069499,-0.0067858,-0.0001062,0.0016688,-0.0009628,-0.0034819,-0.0089166,0.010781,0.0096201,0.0116469,-0.0003736,0.0029817
Han_Henan_Pingqiao_o_(n=5),0.017984,-0.4537386,-0.0178756,-0.0650522,0.0947256,0.049531,0,-0.0087228,-0.0162392,-0.0072894,-0.027476,-0.0050654,0.0051732,-0.0074592,-0.0025242,0.0002122,0.0012256,-0.0015204,-0.001257,-0.0120306,0.0121536,0.0042288,0.0161702,0.000434,-0.0026344
Han_Henan_Shangqiu_(n=1),0.018212,-0.442771,0.010936,-0.063631,0.0437,0.020638,0.00752,0.000692,-0.00634,0.009659,-0.070801,-0.010341,0.01219,-0.004817,-0.003529,0.001061,-0.000261,0.00114,-0.005531,-0.012006,0.0141,0.00272,0.006779,-0.003374,0.006706
Han_Henan_Zhengzhou_(n=5),0.0254964,-0.4441926,0.0088248,-0.0643416,0.0505322,0.020415,0.0067212,0.0033692,-0.0136212,0.0037906,-0.076355,-0.01142,0.0121306,-0.0083674,-0.0050218,-1.73e-19,0.0025556,-0.0011656,-0.0014832,-0.004377,0.0109056,0.0073698,0.0085288,-0.001687,-0.001868
Han_Hubei_Shiyan_(n=122),0.02146773,-0.44836456,-0.00024727049,-0.065701377,0.064738393,0.028094844,0.0042723852,0.00021372951,-0.013760098,0.0016923934,-0.062942828,-0.0078594016,0.0093022787,-0.0070503443,-0.0053331393,-0.00069443443,0.00016354098,0.0004247541,-0.0038348689,-0.0099986311,0.012188533,0.007434418,0.013526967,-0.000048393443,0.00048487705
Han_Hubei_Wuhan_(n=5),0.0220816,-0.454551,-0.0059588,-0.067184,0.0749678,0.03224,0.000235,-0.0044306,-0.0137848,0.0022232,-0.0520616,-0.0056348,0.0087414,-0.0073766,-0.005293,0.000106,0.0019038,0.0009374,-0.004148,-0.0133564,0.0203392,0.0022008,0.0134092,-0.0006268,-0.005173
Han_Hubei_Xianning_(n=1),0.021792,-0.45628,-0.006238,-0.068165,0.079844,0.035843,0.000369,-0.005987,-0.016462,-0.004567,-0.062671,-0.009741,0.011743,-0.011173,-0.007152,-0.000198,0.000248,0.002134,-0.003206,-0.015289,0.016844,0.006018,0.018545,-0.000584,-0.008053
Han_Hunan_(n=71),0.020007169,-0.45271168,-0.014808606,-0.06737507,0.089897606,0.040293789,0.002187831,-0.0037961972,-0.015552451,-0.0043480423,-0.040903606,-0.0057983239,0.0073743944,-0.0065128592,-0.0054441268,0.00016623944,0.0011459014,0.00044785915,-0.0027706761,-0.012437324,0.014801296,0.0049060423,0.015303535,-0.000055971831,-0.0022380986
Han_Hunan_Yongzhou_(n=1),0.02019,-0.452414,-0.021335,-0.067477,0.103339,0.048735,-0.002064,-0.010338,-0.019822,-0.01138,-0.03313,-0.007074,0.008726,-0.01138,-0.004829,0.001669,0.000127,0.001978,-0.002539,-0.018046,0.017422,0.004716,0.021616,-0.001305,-0.010182
Han_Jiangsu_Lianyungang_(n=1),0.023903,-0.445817,0.011691,-0.058463,0.050779,0.021196,0.00517,0.002538,-0.01718,0.005285,-0.079083,-0.008842,0.013379,-0.008945,-0.007057,-0.003315,0.000522,-0.00228,-0.008296,-0.010505,0.007112,0.007296,0.008134,0.00494,-0.002874
Han_Jiangsu_Nanjing_(n=7),0.022439429,-0.454667,-0.00037714286,-0.070091,0.063528286,0.027610143,0.0073185714,0.000099,-0.014199714,0.0028115714,-0.067948,-0.0075362857,0.011170571,-0.0081395714,-0.0075032857,-0.000966,-0.00033514286,0.0026064286,-0.0038788571,-0.011416143,0.013298143,0.005229,0.012712,-0.00098114286,-0.0014712857
Han_Jiangsu_Nantong_(n=1),0.023903,-0.459019,-0.001508,-0.070414,0.065551,0.02761,0.003055,0.001154,-0.014112,-0.001276,-0.071126,-0.004646,0.012339,-0.009771,-0.005565,-0.00411,0.009127,0.000253,-0.002388,-0.014507,0.018967,0.00779,0.017131,0.004338,-0.008263
Han_Jiangsu_Wuxi_(n=2),0.0228595,-0.4540865,-0.0028185,-0.064707,0.069108,0.028426,0.002184,-0.004025,-0.0150135,-0.0018455,-0.0650735,-0.0102265,0.010598,-0.010744,-0.006095,0.0014005,0.0006775,0.0006765,-0.0020165,-0.01523,0.0119345,0.009721,0.0152265,-0.0008585,-0.0046545
Han_Jiangsu_Xuzhou_(n=1),0.022765,-0.44988,0.004903,-0.062662,0.054164,0.019522,0.00611,-0.001846,-0.019021,-0.001458,-0.063819,-0.009591,0.010406,-0.009771,-0.011672,-0.002917,0.000782,0.00114,-0.001006,-0.01088,0.010357,0.009645,0.007641,0.005061,0.00479
Han_Jiangxi_Fuzhou_(n=1),0.026179,-0.462066,-0.003771,-0.068153,0.080323,0.039045,0.002115,-0.004846,-0.015135,-0.005467,-0.058622,-0.009741,0.010109,-0.001651,-0.00855,0.003713,0.000782,-0.001394,-0.004399,-0.016133,0.01722,0.006554,0.011092,-0.001687,-0.003592
Han_Jiangxi_Nanchang_(n=1),0.020871,-0.455323,-0.005946,-0.067832,0.078035,0.034674,0.000955,-0.004809,-0.015887,-0.003428,-0.062176,-0.009265,0.011066,-0.010198,-0.006731,-0.000476,0.000267,0.001964,-0.003115,-0.013759,0.015851,0.006178,0.016706,-0.000166,-0.0065
Han_Jilin_Changchun_(n=1),0.021626,-0.44988,0.010559,-0.062339,0.048624,0.025658,0.006815,0.001385,-0.015953,0.003462,-0.069015,-0.010191,0.010704,-0.005092,-0.011808,-0.001193,0.005867,0.000887,-0.006536,-0.005753,0.013227,0.006183,0.009983,0.003494,0.001078
Han_Liaoning_Dalian_(n=1),0.020488,-0.453942,0.001131,-0.061047,0.05201,0.008367,-0.007285,0.005077,-0.008999,0.002734,-0.079895,-0.009891,0.00892,-0.002752,-0.002172,-0.00769,-0.001304,-0.002914,-0.006034,-0.003252,0.016845,0.001237,0.017748,0.002771,0.005628
Han_Liaoning_Panjin_(n=1),0.026179,-0.439724,0.003017,-0.06783,0.042469,0.019801,0.001645,0.002308,-0.011658,0.005649,-0.080707,-0.009741,0.00996,0.001239,-0.012893,0.004641,0.001434,-0.000127,-0.002137,-0.007253,0.013601,0.005441,0.003574,-0.005543,0.006227
Han_Qinghai_(n=1),0.029594,-0.409258,0.007165,-0.053941,0.032314,0.019801,0.009635,0.002308,-0.007158,0.005103,-0.072263,-0.002548,0.00773,-0.010046,-0.0057,-0.004243,-0.004563,-0.005574,-0.012947,-0.007754,0.00836,0.004699,0.00986,0.001566,0.00455
Han_Shaanxi_Yulin_(n=2),0.028456,-0.4331235,0.0109365,-0.061693,0.039392,0.0129685,0.0064625,0.001846,-0.0075675,0.002551,-0.0793265,-0.0104155,0.0092915,-0.0046795,-0.009161,0.0059005,-0.002738,-0.0010765,-0.003771,-0.0028135,0.006426,0.006739,0.003759,-0.00488,0.001018
Han_Shandong_Binzhou_(n=1),0.021626,-0.448864,0.003017,-0.063631,0.051086,0.023985,0.0094,0.006,-0.011453,0.006014,-0.074049,-0.01094,0.00892,-0.01445,-0.007329,-0.001724,0.002738,0.003547,-0.001257,-0.007879,0.015847,0.004575,0.008751,-0.001325,-0.007903
Han_Shandong_Dezhou_(n=2),0.02166,-0.4546925,0.0060025,-0.065492,0.052167,0.0194455,0.0035965,-0.000252,-0.008718,0.0067705,-0.0800975,-0.009,0.010522,-0.0041485,-0.0078165,-0.002219,0.0009185,0.001257,-0.0023685,-0.004652,0.01167,0.003061,0.0047655,0.0007125,-0.003024
Han_Shandong_Jinan_(n=10),0.0223095,-0.4491688,0.0059962,-0.0607563,0.0516712,0.0210562,0.0058046,0.0004384,-0.0115965,0.0033714,-0.074033,-0.0089171,0.0104359,-0.0088766,-0.0070303,0.0003979,0.0012386,0.0011908,-0.0020112,-0.0095171,0.0120414,0.0067884,0.0125959,0.0006748,-0.0014371
Han_Shandong_Jining_(n=1),0.018212,-0.445817,0.011314,-0.063954,0.041238,0.017849,0.00611,0.005307,-0.007158,0.007289,-0.071451,-0.010341,0.00996,-0.008395,-0.00475,0,-0.002086,-0.003041,-0.00817,-0.011005,0.013726,0.010634,0.010969,-0.005302,0.000838
Han_Shandong_Linyi_(n=1),0.022156,-0.45542,0.002332,-0.065614,0.062147,0.025172,0.001301,-0.00351,-0.01221,0.001476,-0.076685,-0.010213,0.012238,-0.008626,-0.008125,-0.001514,0.000328,0.002094,-0.002598,-0.0101,0.014172,0.003774,0.011495,-0.000178,-0.007849
Han_Shandong_Weifang_(n=1),0.025041,-0.450895,0.007542,-0.063954,0.050471,0.021753,0.013396,0.003923,-0.014521,0.004374,-0.08022,-0.007194,0.006541,-0.007019,-0.009908,0.001193,0.005867,0.001014,-0.005028,-0.004002,0.011729,0.006677,0.007272,-0.000964,-0.007185
Han_Shanghai_(n=4),0.02603325,-0.45059475,-0.0027575,-0.06726,0.063755,0.03345925,0.00375875,-0.000636,-0.01493575,-0.00214475,-0.07234625,-0.0122,0.01077875,-0.0043725,-0.0064395,0.00482225,0.001954,0.00245575,0.00026375,-0.015477,0.0164865,0.006346,0.014482,-0.001606,-0.00608425
Han_Shanxi_Jinzhong_(n=1),0.026179,-0.443786,0.019233,-0.056525,0.04647,0.012271,0.008225,0.005307,-0.009204,-0.000729,-0.076647,-0.009442,0.006095,-0.007294,-0.008007,0.003182,0.002738,0.000633,-0.000503,-0.011756,0.008735,0.007543,0.008504,0.000241,0.006347
Han_Shanxi_Linfen_(n=3),0.022005667,-0.44412467,0.008297,-0.064384667,0.049752667,0.019150333,0.0048566667,0.001846,-0.0094763333,0.0068036667,-0.08022,-0.006944,0.011050333,-0.0012383333,-0.011717333,-0.0037126667,0.00052133333,0.003463,0.00037733333,-0.005211,0.011937,0.011046333,0.011215333,-0.00040166667,0.0049493333
Han_Shanxi_Shuozhou_(n=1),0.022765,-0.436678,0.010559,-0.065246,0.044931,0.019522,0.006345,0.003,-0.009204,0.00328,-0.078921,-0.01139,0.013231,-0.002615,-0.008007,-0.004773,-0.004042,0.003674,-0.000754,-0.004377,0.013227,0.002844,0.008627,0.002892,-0.001197
Han_Shanxi_Taiyuan_(n=8),0.025752375,-0.43959738,0.01169075,-0.060118375,0.047355125,0.017570125,0.006638875,0.001846,-0.010098375,0.005193625,-0.074739125,-0.008392375,0.010276125,-0.00793075,-0.006752,-0.000464,0.001075625,-0.000443375,-0.00531075,-0.006972125,0.00875025,0.01058775,0.012309375,0.002440125,0.001422125
Han_Shanxi_Xinzhou_(n=1),0.020488,-0.435662,0.006411,-0.053618,0.040315,0.011992,-0.002115,-0.001846,-0.019021,-0.002187,-0.084117,-0.010641,0.010406,-0.005367,-0.017372,-0.003447,0.00339,-0.003927,0.009804,-0.009254,0.010232,0.009892,0.010599,0.008073,-0.001796
Han_Sichuan_Chengdu_(n=8),0.019918875,-0.44861,-0.0085795,-0.068112625,0.07901475,0.033815375,0.00182125,-0.004817,-0.013933125,-0.000250625,-0.05092925,-0.009179375,0.0101645,-0.00755225,-0.00648075,-0.000878375,0.001287625,-0.00039575,-0.0029695,-0.00686275,0.011916375,0.00508525,0.011816375,0.0001055,0.0016915
Han_Sichuan_Guang'an_(n=1),0.022765,-0.445817,-0.016216,-0.066215,0.088324,0.035419,-0.001645,-0.009923,-0.018612,-0.001093,-0.037674,-0.010041,0.003568,-0.00055,-0.00285,0,-0.005867,0.00152,-0.001634,-0.010005,0.015847,0.007048,0.021445,-0.00012,0.008502
Han_Sichuan_Guangyuan_(n=3),0.022764667,-0.44514033,-0.000377,-0.063954,0.059806,0.020638333,0.0050133333,-0.00084633333,-0.007431,0.0020043333,-0.064793,-0.0088923333,0.009514,-0.0045413333,-0.006786,-0.00026533333,0.004737,0.00084466667,-0.006662,-0.0091713333,0.008901,0.0097273333,0.011462,0.0020886667,0.0054286667
Han_Sichuan_Nanchong_(n=1),0.020488,-0.446833,-0.003017,-0.067507,0.064012,0.030399,0.012926,0.005538,-0.007363,0.000729,-0.062357,-0.007343,0.003122,0.000826,-0.006107,-0.001326,0.00352,0.002027,0.000251,-0.003752,0.010606,0.011129,0.014297,0.001084,0.003832
Han_Sichuan_Ziyang_(n=1),0.025041,-0.450895,-0.009051,-0.069122,0.089863,0.038208,0.004935,-0.009923,-0.011658,0,-0.041571,-0.004196,0.00223,-0.00578,-0.003257,-0.002652,-0.005607,0.000253,0.000628,-0.013506,0.013351,0.005193,0.01405,-0.006748,0.003353
Han_Yunnan_Guangnan_(n=3),0.023523667,-0.44784833,-0.015964667,-0.062985,0.085657,0.036348667,0.0019583333,-0.0030766667,-0.014316333,-0.0010933333,-0.039947667,-0.0052953333,0.0074826667,-0.007294,-0.0010406667,0.0012816667,0.000956,-0.001056,-0.0047343333,-0.012839333,0.011272,0.0068833333,0.012776667,0.0038156667,0.0068253333
Han_Yunnan_Qiubei_(n=6),0.021246833,-0.444971,-0.0072281667,-0.0660535,0.078065833,0.032862667,0.0031333333,-0.0022691667,-0.013123667,-0.0014578333,-0.047173833,-0.00557,0.0088948333,-0.0083033333,-0.0032798333,-0.0003535,0.00058683333,0.00025333333,-0.0017388333,-0.0079623333,0.011167833,0.0099746667,0.014009167,0.0023696667,0.0073046667
Han_Yunnan_Wenshan_(n=5),0.0186668,-0.4480518,-0.012596,-0.0647938,0.0793378,0.0405506,0.001786,-0.004846,-0.0133346,-0.0029886,-0.0497882,-0.0072536,0.006898,-0.0048444,-0.0052388,-0.0023866,0.003025,-0.0001774,-0.0051034,-0.01038,0.0105564,0.008804,0.009219,0.0030364,0.0048138
Han_Yunnan_Wenshan_o_(n=2),0.016504,-0.446833,-0.0418605,-0.0660535,0.125254,0.0624715,-0.0036425,-0.00923,-0.0212705,-0.014488,0.0023545,-0.0025475,0.0050545,-0.0009635,0.002579,0.0035795,0.0041725,-0.001457,-0.003708,-0.013069,0.011043,0.0079135,0.012017,-0.0054825,0.0054485
Han_Zhejiang_Hangzhou_(n=6),0.020677667,-0.4537725,-0.0049026667,-0.066268833,0.071757,0.030957,0.0015666667,-0.0011538333,-0.013532667,0.0001215,-0.064522333,-0.0060445,0.0129335,-0.0064455,-0.0064691667,0.0025413333,0.0022816667,0.00071816667,-0.0046298333,-0.0117555,0.015826167,0.0037508333,0.013269667,0.0028315,-0.0029536667
Han_Zhejiang_Shaoxing_(n=1),0.014797,-0.450895,-0.004525,-0.070414,0.066474,0.033746,0.003995,-0.001385,-0.012067,0.001458,-0.054075,-0.007793,0.013379,-0.005505,-0.008958,-0.007823,-0.006128,0.000633,-0.002388,-0.007128,0.004492,0.009769,0.01405,-0.000843,-0.002155
Han_Zhejiang_Taizhou_(n=1),0.026179,-0.453942,-0.010559,-0.070091,0.070167,0.037371,0.006815,-0.000462,-0.011862,0.00328,-0.053913,-0.01079,0.01219,-0.00523,-0.005157,-0.002387,-0.002608,0.005574,-0.000126,-0.012881,0.019091,0.000495,0.014173,-0.002048,-0.003233
Hani_(n=15),0.0171494,-0.4364068,-0.024437333,-0.051529267,0.0822102,0.0351216,0.0021306667,-0.0021075333,-0.0079626667,0.0018466,-0.026978133,-0.0053753333,0.004896,-0.0035139333,-0.0065236667,-0.00065413333,0.0030421333,-0.0029644667,-0.0054720667,0.0004752,-0.00075693333,0.0223728,0.009983,0.0027874,0.0307916
Hartani_Arab_Algeria_Algiers_(n=2),-0.216264,0.1106925,-0.0018855,-0.057171,0.0140025,-0.02259,-0.021151,0.017076,0.040598,0.014032,0.003004,-0.0077185,0.0185085,-0.0137625,0.006311,-0.0057675,0.0114085,-0.006968,-0.0190435,0.002001,-0.0044295,-0.0260905,0.012448,0.0049405,-0.004431
Hartani_Arab_Western_Sahara_(n=1),-0.382446,0.084289,0.001886,-0.033269,0.008617,-0.008925,-0.038072,0.028614,0.002863,0.021686,0.002923,-0.004646,0.023191,-0.005092,0.010722,-0.016043,0.008214,-0.006588,-0.017598,-0.001251,-0.006613,-0.007048,0.003328,-0.001205,-0.003113
Hartani_Berber_(Gourara)_Algeria_Timimoun_(n=10),-0.3317943,0.1005373,0.0035071,-0.0331398,0.0133256,-0.0104026,-0.0378604,0.0247375,0.0222931,0.0208478,0.0063981,-0.0037316,0.0193557,-0.0066471,0.013097,-0.0099974,0.0044199,-0.0095271,-0.0223993,0.0046022,-0.0078862,-0.0197843,0.0100324,-0.0003133,0.0036402
Hartani_Berber_(Gourara)_Algeria_Timimoun_o_(n=4),-0.49712225,0.081496,0.014425,-0.01106275,0.009617,0.0043225,-0.046297,0.03646,-0.0056755,0.020547,0.0032885,0.002473,0.01527475,-0.00364725,0.013199,-0.01223125,0.01147375,-0.0094385,-0.0102445,0.002251,-0.0064265,-0.01406525,0.01207825,-0.00171725,-0.0016165
Hartani_Berber_(Mozabite)_Algeria_(n=3),-0.327052,0.098506333,0.002263,-0.031977,0.010873667,-0.012829,-0.035016667,0.021691333,0.019361667,0.018709667,0.0060083333,-0.0024476667,0.013974,-0.0041286667,0.014386333,-0.014010333,-0.001391,-0.011444,-0.020656667,0.0018756667,-0.0079026667,-0.021350333,0.014296667,-0.000482,0.001836
Hartani/Gnawa_Arab_Morocco_Casablanca_(n=1),-0.144555,0.13405,-0.015462,-0.061693,0.012618,-0.022032,-0.029141,0.012923,0.033133,0.019681,0.00406,-0.014237,0.026164,-0.007294,0.023208,-0.002784,-0.002608,-0.007728,-0.025517,0.014257,-0.004492,-0.027451,0.007025,0.002651,-0.002994
Hartani/Gnawa_Arab_Morocco_Errachidia_(n=2),-0.319843,0.102061,0.0041485,-0.034884,0.0135405,-0.0119925,-0.031491,0.026999,0.029247,0.0225975,0.002842,-0.0023975,0.0145685,-0.018166,0.020901,-0.0125295,0.0014345,-0.0150125,-0.022437,0.004002,-0.008984,-0.03215,0.0145435,0.0027715,0.000539
Hartani/Gnawa_Berber_(Central_Atlas_Tamazight)_Morocco_Errachidia_(n=1),-0.228784,0.101553,-0.006411,-0.05491,0.032929,-0.013945,-0.034547,0.006,0.033133,0.019135,0.013316,-0.002997,0.013974,-0.014038,0.010179,-0.009944,-0.009127,-0.014696,-0.039595,0.01138,-0.007487,-0.028687,0.011339,0.006386,-0.000718
Hartani/Gnawa_Berber_(Central_Atlas_Tamazight)_Morocco_Fez-Meknes_(n=2),-0.2538255,0.112216,0.0024515,-0.0408595,0.015849,-0.013387,-0.035134,0.021461,0.02802,0.028884,0.0055215,-0.0018735,0.0213325,-0.0137625,0.0138435,-0.013856,0.003716,-0.0158995,-0.028848,0.0026265,-0.007549,-0.0244835,0.0174395,-0.002169,0.003233
Hartani/Gnawa_Berber_(Shilha)_Morocco_Ouarzazate_(n=6),-0.28076367,0.1052765,0.0073538333,-0.041559333,0.019490833,-0.019568667,-0.032783833,0.023806667,0.031156,0.0289755,0.0043031667,-0.0042711667,0.021555833,-0.012019,0.015065,-0.018076333,-0.001282,-0.014864833,-0.0310055,0.006503,-0.011771167,-0.028563667,0.018096833,-0.0015665,0.0036721667
Hartani/Gnawa_Berber_(Shilha)_Morocco_Tiznit_(n=2),-0.2629315,0.103076,0.002074,-0.044897,0.030467,-0.0179885,-0.033724,0.0200765,0.035178,0.0178595,0.0047905,-0.0081675,0.0196975,-0.01273,0.0161505,-0.0093475,0.001239,-0.0176095,-0.0281565,0.0034395,-0.014537,-0.0332625,0.0164535,-0.0083745,0.001856
Haryanvi_Backward_Class_Kurukshetra_(n=3),0.06412,-0.029789,-0.12357,0.098407333,-0.062986,0.05113,-0.0041516667,0.0073073333,0.018816,0.0029763333,-0.0057376667,0.00014966667,-0.0041626667,-0.0032113333,0.001855,-0.00013266667,0.0031726667,0.000338,1.81e-20,-0.002251,-0.000291,-0.002885,0.0057106667,-0.000241,-0.0040313333
Haryanvi_Backward_Class_Kurukshetra_o_(n=2),0.0506515,-0.0746415,-0.156505,0.1170885,-0.0677045,0.067631,0.003995,0.011884,0.039064,0.022233,-0.0049525,-0.0027725,-0.000966,-0.0001375,0.001561,-0.008022,0.002803,-0.003104,-0.000566,0.003064,0.0029945,-0.0043895,-0.001479,0.0042175,-0.00473
Haryanvi_Bania_(n=2),0.0466675,-0.0609315,-0.158579,0.1128895,-0.0730905,0.059822,0.0052875,0.015692,0.041927,0.0244195,-0.00682,-0.0017985,-0.000669,-0.001032,-0.0036645,0.0003975,0.0044985,0.000253,-0.0052165,0.0026885,-0.005865,0,0.003636,0.0057235,0.0039515
Haryanvi_Bania_Agarwal_(n=36),0.048627722,-0.061552361,-0.15296436,0.10820578,-0.076005556,0.061596056,-0.00095305556,0.011294333,0.035751861,0.021483611,-0.0066896111,0.0014653333,-0.000053694444,-0.0017012222,-0.0024731111,-0.0024013889,0.0011481111,0.00010208333,-0.00063547222,-0.0026228056,-0.00024261111,-0.0010853611,0.0025368611,0.0032231667,-0.0024680556
Haryanvi_Bania_Agarwal_o_(n=1),0.066017,-0.01828,-0.110119,0.086241,-0.06155,0.044623,0.00423,0.008307,-0.001636,0.004556,-0.008282,-0.00015,-0.00669,-0.004129,0.006786,0,-0.005737,-0.001394,0.007793,-0.004127,-0.000624,-0.000495,-0.002342,0.004097,0.004071
Haryanvi_Bania_o_(n=2),0.0722775,-0.001523,-0.103897,0.0725135,-0.067551,0.042949,0.0052875,0.0073845,-0.0017385,-0.0096585,-0.00544,-0.000075,-0.0016355,-0.011698,0.01269,0.01359,0.0011735,0.0027235,-0.004588,-0.0108175,-0.006613,-0.0019165,0.007272,0.0021085,0.002215
Haryanvi_Brahmin_(n=3),0.072467667,-0.01591,-0.10521633,0.082688,-0.073347,0.043042,0.0024283333,0.0061533333,0.003954,-0.0026726667,-0.014885667,0.002148,-0.0013873333,-0.0049543333,-0.000407,0.0099443333,0.005259,0.00029566667,0.000838,-0.004961,-0.0049496667,-0.0049046667,-0.001643,0.0030926667,-0.0031533333
Haryanvi_Chamar_(n=4),0.05321225,-0.0525535,-0.13944075,0.10755975,-0.07193625,0.05375625,-0.0008225,0.00698025,0.03113875,0.0147155,0.0002435,-0.00146125,0.0025645,-0.001617,-0.0002375,-0.00172375,0.001206,0.00114025,-0.00031425,0.0015005,0.00084225,0.00154575,0.0031735,-0.00141575,-0.002245
Haryanvi_Jat_(n=16),0.084851438,0.01820925,-0.07586375,0.08434125,-0.058377875,0.047577937,0.0015359375,0.004280875,-0.004818375,-0.01210225,-0.003523,0.00001325,-0.0017260625,-0.0084450625,0.014566312,0.0069205625,-0.0075471875,0.0007899375,-0.0002285,-0.008410625,-0.0050218125,-0.0032084375,0.0022636875,0.002016375,0.0005036875
Haryanvi_Kamboj_(n=41),0.068099537,0.017041073,-0.096248512,0.062323244,-0.065573098,0.038820268,0.0017653902,0.0040860976,-0.0068390488,-0.009151878,-0.0046578049,-0.00048612195,-0.0021682683,-0.0067703415,0.0083682927,0.010461561,-0.0019398537,0.00059017073,0.00026058537,-0.0077262927,-0.0026204146,-0.0039175366,-0.00028265854,-0.00091695122,0.0015771951
Haryanvi_Kamboj_o_(n=4),0.0600415,-0.012694,-0.1136075,0.07533975,-0.061319,0.04943325,0.0051115,0.006346,0.00710725,0.0031435,-0.006211,-0.00026225,-0.002007,-0.00289,0.0105185,0.00202225,-0.00619325,-0.00076,0.00232575,-0.011474,-0.001747,-0.003184,0.00237275,0.00072275,0.0007485
Haryanvi_Rajput_(n=4),0.06231825,-0.02818075,-0.121244,0.09649625,-0.0697055,0.05535975,0.0024675,0.00801875,0.017589,0.0122555,-0.00621125,0.00014975,-0.000223,-0.0030965,-0.0001015,0.00374575,-0.0076275,0.002724,0.00153975,-0.00831675,0.00162225,0.00182375,0.00191025,-0.00147625,-0.00062875
Haryanvi_Scheduled_Caste_(n=4),0.0466675,-0.08225775,-0.16055925,0.11361625,-0.06916675,0.0587065,-0.00505275,0.01292275,0.039882,0.03043325,-0.004628,0.0014985,-0.002304,0.00426625,-0.00610775,-0.0059995,0.00977875,0.00180525,0.00031425,0.00765975,-0.000998,-0.00046375,0.0049915,0.002892,-0.0001795
Hassanamisco_Nipmuc_(European+SSA-Mixed)_(n=5),-0.1321614,0.078955,0.0453868,0.0280442,0.0168322,0.0096998,-0.0259678,-0.0058286,-0.0079932,0.0151082,0.0001834,0.0022622,-0.0039536,-0.0039816,0.0114942,-0.0002552,-0.001943,0.0028866,0.0003184,0.0014272,0.0033774,0.0000852,-0.0004756,0.0053794,0.000729
Hatayan_Arab_Christian_Greek_Orthodox_(n=2),0.0964035,0.14976,-0.046896,-0.079061,-0.014123,-0.0269695,-0.005425,-0.0009475,-0.001224,0.0052715,0.006329,-0.005306,0.013023,0.0007105,-0.0024615,0.0036815,-0.0015335,-0.002249,-0.0038645,0.001603,-0.0012975,-0.0027415,0.00144,-0.002734,-0.000013
Hatayan_Arab_Muslim_Sunni_(n=1),0.076261,0.138112,-0.048649,-0.059755,-0.015695,-0.018128,-0.001645,-0.001385,-0.005522,0.004374,0.002923,-0.003447,0.007136,0.009358,-0.003529,-0.010209,-0.014603,0.00038,0.008422,-0.001876,-0.004492,0.000371,-0.000863,-0.00253,0.002036
Hausa_(n=4),-0.5961485,0.064486,0.013482,0.001615,0.0021545,0.004253,-0.041597,0.038306,-0.0142145,0.00519375,0.001624,0.00333475,0.013528,-0.000344,0.010586,-0.007193,0.011865,-0.0050675,0.00021975,-0.00262625,-0.0000625,-0.00204025,0.000832,-0.0040065,-0.00068875
Hawaiian_(n=8),0.0017443069,-0.3884447,-0.095742673,0.025068951,0.14369133,-0.051931661,-0.0056893725,-0.0083600442,-0.014686934,-0.013670495,0.034508903,0.0027077634,-0.002438309,-0.0032468017,0.0035071278,0.0041133596,0.00063544623,0.0027127514,0.0027672972,-0.0012771899,-0.00042981609,-0.0097896842,-0.0035327337,-0.0044609068,-0.022117734
Hazara_Afghanistan_(n=8),0.06297781,-0.17877368,-0.0012571025,-0.0002250225,-0.03943221,0.001875395,0.006310945,0.007482465,-0.009700845,-0.0039722175,-0.02167449,-0.003030085,0.0015765825,-0.004034685,0.0045919175,0.0072323175,-0.0015983825,-0.00021259,0.0013411975,-0.0015538625,-0.006202655,-0.002515345,-0.00790475,-0.001509905,0.000603195
Hazara_Afghanistan_o_(n=3),0.07095,-0.061608667,-0.047517333,0.028639333,-0.054369,0.017849,0.0040733333,0.003692,-0.017316,-0.0089293333,-0.012936667,0.0028476667,-0.000892,-0.0068813333,0.010495667,0.011756333,0.004346,0.0013933333,0.0018436667,-0.0033766667,-0.0031196667,-0.0037506667,-0.0029986667,-0.003695,-0.0022753333
Hazara_Pakistan_(n=24),0.063693458,-0.17420554,-0.00108425,-0.000282625,-0.039314958,0.0027192083,0.009654875,0.00846125,-0.011862292,-0.0038649167,-0.025880583,-0.00182975,0.002180375,-0.002190625,0.0036531667,0.0059167083,-0.0022979583,0.0011454583,0.0020845417,-0.000667,-0.007174875,-0.0028903333,-0.0037949583,-0.0019531667,0.00074345833
Hazara_Pakistan_o_(n=1),0.080814,-0.055854,-0.030547,-0.001615,-0.039084,0.001116,0.00094,0.002077,-0.016566,-0.009294,-0.012017,-0.002398,0.004014,-0.010322,0.003257,0.008618,-0.004694,0.003674,-0.008296,-0.003502,-0.002371,-0.005564,-0.001849,-0.006145,0.012095
Hema_(low_res)_(n=15),-0.50613347,0.073659667,0.0025142,-0.018260267,-0.00024626667,-0.0064888667,-0.0033214,0.0063381333,0.0418728,-0.0452918,-0.010468733,0.0093517333,-0.015133667,-0.0001468,-0.0072112,0.0015999333,-0.0038072,0.0023142667,-0.0006536,-0.0020094,-0.0040178667,-0.0011705333,0.0042642667,-0.0007712,0.0011176667
Herero_Namibia_(n=7),-0.62228729,0.065864286,0.018425,0.016011571,0.00061557143,0.0075698571,0.0014437143,0.0089335714,-0.027435429,0.017286286,0.0028534286,-0.0046458571,-0.0030368571,0.001966,-0.0051572857,0.004887,-0.0033901429,0.021790286,-0.010684571,0.0037875714,-0.0011764286,0.00045914286,0.0014964286,0.00024114286,-0.00054714286
Hezhen_(n=5),0.0295942,-0.4387086,0.0507604,-0.048773,-0.0224042,-0.01863,0.0119386,0.0130148,0.0007364,0.0122466,-0.0456314,-0.0037766,0.004876,-0.0025324,-0.0067044,-0.0039776,-0.0046678,0.0029392,0.0084722,0.0067782,0.0066382,-0.0149866,-0.0068524,0.0053982,-0.0011256
Hima_(n=2),-0.4342355,0.0812425,-0.0062225,-0.0431205,0.001385,-0.019801,-0.005405,0.0043845,0.0724015,-0.056493,-0.00682,0.006594,-0.0130075,0.001445,0.0045465,-0.011071,0.0059325,0.0049405,0.004525,0.0028135,0.0030575,-0.000495,-0.0024035,-0.0051815,0.0063465
Himachali_Brahmin_Kangra_(n=2),0.067725,-0.030466,-0.1108735,0.084303,-0.0683205,0.0483875,0.00094,0.0044995,0.006136,-0.0020045,-0.002517,0.000974,0.0019325,-0.0049545,0.0050215,-0.001525,-0.000782,-0.0031675,-0.0043365,-0.008942,0.0009985,-0.000618,0.004252,0.0018675,0.003952
Himachali_Rajput_Mandi_(n=1),0.054635,-0.136081,-0.104085,0.07106,-0.049855,0.045738,-0.00329,-0.001615,0.025156,0.016401,-0.019487,-0.003147,-0.001487,0.002064,-0.009908,0.008221,0.008475,0.000507,0.001257,-0.006128,0.003494,0.000495,-0.002835,-0.003856,0.015687
Hindustani_Muslim_(n=1),0.064879,-0.034528,-0.12445,0.077843,-0.075706,0.045738,0.00047,0.009923,0.012885,0.006925,-0.002273,0.001649,-0.000743,-0.009496,0.008007,0.008221,0.006389,0.002027,0.002388,-0.002376,-0.000749,-0.000742,-0.003328,0.000964,0.002395
Hinukh_(n=17),0.11121182,0.12096747,-0.044832941,-0.010412,-0.046995059,0.0086292353,0.0089026471,-0.0032170588,-0.065628176,-0.038387471,0.00048729412,0.0081015882,-0.016072765,-0.0056022353,0.012342647,-0.0034239412,0.0019480588,-0.0053284118,-0.0077858824,0.0068194706,0.002246,-0.00090188235,0.00015952941,0.003778,0.0026555294
Hinukh_o_(n=1),0.114961,0.108662,-0.02753,0.002584,-0.041854,0.006414,0.00705,-0.003461,-0.063607,-0.03098,-0.001786,0.007943,-0.019921,-0.00812,0.011943,0.009546,0.01369,-0.001394,0,0.003001,0.000499,0.005441,0.006779,0.00723,-0.001317
Hispano_New_Mexico_(Neomexicano)_(n=18),0.082131333,-0.00077044444,0.060324111,0.026855278,-0.0071255,-0.0070243333,-0.088008333,-0.10193117,0.011572722,0.013198,-0.0016100556,0.0021063333,-0.0056171667,-0.0025102778,0.0036668889,0.00073816667,-0.00020177778,0.00017555556,-0.0015422778,-0.00024711111,0.00047277778,0.0019066667,-0.00085355556,-0.00027655556,0.00094227778
Hispano_Texas_(Tejano)_(n=6),0.065960333,-0.0336925,0.065559333,0.033859833,-0.0184375,-0.0061988333,-0.11255283,-0.13022017,0.0075923333,0.011463167,-0.0029306667,0.0023728333,-0.0048041667,0.0011956667,0.0022773333,0.00052,0.0015793333,-0.0013126667,-0.0019453333,-0.00024816667,-0.000352,-0.00035016667,0.00035083333,-0.0004395,0.0010735
Hispano-Argentine_(n=85),0.11799714,0.15088182,0.039342082,-0.0032537412,0.041988059,-0.0025004118,-0.0033224118,0.0027702118,0.0219954,0.029129412,-0.0034506471,0.0056022353,-0.010666282,-0.0082913412,0.0075176706,-0.00057812941,-0.0023116588,-0.0009924,-0.0027449765,0.000084541176,0.0024737647,-0.0016450588,-0.00075989412,-0.00060094118,0.00070041176
Hispano-Chilean_(n=2),0.120152,0.1451385,0.0453225,0.006367,0.0450215,-0.0021665,-0.007175,-0.0018015,0.023325,0.0299795,-0.0042225,0.0057065,-0.011322,-0.006204,0.007079,-0.0016535,-0.002678,-0.0007125,-0.0022545,0.0003755,0.0034895,-0.001853,-0.001037,-0.0006105,0.0009395
Hispano-Cuban_(n=85),0.10425687,0.14521532,0.040736435,-0.0030053059,0.042195294,-0.0028612471,-0.0060668471,-0.00010275294,0.025001765,0.028786929,-0.0015662353,0.0053303176,-0.0097767176,-0.010401812,0.0083322824,-0.00012236471,-0.0028843882,-0.0011128824,-0.0032644471,-0.0002428,0.0016038824,-0.0011210235,-0.00066001176,-0.00069901176,0.00039072941
Hispano-Puerto_Rican_(n=7),0.10800614,0.145694,0.041302,-0.00020714286,0.042537143,-0.0018128571,-0.0049805714,-0.0020991429,0.023249429,0.031815286,-0.003034,0.0075104286,-0.01397,-0.011904,0.010889429,0.0017008571,-0.0024538571,-0.00019971429,-0.0023327143,-0.0021217143,0.002607,-0.0017011429,-0.0011407143,-0.0016,0.000597
Hispano-Uruguayan_(n=36),0.099923389,0.14609503,0.036748083,-0.0068491667,0.040685056,-0.0044111111,-0.0060125556,-0.00039633333,0.025448611,0.031027472,-0.0018489444,0.0058063889,-0.011959361,-0.011461139,0.0091663056,-0.000036833333,-0.0016559722,-0.00089563889,-0.0044605556,-0.0012506944,0.00053855556,-0.0030893333,0.00039188889,-0.0018314722,0.00068486111
Hmar_(n=4),0.01678875,-0.41459,-0.02734125,-0.031331,0.05254825,0.02433325,0.006874,0.0024805,0.0036815,0.007745,-0.04445375,-0.006594,0.00613225,-0.00096325,-0.008245,-0.00570125,0.00440025,-0.0037375,-0.008516,0.0078165,-0.00246425,0.02819275,0.00406675,0.00469925,0.04529525
Hmong_Thailand_(n=10),0.0198051,-0.4509966,-0.0269643,-0.0648261,0.1034963,0.0441484,0.0043945,-0.0055844,-0.0161572,-0.0059593,-0.0305289,-0.0076731,0.0060951,-0.0035094,-0.003013,-0.0001458,0.0010041,-0.0007222,-0.0069637,-0.0114679,0.0113925,0.009756,0.019658,0.0002171,0.009987
Ho_Bihar_(n=3),0.0056913333,-0.23221767,-0.17334967,0.11391233,-0.0025646667,0.067212333,-0.0057183333,0.0076153333,0.079491667,0.051269333,0.022896667,0.0038466667,-0.005302,0.016882,-0.020946333,-0.028374333,0.012734333,-0.0024913333,-0.0063686667,0.026346333,0.001747,0.019207333,-0.0058336667,0.011407,0.006626
Ho_Jharkhand_(n=5),0.005236,-0.2291034,-0.175361,0.106203,-0.002462,0.0628062,-0.008178,0.0129688,0.077719,0.0482926,0.0175706,0.0024578,-0.001338,0.0155238,-0.0213624,-0.0267832,0.0087616,-0.0024578,-0.0070644,0.0296392,0.0005242,0.0200318,-0.0072468,0.009447,0.0055322
Ho_Madhya_Pradesh_(n=18),0.0054382778,-0.22747867,-0.17473239,0.11001839,-0.0042399444,0.065136444,-0.0064104444,0.011755944,0.079128,0.0495885,0.022184167,0.0049122778,-0.0044516667,0.013456444,-0.02259,-0.023681889,0.013683111,-0.0042017222,-0.0040014444,0.028444222,-0.00025644444,0.018809111,-0.0062172778,0.010851444,0.0059408889
Ho_Odisha_(n=22),0.0060015909,-0.22493977,-0.17224141,0.11106891,-0.0089107727,0.065615364,-0.0062703636,0.013929409,0.078025909,0.050504227,0.019353727,0.0040462273,-0.0048384091,0.013167864,-0.020672545,-0.024047,0.014342273,-0.0022285909,-0.0042566364,0.027103864,0.0015824091,0.018042045,-0.0067225909,0.010138182,0.0066134091
Honduran_Mestizo_(n=17),0.021670588,-0.025514118,0.061925118,0.032748412,-0.016781,-0.0065472941,-0.11138835,-0.12271253,0.0048292941,0.012495882,-0.0025721765,0.0013402941,-0.0043697059,0.0031374706,0.0010041765,0.00053035294,0.0025375294,-0.00011582353,-0.00067523529,-0.00020482353,-0.00019335294,0.00035741176,-0.00036152941,-0.00050070588,0.0016621765
Hopi_(n=6),0.055141,-0.3180475,0.11009717,0.080989333,-0.10910783,-0.0218085,-0.22886867,-0.27223367,-0.0088793333,-0.015872167,0.0069436667,-0.0034026667,0.0035011667,0.0104405,-0.012848833,0.00059433333,0.0055086667,0.0037103333,0.007798,0.0029005,0.0018305,-0.0029735,0.0000031666667,0.0031031667,0.0049121667
Houma_(European+SSA-Mixed)_(n=6),0.057992,0.040706833,0.065935,0.044099167,0.0036896667,0.0066516667,-0.057171167,-0.0618785,-0.0013891667,0.003014,-0.0020633333,0.00065333333,-0.0054123333,-0.0033743333,0.006711,0.0013455,-0.00041666667,0.0025003333,0.00095616667,-0.0001155,-0.0011945,0.0045516667,-0.0011913333,0.0049256667,-0.0021345
Htin_Mal_(n=10),0.0080815,-0.4141329,-0.0659959,-0.0436696,0.1374717,0.0651211,-0.0077082,-0.0061613,-0.0080174,-0.0110798,0.058135,0.006759,-0.0089939,0.0037847,0.0040715,-0.0030097,0.005711,-0.0031291,-0.0016717,0.012581,-0.0135761,0.0177442,-0.0004808,0.002711,0.0350507
Huambisa_(n=5),0.056684,-0.320704,0.1171336,0.0995486,-0.1112208,-0.0191874,-0.305608,-0.3659386,-0.015462,-0.0173122,-0.0032478,-0.0000898,0.0004756,0.0253776,-0.009962,0.0016174,0.005398,-0.0011148,-0.002087,-0.0031016,0.0020462,0.0089524,-0.0029578,-0.0013736,-0.0024428
Hui_Anhui_(n=1),0.026179,-0.436678,-0.003394,-0.061693,0.054779,0.026774,0.003525,0.003,-0.013499,0.001822,-0.069665,-0.005695,0.012785,-0.008533,-0.011672,-0.006099,-0.003129,0.002914,-0.001634,-0.009129,0.005366,0.006925,0.016762,0.001205,0.007424
Hui_Gansu_(n=21),0.030949,-0.38643314,0.005423381,-0.048957571,0.032137714,0.016799857,0.0056737619,0.001835,-0.01012881,0.0011280476,-0.061173952,-0.0087635714,0.010066429,-0.0037879524,-0.0053770476,0.00027780952,-0.0001427619,0.00045857143,-0.0042138571,-0.0035195714,0.0041475238,0.0094447619,0.008017,0.00068295238,0.0072647143
Hui_Gansu_o_(n=3),0.026179667,-0.427538,0.010056667,-0.061800667,0.045034,0.020452,0.0046216667,0.0023843333,-0.013089333,0.002855,-0.073345333,-0.005745,0.0075816667,-0.0096333333,-0.009998,0.0023423333,0.0030423333,-0.00038,-0.0051956667,-0.0051693333,0.0075283333,0.009027,0.0080936667,-0.000201,0.0053486667
Hui_Guizhou_(n=45),0.026305756,-0.40578302,-0.0038214889,-0.054594178,0.054560533,0.026903689,0.0036869556,0.00052304444,-0.013875778,0.0013566889,-0.0522458,-0.0072868889,0.0082225556,-0.0059514889,-0.0060802667,-0.0011255333,-0.0021180889,-0.0005884,-0.0023575778,-0.0063808222,0.0075450222,0.0094306667,0.010265244,0.0010309556,0.0075335333
Hui_Heilongjiang_(n=2),0.0307325,-0.3874245,0.0056565,-0.0583015,0.0447775,0.021056,0.0047,-0.0021925,-0.0123735,0.0058315,-0.0638185,-0.0092165,0.0120415,-0.0001375,-0.0030535,-0.004309,0.0004565,0.0002535,-0.004525,-0.007691,0.0049915,0.001546,0.004622,-0.0022895,-0.0001795
Hui_Ningxia_(n=2),0.027181,-0.4013475,0.006326,-0.0549965,0.0407945,0.018051,0.005718,0.0008835,-0.0109695,0.0016035,-0.0663275,-0.007987,0.009855,-0.0086005,-0.007551,-0.0024115,0.0009885,0.001759,-0.0028015,-0.0063575,0.0109325,0.0032435,0.004887,0.001154,-0.002872
Hui_Shaanxi_(n=1),0.023903,-0.398088,-0.006788,-0.055556,0.04924,0.021475,0.004935,-0.003461,-0.000409,-0.001093,-0.056024,-0.006444,0.006987,-0.002615,-0.002036,-0.002387,-0.010561,0.00114,-0.004399,-0.015507,0.014474,0.004699,0.014173,0.000964,0.00012
Hui_Shandong_(n=1),0.043253,-0.361528,0.00528,-0.057494,0.024928,0.021196,0.001175,-0.002769,-0.012476,0.003098,-0.063819,-0.006744,0.00773,-0.006744,-0.001493,0.004773,-0.002477,0.00038,-0.004902,-0.009129,0.011355,0.012984,0.011339,0.000241,-0.000359
Huichol_(n=1),0.053497,-0.311768,0.115776,0.102068,-0.110482,-0.010877,-0.270497,-0.324217,-0.012476,-0.020593,-0.002111,-0.0003,0.003122,0.022432,-0.011129,0.000265,0.008084,0.00076,0.005656,-0.001876,0.000873,0.003462,-0.004437,0.004699,0.008143
Hungarian_(n=23),0.126789,0.12839822,0.054207043,0.036695609,0.034293913,0.01360513,0.0075916957,0.0081066957,0.0012093043,-0.0048095217,-0.0018286087,-0.0021177391,0.0038198696,0.0083949565,-0.0048151739,0.0011990435,0.0027266087,-0.00047926087,0.0028856087,-0.00029904348,-0.0032768696,0.00069873913,0.0055462174,0.0021636957,0.0012286522
Hungarian_Alfold_North_(n=73),0.13316528,0.13401446,0.057672792,0.039133156,0.037054167,0.015540333,0.0073597551,0.0081860145,0.000027747945,-0.0058745195,-0.0037725756,-0.002049191,0.0036475819,0.015217663,-0.006070309,-0.0010717901,0.0027362548,-0.0001543011,0.0049406666,0.00021070822,-0.00084532192,-0.0035970663,0.0023727162,0.0012615011,0.00049276041
Hungarian_Alfold_South_(n=57),0.1334796,0.13425314,0.05921307,0.039336632,0.037659421,0.015775702,0.0071163333,0.0081429298,0.00093136842,-0.0051654561,-0.0036229825,-0.0019480877,0.003706614,0.014642228,-0.0058795088,-0.00077914035,0.0026484561,-0.00022824561,0.0048432281,-0.00024338596,-0.0010950351,-0.003713614,0.0022863684,0.0008025614,0.000052824561
Hungarian_Central_Hungary_and_Budapest_(n=121),0.13325041,0.13619526,0.057114711,0.036978,0.037307479,0.015100438,0.0069091405,0.0075892149,0.00062364463,-0.0034693223,-0.0038044876,-0.00097155372,0.0016819835,0.013052322,-0.0041938843,-0.00047061983,0.0021395289,0.000095719008,0.0049997851,-0.000070413223,-0.0002352314,-0.0034620248,0.0019619421,0.0017726529,0.00027345455
Hungarian_Csango_(n=6),0.1292265,0.130919,0.047233667,0.025282333,0.029398667,0.010213667,0.006909,0.008135,0.00092883333,-0.002458,-0.000623,-0.0015738333,0.003762,0.0070981667,-0.0085291667,0.00015416667,0.0032531667,-0.0010041667,0.0034858333,-0.0033758333,-0.0052208333,0.0003865,0.0010776667,-0.00055466667,-0.0017166667
Hungarian_Northern_Hungary_(n=49),0.13486884,0.1353759,0.061506837,0.042891429,0.039279959,0.017386224,0.007799449,0.0088943673,0.00042871429,-0.0069755102,-0.0043195102,-0.0025043265,0.0045942857,0.017566612,-0.0068502449,-0.001013102,0.0030828571,-0.000048653061,0.0056927755,0.00036018367,-0.0011727143,-0.0045873673,0.0027137347,0.0016225918,0.0001175102
Hungarian_Slovakia_Central/East_(n=12),0.13374467,0.13446017,0.063285083,0.043592333,0.040063083,0.0173545,0.0069641667,0.008502,0.00151575,-0.0068698333,-0.0039839167,-0.0036508333,0.0050094167,0.018415417,-0.0071705833,-0.0014826667,0.00304825,0.00051666667,0.0054720833,0.00009575,-0.0012466667,-0.0053153333,0.00335775,0.0013265,0.00092375
Hungarian_Slovakia_West_(n=9),0.13361378,0.134771,0.056565444,0.037875333,0.036343778,0.015145444,0.0073533333,0.008674,0.0016545556,-0.0028904444,-0.002985,-0.00079866667,0.0018738889,0.010508444,-0.0049565556,-0.00088566667,0.0018033333,-0.000404,0.0044726667,-0.001236,-0.001882,-0.0015547778,0.0016374444,0.00078511111,-0.00022255556
Hungarian_Southern_Transdanubia_(n=29),0.13382397,0.13677521,0.057207448,0.036460897,0.037371414,0.014887655,0.0070715517,0.007766069,0.00071455172,-0.002211931,-0.0036700345,-0.00013196552,0.00034903448,0.011286897,-0.0041204483,-0.00056834483,0.0023481379,-0.000028655172,0.004979,-0.00047786207,-0.0007097931,-0.0026318621,0.0014339655,0.0016191034,-0.00010068966
Hungarian_Szekely_(n=52),0.12919098,0.12914431,0.048638538,0.027975077,0.030846962,0.010979288,0.0062893462,0.0064787115,-0.00087169231,-0.0019671923,-0.00259425,-0.00028663462,0.00055540385,0.0082672308,-0.0045089808,-0.00068119231,0.0023094808,-0.00033498077,0.0033705962,-0.0008815,-0.0020162692,-0.00089476923,0.0011851731,0.0012326346,-0.00091325
Hungarian_Transylvania_and_Partium_(n=20),0.13170655,0.13401505,0.05219595,0.03078145,0.03406315,0.0127678,0.0067211,0.00760225,0.00034735,-0.0026305,-0.002729,-0.00124475,0.00223485,0.0119686,-0.00687035,-0.0009087,0.00336895,-0.0002728,0.00449145,-0.0009908,-0.0020368,-0.0026911,0.001939,0.0006306,-0.00054355
Hungarian_Vojvodina_and_Banat_(n=9),0.13416844,0.13259722,0.060215556,0.041929444,0.038722889,0.015594111,0.0072634444,0.0081763333,0.00041333333,-0.0052585556,-0.0039267778,-0.0015296667,0.0027854444,0.014811444,-0.005642,-0.0015378889,0.0027492222,-0.00045288889,0.0046048889,0.00052811111,-0.00040844444,-0.0033692222,0.0023148889,0.001394,0.00080366667
Hungarian_Western/Central_Transdanubia_(n=108),0.13303219,0.13659458,0.057235111,0.037215667,0.037906417,0.015288556,0.0068054352,0.0077126019,0.0011478704,-0.0028230741,-0.0039645741,-0.00089876852,0.00097248148,0.012832731,-0.0034298333,-0.00052911111,0.0017981481,0.00022397222,0.0050451019,0.00021174074,0.000029111111,-0.0035469537,0.0019320648,0.0020656204,0.00038682407
Hunzib_(n=17),0.11335435,0.11320165,-0.034229235,0.001026,-0.041346941,0.012189176,0.0092344706,-0.004778,-0.064882118,-0.039673882,-0.0023116471,0.0091771176,-0.014796118,-0.0086782941,0.015144706,-0.0038450588,0.0031981765,-0.00044711765,-0.0067949412,0.0058852941,0.0057911765,0.0015638235,0.0024575882,0.0063721176,-0.0038318824
Hutu_Burundi_(n=1),-0.570254,0.067025,0.008297,-0.001938,0.004924,0.002231,-0.003995,0.011999,0.003272,-0.008383,-0.001299,0.005695,-0.010704,-0.00055,-0.015336,0.011668,-0.007823,0.004434,-0.004148,0.002626,-0.003119,-0.002597,0.002342,0.000843,-0.001197
Iban_(low_res)_(n=25),0.00956112,-0.41218296,-0.07098932,-0.04064632,0.14586112,0.06259424,-0.00365672,-0.01355024,-0.01643556,-0.01936076,0.07957692,0.0059826,-0.0085866,-0.00025864,0.00681856,0.00318216,-0.00548652,-0.00192568,0.0025542,0.00023016,-0.01019708,-0.008354,-0.00958372,-0.00443428,-0.00811892
Icelandic_(n=12),0.13269867,0.13362667,0.067819,0.056309667,0.039366333,0.022961917,0.0033488333,0.0085188333,0.0026418333,0.000060666667,-0.0054805833,0.00517025,-0.0063675,-0.0090830833,0.0230725,0.0052924167,-0.011690917,0.0019109167,0.0017389167,0.0038873333,0.0092545,0.00280275,-0.00084216667,0.014017917,0.00082825
Igbo_(n=4),-0.6302955,0.0616935,0.021307,0.016796,0.0007695,0.0124805,-0.0360155,0.04372875,-0.046836,0.03366825,0.00495275,-0.000824,0.018211,0.00313075,0.00475025,-0.00543625,0.00668225,0.00392725,0.003771,-0.001032,-0.00034325,0.000371,-0.00320475,0.0000605,-0.00074825
Igorot_Kankanaey_(n=21),0.018157524,-0.44567243,-0.044697714,-0.067906905,0.14320619,0.064224571,-0.0031892857,-0.01749381,-0.028682048,-0.021972476,0.049327381,0.0039607143,-0.0064914762,-0.0038664762,0.013067952,0.0074755714,-0.0052961905,0.0064912381,0.011947333,-0.016650857,0.0048247619,-0.034952524,-0.002570619,-0.0083314286,-0.070606619
Ilocano_(n=1),0.010244,-0.4316,-0.055814,-0.053295,0.137256,0.061077,-0.004465,-0.009461,-0.018407,-0.014032,0.042871,0.004046,-0.004014,-0.00578,0.012486,0.010077,-0.005607,0.004941,0.007416,-0.008629,0.004617,-0.029182,-0.000739,-0.006989,-0.051253
Indian_South_(n=27),0.035748852,-0.097378037,-0.17262352,0.11392419,-0.068525593,0.062574815,-0.0031594444,0.012546407,0.051441481,0.032620259,-0.00057744444,0.00049403704,-0.0012057778,0.0050666667,-0.00849,-0.0059321481,0.0069633704,0.000032814815,-0.00033055556,0.0048865926,0.0050604815,0.0024409259,0.00033774074,0.0039495556,-0.0039207037
Indo-Belizean_(n=4),-0.08111025,-0.06335175,-0.0634295,0.07415375,-0.0298215,0.03910625,-0.0325395,-0.014587,0.0189855,0.0208835,-0.00249,-0.0003075,0.0002055,0.00497475,-0.0031205,-0.0019225,0.00050425,0.00034025,-0.00060125,0.00298475,0.00222025,0.00147775,0.00055575,0.003015,0.0024205
Indo-Guyanese_(n=8),0.04340225,-0.098319625,-0.16988625,0.11802288,-0.0680825,0.066473875,-0.0032465,0.013710875,0.04796675,0.031444625,-0.002520875,0.0017185,-0.00046275,0.005521625,-0.0089945,-0.008526875,0.005270125,-0.0013925,-0.00058675,0.005384125,0.004956375,0.001499875,0.000969875,0.003752625,-0.001708625
Indo-Trinidadian_(n=3),0.044011667,-0.081581,-0.15160267,0.10680633,-0.071603,0.064981667,-0.00141,0.010768667,0.048540667,0.026485,-0.0023273333,0.0028473333,-0.0041623333,0.00082566667,-0.0045243333,-0.0015026667,0.011213,-0.0031673333,-0.004274,0.004544,0.0028283333,-0.000041333333,0.00049333333,0.0054623333,-0.0024746667
Indonesian_Jakarta_(Java/Bali_Profile)_(n=56),0.010081518,-0.40519623,-0.078178518,-0.033280536,0.14297723,0.065175714,-0.006622125,-0.011092911,-0.0094957679,-0.017631375,0.082913786,0.0082400179,-0.010177982,0.0059816786,0.0064273036,0.00023673214,-0.00092664286,-0.0012578571,0.0022625357,0.0098707679,-0.01612775,0.0018261071,-0.011545696,0.0014351607,0.017288786
Ingrian_(n=20),0.13027055,0.08733565,0.0895096,0.07737465,0.0305595,0.02359415,0.01023465,0.0160147,0.0015851,-0.0275814,0.00466865,-0.0089096,0.0183745,0.01111295,-0.0040988,0.0021812,-0.0017798,-0.0003547,-0.00010675,0.00228235,0.0035875,-0.00142195,0.00465885,-0.00004225,0.0024129
Ingush_(n=10),0.1107497,0.0994204,-0.0294531,-0.0154394,-0.0349603,0.0000557,0.0093062,-0.0044768,-0.0567964,-0.0284653,0.0000975,0.0083024,-0.0154904,-0.0019817,0.0112104,-0.0138424,0.0009909,-0.0021789,-0.0069511,0.014457,0.0055902,0.0029429,0.0020827,0.0002772,-0.0002156
Inuit_Alaska_(n=6),0.050857167,-0.35031467,0.1217475,0.044449667,-0.119458,-0.043581667,-0.10656633,-0.12450683,0.00412,-0.0083283333,0.036597833,0.00096916667,0.00011733333,-0.002656,-0.011518833,-0.0017916667,0.0015188333,0.0071815,0.015868,0.0033501667,0.011197833,-0.014465667,0.013813,0.0069848333,0.004976
Inuit_Nunavut_(n=6),0.050527167,-0.35341017,0.12272133,0.043196667,-0.1211595,-0.046543167,-0.098810833,-0.11475383,0.0053338333,-0.0077896667,0.038223333,0.0010935,0.000435,-0.0036991667,-0.012315333,-0.0024235,0.0015363333,0.0070206667,0.016018667,0.0032811667,0.011801333,-0.014725167,0.014556,0.0070446667,0.0051255
Iranian_Arab_Khuzestan_(n=8),0.051220375,0.11361225,-0.063450625,-0.05176075,-0.031352,-0.012933625,-0.003055,-0.0026825,-0.00086925,-0.007654125,0.0023545,-0.00745575,0.016333875,0.000292375,0.00179825,0.01284475,-0.010773,0.0012195,0.001492875,-0.001704,0.00090475,0.00245775,-0.000184875,-0.003147875,0.001407125
Iranian_Jew_(n=15),0.091969067,0.13134187,-0.064814467,-0.063954,-0.0314724,-0.016882133,0.0015196667,-0.0046614,-0.011957867,-0.0019926,0.0064198667,-0.0040464,0.012110867,0.0017982667,-0.0023705333,0.007151,-0.010065733,0.0031757333,0.0063100667,-0.010971933,0.00080686667,-0.0013765333,-0.0037466667,-0.002916,0.0021953333
Iraqi_Arab_(Arabian-Mixed_Profile)_(n=6),0.043289667,0.12509733,-0.060348333,-0.076614,-0.023557333,-0.0276305,-0.0061958333,-0.007019,0.019189167,-0.0064283333,0.0071336667,-0.016376667,0.0303675,0.0012421667,-0.0005715,0.013988833,-0.012474,0.0039006667,0.001528,0.008139,0.0041551667,0.0039055,-0.0035138333,0.0016271667,-0.0022175
Iraqi_Arab_(Irano-Mesopotamian_Profile)_(n=4),0.0808705,0.1148405,-0.0678985,-0.05519725,-0.037684,-0.01240475,0.00167625,-0.00536525,-0.02067,-0.0046905,0.006233,-0.001813,0.00729675,-0.000247,-0.0028805,0.01244375,0.0004875,0.000265,0.00328925,-0.006294,0.00365525,-0.00344825,-0.00312075,-0.0065165,0.00390325
Iraqi_Arab_(Mesopotamian_Arab_Profile)_(n=35),0.053215571,0.117888,-0.063921629,-0.0620456,-0.029754229,-0.019051314,-0.0036075714,-0.0047019143,0.0017449714,-0.0053859714,0.0053595714,-0.0094583714,0.017944371,-0.0012735714,0.0011832,0.014665686,-0.0034811429,0.0023032286,0.0017376,-0.00078185714,0.0034956857,0.00021537143,-0.0027544,-0.0010424,0.0016204857
Iraqi_Arab_(Mesopotamian_Pre-Islamic_Profile)_(n=5),0.07916,0.12996,-0.06314,-0.06938,-0.03206,-0.01918,0.00268,-0.00938,-0.01462,-0.00164,0.0065,-0.00364,0.00942,-0.0006,-0.00446,0.003,-0.00504,-0.0013,-0.00036,-0.00524,0.0021,-0.00008,-0.00492,-0.00844,-0.00018
Iraqi_Arab_(South_Asian+Afro-Arab-Mixed)_(n=2),0.048375,0.101553,-0.0646765,-0.0340765,-0.0324675,-0.005578,-0.0041125,-0.0047305,-0.0118625,-0.003918,0,-0.0083925,0.013231,-0.0004815,0.0031215,-0.0021875,-0.015842,0.0044975,0.0047765,-0.0045025,0.0008735,0.00136,-0.0036355,-0.003012,-0.0044305
Iraqi_Arab_(Syrio-Mesopotamian_Arab_Profile)_(n=21),0.071138286,0.11631948,-0.056237762,-0.055052048,-0.029465,-0.017045,-0.00052404762,-0.0037483333,-0.0075579048,-0.0051014286,0.0040134762,-0.0051608095,0.009688619,0.000358,0.0016946667,0.0066806667,-0.0049994286,0.001103381,0.0020891905,-0.0023043333,0.0012751429,0.0014510952,0.000027666667,-0.0010621429,0.00086990476
Iraqi_Arab_Al-Qadisiyyah_(Arabian-Mixed_Profile)_(n=1),0.0461,0.1282,-0.0577,-0.0753,-0.0213,-0.0283,-0.0083,-0.0045,0.0159,-0.0063,0.0074,-0.0168,0.0266,-0.0029,0.0018,0.0143,-0.0038,-0.0018,-0.0006,0.0062,0.0042,0.003,-0.001,-0.0008,-0.0024
Iraqi_Arab_Al-Qadisiyyah_(Mesopotamian_Arab_Profile)_(n=2),0.04595,0.11955,-0.06235,-0.06775,-0.0263,-0.0238,-0.00505,-0.0031,0.00555,-0.00485,0.0095,-0.0082,0.01755,-0.00015,0.0025,0.00945,-0.00365,0.00015,0.00175,-0.0021,0.0025,-0.00085,-0.0003,-0.00235,0.00305
Iraqi_Arab_Anbar_(Mesopotamian_Arab_Profile)_(n=1),0.0506,0.1132,-0.0577,-0.0511,-0.0317,-0.0134,-0.001,-0.0015,-0.0003,-0.0024,0.0029,-0.0056,0.0111,-0.0029,0.0056,0.0172,0.0018,-0.0025,-0.0003,-0.0024,-0.0012,0.0021,0.0001,0.0016,0.0067
Iraqi_Arab_Anbar_(Mesopotamian_Pre-Islamic_Profile)_(n=1),0.0777,0.1242,-0.0655,-0.0692,-0.0355,-0.0178,0.0018,-0.0098,-0.0172,-0.0035,0.0058,-0.0026,0.01,-0.0004,-0.005,0.0072,-0.0014,-0.0007,0.0008,-0.0051,0.0046,-0.0011,-0.0045,-0.0098,0.0014
Iraqi_Arab_Anbar_(Syrio-Mesopotamian_Arab_Profile)_(n=5),0.0722664,0.1288534,-0.060178,-0.0664556,-0.0275806,-0.0184418,-0.001651,-0.0055016,-0.0073388,-0.001384,0.0049064,-0.00304,0.0108668,0.0006982,-0.0001556,0.0027308,-0.0096246,0.0026218,0.0034172,-0.0055568,-0.000997,-0.0010254,-0.0008476,-0.0020972,-0.0003068
Iraqi_Arab_Babylon_(Arabian-Mixed_Profile)_(n=2),0.04175,0.1262,-0.0581,-0.0789,-0.0212,-0.02895,-0.01125,-0.00535,0.0151,-0.00265,0.01045,-0.0125,0.0236,0.00095,0.0014,0.0091,-0.00415,0.0001,-0.00115,0.0061,0.0022,0.00165,-0.00225,-0.0018,0.0001
Iraqi_Arab_Babylon_(Irano-Mesopotamian_Profile)_(n=1),0.0782,0.1145,-0.0641,-0.0603,-0.0352,-0.0136,0.0005,-0.0097,-0.0193,-0.0063,0.0047,-0.0022,0.0073,-0.0044,-0.0043,0.0112,0.0046,-0.0018,0.0009,-0.0058,0.0042,-0.0036,-0.0028,-0.0087,0.0009
Iraqi_Arab_Babylon_(Mesopotamian_Arab_Profile)_(n=3),0.0611,0.12086667,-0.066033333,-0.0665,-0.034566667,-0.0208,-0.0038333333,-0.0073666667,-0.0058666667,-0.0044,0.0073333333,-0.0061666667,0.014,0.00016666667,-0.00046666667,0.012733333,-0.0008,0.0010333333,0.0034333333,-0.0052,0.0044666667,-0.0047666667,-0.0033,-0.0065,0.0040666667
Iraqi_Arab_Babylon_(Mesopotamian_Pre-Islamic_Profile)_(n=1),0.082,0.1186,-0.0661,-0.0636,-0.0373,-0.0132,0.0032,-0.009,-0.02,-0.0044,0.005,-0.0036,0.0071,-0.002,-0.0036,0.0063,-0.0066,-0.0006,0.0024,-0.008,0.0061,-0.0031,-0.005,-0.011,0.0028
Iraqi_Arab_Babylon_(Syrio-Mesopotamian_Arab_Profile)_(n=3),0.063567667,0.114362,-0.052616,-0.054139667,-0.029696667,-0.016232333,-0.0010966667,-0.003977,-0.0061646667,-0.0071446667,0.005685,-0.0047656667,0.012314,0.0010466667,0.0013046667,0.0043363333,-0.011129667,0.0027003333,0.0032396667,-0.003651,0.00065933333,-0.000942,-0.000783,0.00076033333,0.003469
Iraqi_Arab_Baghdad_(Irano-Mesopotamian_Profile)_(n=9),0.073842111,0.10921544,-0.062999889,-0.052451667,-0.036119556,-0.011374111,0.000975,-0.0055298889,-0.015697778,-0.0064852222,0.0036442222,-0.0041325556,0.0070436667,0.00023377778,0.00097144444,0.0079946667,-0.0045948889,-0.000078555556,0.00080388889,-0.0054113333,0.0020407778,-0.0012181111,-0.0018908889,-0.0044802222,0.0024174444
Iraqi_Arab_Baghdad_(Mesopotamian_Arab_Profile)_(n=13),0.056470077,0.11788962,-0.065948308,-0.061012385,-0.033487077,-0.017667231,-0.0036365385,-0.0053745385,-0.0063587692,-0.0056386154,0.0061422308,-0.0064905385,0.014033615,-0.00025253846,0.00091876923,0.013076923,-0.00080861538,0.0011252308,0.0028184615,-0.0035559231,0.00351,-0.0026403077,-0.0020043077,-0.0044032308,0.0037434615
Iraqi_Arab_Baghdad_(Mesopotamian_Pre-Islamic_Profile)_(n=6),0.076616667,0.12766667,-0.064233333,-0.0641,-0.035633333,-0.016783333,0.0036333333,-0.0065166667,-0.018633333,-0.0027666667,0.0059833333,-0.0038666667,0.0061166667,0.0017666667,-0.0016333333,0.00016666667,-0.0075833333,-0.00053333333,0.00016666667,-0.0067833333,0.0018833333,-0.0003,-0.00455,-0.00615,0.0003
Iraqi_Arab_Baghdad_(Syrio-Mesopotamian_Arab_Profile)_(n=15),0.07168,0.11766,-0.057053333,-0.059713333,-0.03124,-0.01486,-0.00006,-0.00494,-0.010673333,-0.0041266667,0.0040266667,-0.00442,0.00852,0.00046,-0.000013333333,0.0052133333,-0.0056666667,0.00064666667,0.00056,-0.00384,0.0014066667,-0.00056,-0.00302,-0.0033466667,0.00172
Iraqi_Arab_Basra_(Afro-Arab-Mixed)_(n=2),-0.0213795,0.1057,-0.0596185,-0.0490595,-0.0346225,-0.0129355,-0.0064175,-0.001392,-0.000307,-0.006469,0.0051235,-0.008096,0.016175,-0.00233,0.0083285,0.0182695,-0.004716,0.001134,-0.00415,-0.003701,0.0011235,-0.006428,0.001758,-0.00629,0.004479
Iraqi_Arab_Basra_(Arabian-Mixed_Profile)_(n=2),0.055206,0.1320285,-0.0612595,-0.0860065,-0.0159325,-0.0344995,-0.011448,-0.007327,0.0302645,-0.004656,0.006412,-0.0198665,0.0373935,0.0018035,0.005136,0.0200485,-0.0075235,0.0038475,0.0003385,0.0130145,0.0038605,0.0099235,-0.001142,-0.000188,-0.0026585
Iraqi_Arab_Basra_(Mesopotamian_Arab_Profile)_(n=8),0.04955875,0.11437137,-0.064831875,-0.055841125,-0.03128925,-0.014645125,-0.0016075,-0.004100875,-0.004243125,-0.006721625,0.00572075,-0.0071655,0.01415525,-0.000829625,0.001466125,0.01097475,-0.005105375,0.000965,0.003557625,-0.0031,0.001880125,-0.003323,-0.001324375,-0.00333375,0.002816875
Iraqi_Arab_Basra_(Syrio-Mesopotamian_Arab_Profile)_(n=2),0.0606,0.11455,-0.0552,-0.0512,-0.0303,-0.0103,0.0001,-0.00105,-0.0101,-0.00815,0.004,-0.0044,0.00725,-0.0031,0.00345,0.01035,-0.0009,-0.00015,-0.0005,-0.0011,0.00245,-0.0033,-0.0015,-0.00155,0.00455
Iraqi_Arab_Dhi_Qar_(Arabian-Mixed_Profile)_(n=9),0.037834722,0.12695873,-0.0585494,-0.082148944,-0.021576622,-0.032275444,-0.0085976222,-0.0067731111,0.023513467,-0.0068999778,0.010351944,-0.017341356,0.033139689,-0.0012874222,0.0035435556,0.016334911,-0.0080038222,0.0004172,-0.00058242222,0.011910489,0.0048456,0.0034456111,-0.0031310556,0.00018894444,-0.0024036889
Iraqi_Arab_Dhi_Qar_(Mesopotamian_Arab_Profile)_(n=9),0.048691111,0.12024978,-0.063525667,-0.062927333,-0.029738222,-0.020410111,-0.0052116667,-0.0052136667,0.0012176667,-0.005324,0.0069673333,-0.0080106667,0.016735333,-0.0029295556,0.0016944444,0.013487889,-0.0021711111,0.00082,0.00096055556,-0.0025026667,0.002042,-0.0022314444,-0.0018653333,-0.0021951111,0.0028137778
Iraqi_Arab_Dhi_Qar_(Mesopotamian_Arab_Profile)_Marsh_Arab_(n=5),0.0484,0.11864,-0.06498,-0.06042,-0.03152,-0.01958,-0.00328,-0.00312,-0.00112,-0.00576,0.00748,-0.00872,0.01612,-0.00204,0.00276,0.01512,-0.00154,0.00084,0.00244,-0.003,0.00298,-0.00204,-0.00154,-0.00322,0.00502
Iraqi_Arab_Dhi_Qar_(South_Asian-Mixed)_(n=1),0.0685,0.1034,-0.0856,-0.0573,-0.04,-0.0125,0.0003,-0.0098,-0.0078,0.0016,0.0074,-0.0041,0.0126,-0.0016,-0.0088,0.0093,0.0021,-0.0028,0.0009,-0.0044,0.0075,-0.0026,-0.0035,-0.0124,0.0018
Iraqi_Arab_Diyala_(Mesopotamian_Arab_Profile)_(n=3),0.0562,0.11386667,-0.0665,-0.0636,-0.0319,-0.017133333,-0.0017666667,-0.0050666667,-0.0041666667,-0.0023333333,0.0070666667,-0.0051666667,0.012533333,-0.00066666667,-0.00046666667,0.0096333333,-0.00043333333,-0.000066666667,0.0034666667,-0.0041666667,0.0042666667,-0.0026666667,-0.0011,-0.0080666667,0.0038
Iraqi_Arab_Diyala_(Syrio-Mesopotamian_Arab_Profile)_(n=3),0.069233333,0.11446667,-0.056766667,-0.057566667,-0.0322,-0.015033333,-0.0013666667,-0.0051666667,-0.0096666667,-0.0051666667,0.0031,-0.0041333333,0.010633333,0.0011,-0.00056666667,0.0091666667,-0.0049333333,0.00053333333,0.00063333333,-0.0035333333,0.0022333333,-0.00033333333,-0.0024666667,-0.0036333333,0.00086666667
Iraqi_Arab_Karbala_(Mesopotamian_Arab_Profile)_(n=6),0.06365,0.12121667,-0.071033333,-0.066633333,-0.0373,-0.018783333,-0.0010833333,-0.0064166667,-0.011833333,-0.0038833333,0.0069166667,-0.0048666667,0.0107,0.00021666667,-0.0014166667,0.011633333,-0.00018333333,-0.00071666667,0.00415,-0.0061833333,0.0046,-0.0036333333,-0.00195,-0.0070166667,0.0037333333
Iraqi_Arab_Karbala_(Mesopotamian_Pre-Islamic_Profile)_(n=1),0.0743,0.1271,-0.0645,-0.0691,-0.0326,-0.0183,0.0015,-0.0082,-0.0137,-0.0015,0.0063,-0.0039,0.0092,0.0001,-0.004,0.0045,-0.0025,-0.0006,-0.0004,-0.0047,0.0027,-0.0002,-0.0044,-0.0067,0.0014
Iraqi_Arab_Karbala_(Syrio-Mesopotamian_Arab_Profile)_(n=2),0.073128,0.1194775,-0.0549155,-0.0537205,-0.0292565,-0.0116855,0.002255,-0.0041615,-0.012386,-0.002029,0.006672,-0.0044475,0.0107765,0.0014315,0.0005465,0.003045,-0.0048695,-0.00088,-0.0020055,-0.005864,0.0011465,-0.001189,0.0020615,-0.0024625,-0.0021245
Iraqi_Arab_Kirkuk_(Mesopotamian_Arab_Profile)_(n=2),0.06315,0.12145,-0.0638,-0.0683,-0.0348,-0.02055,-0.0023,-0.00615,-0.00735,-0.0049,0.00555,-0.00665,0.0125,0.00085,-0.00045,0.011,-0.00355,-0.0003,0.00465,-0.0054,0.0057,-0.00265,-0.0029,-0.00575,0.00205
Iraqi_Arab_Kirkuk_(Syrio-Mesopotamian_Arab_Profile)_(n=1),0.07,0.1241,-0.0497,-0.0527,-0.0199,-0.0115,-0.0041,0.001,-0.004,-0.0012,0.0026,-0.0056,0.0104,-0.0038,0.002,0.0111,-0.0017,0.004,0.0021,-0.0012,-0.0016,-0.0037,-0.0005,-0.0001,0.0039
Iraqi_Arab_Maysan_(Arabian-Mixed_Profile)_(n=1),0.0363,0.1247,-0.0553,-0.0724,-0.0191,-0.0302,-0.0061,-0.0039,0.0179,-0.0049,0.006,-0.0139,0.0252,-0.0021,0.002,0.0113,-0.0028,-0.0023,0.0012,0.0086,0.0032,0.0034,0,0.0008,-0.0016
Iraqi_Arab_Maysan_(Mesopotamian_Arab_Profile)_(n=15),0.050724133,0.1193708,-0.0676346,-0.0639154,-0.033368067,-0.020275667,-0.0037093333,-0.0049323333,-0.0025466667,-0.0055641333,0.0071430667,-0.0076029333,0.015516867,-0.001451,0.0016386,0.015152867,-0.0000576,0.001213,0.0024638667,-0.0033214,0.0038462667,-0.002983,-0.0021161333,-0.0043456,0.0038304667
Iraqi_Arab_Maysan_(Mixed_Levantine+Mesopotamian_Arab_Profile)_(n=1),0.0551,0.129,-0.0594,-0.0735,-0.0228,-0.0278,-0.0072,-0.0064,0.0062,-0.0038,0.0081,-0.0104,0.0173,-0.0006,-0.0005,0.0136,0.0023,0.0033,-0.0007,-0.0001,0.003,0.0006,-0.0022,0.0003,0.0014
Iraqi_Arab_Muthanna_(Arabian-Mixed_Profile)_(n=1),0.0454,0.1277,-0.0576,-0.0848,-0.0178,-0.0333,-0.0116,-0.0112,0.0286,-0.0039,0.0129,-0.0188,0.032,-0.0003,-0.0001,0.0176,-0.0045,0.0014,0.0004,0.0137,0.0043,0.0032,-0.0044,0.002,-0.0022
Iraqi_Arab_Muthanna_(Syrio-Mesopotamian_Arab_Profile)_(n=1),0.0842,0.1236,-0.0535,-0.0503,-0.0328,-0.0106,0.0035,-0.0048,-0.0197,-0.0036,0.0054,-0.003,0.0046,0.0035,0.0003,-0.0043,-0.0137,-0.0016,-0.001,-0.0079,-0.0017,-0.0014,-0.0018,-0.0051,0.0001
Iraqi_Arab_Najaf_(Irano-Mesopotamian_Profile)_(n=2),0.0668425,0.107473,-0.067322,-0.046352,-0.0357875,-0.0106095,-0.0029,-0.0060845,-0.0108245,-0.009676,0.0015185,-0.0032485,0.008091,0.0006385,0.004961,0.0079205,-0.0026995,0.001737,0.0061205,-0.006039,0.002634,-0.0016565,-0.002544,-0.0061955,0.002508
Iraqi_Arab_Najaf_(Mesopotamian_Arab_Profile)_(n=6),0.051653333,0.12137733,-0.067483167,-0.0666345,-0.031911,-0.021049333,-0.0048366667,-0.0055385,0.0020363333,-0.0054681667,0.0073785,-0.0089068333,0.017791,0.00044583333,0.0039763333,0.014363667,-0.0018326667,0.0013288333,0.001655,-0.0016663333,0.0026788333,-0.00043283333,-0.0022468333,-0.0027591667,0.0027611667
Iraqi_Arab_Najaf_(Syrio-Mesopotamian_Arab_Profile)_(n=1),0.0684,0.1345,-0.0613,-0.0739,-0.0267,-0.0223,-0.0006,-0.0056,-0.0071,-0.0029,0.0073,-0.0076,0.0098,0.0011,-0.0012,0.0011,-0.0058,0.0026,-0.0021,-0.0025,0.001,0.0025,-0.0039,0.0003,-0.0008
Iraqi_Arab_Nineveh_(Arabian-Mixed_Profile)_(n=2),0.0426835,0.123387,-0.0533625,-0.0715445,-0.02185,-0.025658,-0.0069325,-0.0088845,0.0164645,-0.002096,0.0024355,-0.009292,0.024603,0.0015135,0.000882,0.0117345,-0.015516,0.0010135,0.006662,0.0064405,0.0028075,0.0084705,-0.000493,0.0061455,0.001437
Iraqi_Arab_Nineveh_(Levantine_Profile)_(n=1),0.04,0.1268,-0.0479,-0.0717,-0.0151,-0.024,-0.0047,-0.0014,0.0155,-0.0006,0.006,-0.0097,0.0191,-0.0051,0.0022,0.0091,-0.0029,-0.0045,-0.0043,0.0028,0.0008,0.0021,0.0005,0.0029,-0.0008
Iraqi_Arab_Nineveh_(Mesopotamian_Arab_Profile)_(n=4),0.06175,0.123275,-0.066225,-0.068775,-0.0331,-0.02025,-0.002925,-0.005725,-0.007825,-0.004025,0.006375,-0.0063,0.011925,0.0002,-0.001225,0.010625,-0.002075,0.001125,0.0036,-0.00435,0.004325,-0.003375,-0.002925,-0.00465,0.002675
Iraqi_Arab_Nineveh_(Mesopotamian_Pre-Islamic_Profile)_(n=4),0.0834,0.126525,-0.059275,-0.0592,-0.031075,-0.0162,0.00355,-0.006275,-0.016075,-0.0012,0.005075,-0.002875,0.004625,0.0009,-0.001475,-0.000825,-0.00715,-0.000575,-0.00055,-0.005675,0.0007,-0.000225,-0.004525,-0.006325,-0.000525
Iraqi_Arab_Nineveh_(Mixed_Levantine+Mesopotamian_Arab_Profile)_(n=1),0.0332,0.1256,-0.0554,-0.0697,-0.021,-0.0238,-0.0066,-0.0031,0.0138,-0.0041,0.005,-0.0101,0.0208,-0.001,0.003,0.0091,-0.0032,-0.0016,-0.0006,0.0061,0.0021,0.0028,0.0002,-0.0018,0.0007
Iraqi_Arab_Nineveh_(Syrio-Mesopotamian_Arab_Profile)_(n=8),0.082364887,0.11745141,-0.053606308,-0.053490657,-0.02941064,-0.01497067,0.0003161175,-0.00364867,-0.013294595,-0.0060374,0.003040555,-0.0022341075,0.004634775,0.0034857275,0.0002578075,0.001750215,-0.006261285,0.002152605,0.001657375,-0.00475193,0.000346755,0.0012108275,-0.00136676,-0.00194864,0.00098493125
Iraqi_Arab_Saladin_(Irano-Mesopotamian_Profile)_(n=2),0.083567,0.121976,-0.051697,-0.040824,-0.0292375,-0.0117055,0.004,-0.00245,-0.016571,-0.006976,0.004017,0.0003,0.0026945,0.000288,-0.001068,0.0158035,0.0006865,0.001365,0.002625,0.0031595,-0.000122,0.0018445,-0.0046975,0.003879,-0.0054935
Iraqi_Arab_Saladin_(Levantine_Profile)_(n=1),0.0629,0.1303,-0.0549,-0.0758,-0.022,-0.0224,-0.0018,-0.0079,-0.0006,-0.0036,0.006,-0.0076,0.0161,-0.004,-0.0025,0.0069,-0.0006,-0.0017,-0.0034,0.003,0.0022,0.0011,-0.0023,-0.0034,-0.0002
Iraqi_Arab_Saladin_(Mesopotamian_Arab_Profile)_(n=4),0.0616,0.122375,-0.064875,-0.06785,-0.032075,-0.020475,-0.002675,-0.00495,-0.0073,-0.00275,0.00545,-0.00645,0.011725,-0.00075,-0.000375,0.013525,0.0004,0.000175,0.00235,-0.0041,0.003575,-0.001925,-0.00185,-0.00295,0.003175
Iraqi_Arab_Saladin_(Mesopotamian_Pre-Islamic_Profile)_(n=2),0.0758,0.12575,-0.06825,-0.0674,-0.03525,-0.0201,0.0006,-0.0062,-0.0137,-0.0013,0.00505,-0.00505,0.0083,0.00165,-0.00225,0.0082,-0.00225,-0.00035,0.00305,-0.00705,0.0039,-0.0026,-0.0036,-0.0067,0.00265
Iraqi_Arab_Saladin_(Syrio-Mesopotamian_Arab_Profile)_(n=3),0.070356667,0.1243105,-0.0629325,-0.062921,-0.031610167,-0.0191535,0.00054883333,-0.0043095,-0.0082891667,-0.0062633333,0.006167,-0.0055108333,0.0097335,0.0015683333,0.000062666667,0.0050285,-0.010075667,-0.00056133333,-0.00076083333,-0.0066558333,0.0037415,-0.0000038333333,-0.0016546667,-0.0023293333,0.0020976667
Iraqi_Arab_South_(Afro-Arab-Mixed)_(n=1),-0.025041,0.111708,-0.056191,-0.046512,-0.030467,-0.01004,-0.005405,0,-0.003272,-0.002005,0.005846,-0.005995,0.016055,0.001239,0.005565,0.0118,-0.012517,0.006081,0.006913,0.001251,-0.000873,-0.000866,0.000123,0.001566,0.001078
Iraqi_Arab_South_(Arabian-Mixed_Profile)_(n=1),0.045529,0.129988,-0.061848,-0.081073,-0.024004,-0.029284,-0.011516,-0.006461,0.028633,-0.008565,0.011205,-0.020831,0.034341,0.00289,0.000271,0.008618,-0.015125,0.000507,-0.00176,0.011255,0.004617,0.008903,-0.002465,0.00482,-0.006227
Iraqi_Arab_South_(Mesopotamian_Arab_Profile)_(n=4),0.044391,0.11729375,-0.061848,-0.0586245,-0.03092875,-0.017152,-0.00376,-0.00317275,0.002352,-0.01093425,0.00645525,-0.00681875,0.01917725,0.000172,0.00040725,0.01233075,-0.00710575,0.0039905,-0.000974,0.000344,0.001934,-0.000742,-0.0013865,0.00244025,0.00368225
Iraqi_Arab_Wasit_(Mesopotamian_Arab_Profile)_(n=2),0.0606,0.11945,-0.06355,-0.0655,-0.02925,-0.0208,-0.00435,-0.00755,0.00005,-0.0057,0.00705,-0.0102,0.0169,-0.0017,-0.0002,0.0158,-0.00185,0.0013,0.00065,-0.001,0.0047,-0.0003,-0.00305,-0.0033,0.0013
Iraqi_Arab_Wasit_(Mixed_Levantine+Mesopotamian_Arab_Profile)_(n=1),0.0459,0.1273,-0.0586,-0.0718,-0.023,-0.0283,-0.0089,-0.006,0.0111,-0.0039,0.0095,-0.0121,0.0218,-0.0027,0.0013,0.016,-0.0006,0.0021,-0.001,0.0004,0.0024,-0.0035,-0.0033,0.0011,0.0034
Iraqi_Arab_Wasit_(Syrio-Mesopotamian_Arab_Profile)_(n=1),0.0639,0.1171,-0.0506,-0.0643,-0.0251,-0.0181,-0.0026,-0.0063,0.0018,-0.0023,0.0031,-0.0064,0.0136,-0.0027,-0.0015,0.009,-0.0072,-0.0015,-0.0017,-0.0014,0.0032,0.0016,-0.0043,-0.0024,0.0003
Iraqi_Arab_West_(Irano-Mesopotamian_Profile)_(n=1),0.07057,0.106631,-0.063733,-0.04522,-0.026466,-0.006414,0.00235,-0.004384,-0.01309,-0.012028,0.005846,-0.006444,0.015461,-0.000826,-0.001764,0.010209,-0.01682,-0.003547,0.007793,-0.002751,-0.001123,-0.003215,-0.005176,-0.000843,0.008502
Iraqi_Arab_West_(Mesopotamian_Pre-Islamic_Profile)_(n=1),0.085367,0.122879,-0.060339,-0.055556,-0.030775,-0.014502,-0.003995,-0.005077,-0.011453,-0.002916,0.007957,0,0.008325,0.00055,0.001493,0.00716,-0.004824,0.003801,0.003645,-0.005503,-0.003369,-0.000618,-0.002958,-0.00241,0.003353
Iraqi_Jew_(n=11),0.091368818,0.13857355,-0.065893182,-0.075376455,-0.025263364,-0.022336545,-0.00049136364,-0.0081394545,-0.010523636,-0.0014414545,0.0039563636,-0.0059673636,0.012325455,0.0050045455,-0.009266,0.0093898182,-0.0057131818,0.00090972727,0.0023882727,-0.0097774545,0.0019396364,-0.0021694545,-0.0031708182,-0.0022127273,0.0016439091
Iraqw_(n=2),-0.354559,0.085812,-0.0213075,-0.0563635,0.000154,-0.0292835,-0.0008225,-0.0119995,0.1063525,-0.0768125,-0.007226,-0.0062945,-0.008622,-0.0001375,0.01934,-0.019955,0.0174715,0.010832,0.0042735,-0.0072535,-0.0010605,0.005688,0.001294,-0.003675,0.002694
Irish_(n=106),0.13345306,0.13441256,0.061693524,0.049169691,0.037663601,0.019360662,0.003149876,0.0046641294,0.0036502835,0.0026622467,-0.0067427525,0.0058058333,-0.014172869,-0.013880417,0.025807964,0.0052982733,-0.010691293,0.0018975612,0.00091373355,0.001807141,0.0049385128,0.001507528,0.0006627143,0.0145304,0.000808434
Irish_Ulster_(n=2),0.1326035,0.135573,0.064111,0.0511955,0.037699,0.016873,0.005875,0.005077,0.003988,0.007016,-0.00747,0.006819,-0.0160555,-0.0129365,0.0255835,0.000066,-0.014277,0.0006335,-0.0014455,0.001563,0.001872,0.0042045,-0.00228,0.0158455,0.000594
Irish-American_Massachusetts_(n=20),0.13833765,0.14168975,0.06693125,0.04655695,0.04300085,0.018803,0.00542055,0.00505925,0.00494125,0.0056557,-0.00471675,0.00589305,-0.01353255,-0.0103646,0.01502835,0.004068,-0.00404385,0.0015559,0.001298,0.0017299,0.0040424,0.0048998,-0.0021249,0.0063245,-0.00165495
Irish-American_New_Hampshire_(n=2),0.139884,0.138975,0.0670415,0.0482615,0.0415645,0.0197945,0.0049195,0.003209,0.0013235,0.0027855,-0.0048175,0.0055565,-0.0131485,-0.0080425,0.014123,0.002688,-0.004821,0.001606,0.0013465,0.001006,0.0042295,0.00422,-0.001992,0.004972,-0.0013315
Irish-American_New_Jersey_(n=3),0.14007967,0.14178567,0.070089667,0.049255333,0.044218333,0.01927,0.003911,0.0033776667,0.0046043333,0.0042656667,-0.0040513333,0.0057816667,-0.013253667,-0.011048,0.015168,0.005345,-0.002889,0.0014923333,0.001437,0.0022316667,0.0036546667,0.0057666667,-0.0020183333,0.0075956667,-0.0020983333
Irish-American_New_York_(n=24),0.13798313,0.14163375,0.06535625,0.046303583,0.042651292,0.018524458,0.0057465417,0.0051395833,0.0048029583,0.0056572083,-0.0059048333,0.0055495,-0.013083875,-0.008414,0.014556792,0.003827125,-0.0039810833,0.0017727083,0.00171125,0.002390125,0.0049879583,0.0047417083,-0.0022882083,0.00659925,-0.001437625
Irish-American_Rhode_Island_(n=2),0.130353,0.1418305,0.062492,0.0399545,0.0384805,0.0165875,0.0074005,0.006839,-0.0001075,0.0057565,-0.006245,0.0066435,-0.0146365,-0.009102,0.013289,0.0026075,-0.0018905,0.00086,0.000465,0.0015105,0.003383,0.0031545,-0.0014435,0.004896,-0.001286
Irish-Canadian_Newfoundland_and_Labrador_(n=16),0.13182137,0.13773119,0.062884813,0.049156563,0.037949375,0.016698562,0.003040375,0.0047018125,0.0039883125,0.0054329375,-0.007469875,0.00773675,-0.017244687,-0.012816,0.025235563,-0.0006215625,-0.017658813,0.0020349375,0.002671,0.0018915,0.004694875,0.0032613125,-0.00143275,0.013578563,-0.0018636875
Iroquois_(European-Mixed)_(n=6),0.092207833,-0.084842833,0.083106,0.065505167,-0.031425833,0.0026218333,-0.1208425,-0.14364567,-0.0054323333,-0.0088905,-0.0024781667,-0.00035016667,-0.0018578333,0.0036203333,0.0030738333,0.0027156667,-0.0011078333,0.0014391667,0.0035071667,0.001729,0.0021528333,0.0026431667,0.0002005,0.0063956667,0.0019281667
Irula_(n=61),0.01957382,-0.13697989,-0.18285405,0.12614044,-0.05757441,0.05690741,-0.0021381475,0.014802607,0.072890951,0.046774934,0.000047901639,-0.00030462295,-0.00080913115,0.008866541,-0.018778393,-0.015256475,0.0081800164,0.000016606557,-0.000070114754,0.019898918,0.0043529672,0.0060975738,-0.0065907213,0.0037926885,-0.0057222951
Italian_Abruzzo_(Abruzzese)_(n=19),0.11268484,0.14880174,-0.00067489474,-0.034765,0.016116263,-0.012550053,0.00077921053,-0.0022833684,0.0037890526,0.020813263,0.00051278947,0.0036676842,-0.0056336316,-0.0039040526,-0.0061502105,-0.0014654737,0.0018596316,0.00026673684,0.0033607895,-0.0036926316,-0.003809,0.001334,0.00088863158,0.001706,-0.00096421053
Italian_Aosta_Valley_(Valdotain)_(n=24),0.12710242,0.14598233,0.039251958,0.0060427917,0.037263208,-0.00047645833,0.0023794167,0.0029134167,0.010123917,0.021405125,-0.0049460417,0.0054452083,-0.014940333,-0.009880125,0.00750425,0.0055245,0.0038789167,0.000047541667,0.003509125,-0.00051066667,0.0029843333,0.0024164167,-0.0012632083,0.0077620417,0.000089833333
Italian_Apulia_(Apulian)_(n=228),0.11200593,0.14747001,-0.0016854712,-0.038721922,0.014248275,-0.012492593,0.00061536067,-0.0012438719,0.0027565845,0.018488167,0.0009672061,0.0042172961,-0.0060572694,0.000065800153,-0.0085736006,-0.0019708189,0.0037634175,0.00034562138,0.0027725194,-0.0051258126,-0.0037964724,0.00049894129,-0.00001242533,0.0017852816,-0.00099842669
Italian_Apulia_(Salentine)_(n=1),0.110408,0.144205,-0.008297,-0.053295,0.014772,-0.017012,-0.00235,-0.000923,0.003272,0.017677,0.007632,0.002997,-0.005352,0.007844,-0.008958,-0.008618,-0.010431,0.003167,0.003771,-0.005378,-0.001996,-0.002597,0.003328,-0.001205,-0.001197
Italian_Basilicata_(Lucanian)_(n=10),0.1093839,0.1469472,-0.0048272,-0.0404719,0.0135718,-0.0147534,0.000752,-0.0011539,0.0036609,0.0202464,0.0000488,0.0022629,-0.0070315,-0.0002202,-0.0086318,-0.0020949,0.0059455,-0.0007348,0.0023506,-0.0047272,-0.0027825,0.0016446,0.0017625,0.0023255,0.0006825
Italian_Calabria_(Calabrese)_(n=4),0.098457,0.1500445,-0.01187925,-0.050065,0.01246375,-0.01750025,-0.002585,-0.00369225,0.00393675,0.0225515,-0.00004075,0.000562,-0.00628075,-0.00547025,-0.00661625,-0.00109375,0.0050525,0.0005385,0.00323675,-0.0067845,-0.00140375,-0.00092725,-0.0018795,-0.00135575,-0.00341275
Italian_Calabria_(Cosentian)_(n=5),0.1090424,0.147658,-0.0101068,-0.0446386,0.0110172,-0.0147814,-0.000376,-0.0022152,0.0023316,0.02052,0.0048392,0.0059948,-0.004965,0.0011838,-0.0080346,-0.0031554,0.0094398,0.0020778,0.002162,-0.004227,-0.0008238,-1.73e-19,0.0022924,0.0026266,-0.0030416
Italian_Calabria_Reggio_Calabria_(Calabrese)_(n=23),0.10120585,0.14847723,-0.01352247,-0.051924322,0.012146248,-0.019712487,-0.0023809609,-0.0025793739,0.0060848696,0.021233913,0.0024937739,0.0027133435,-0.003069987,-0.00059143043,-0.0079018652,-0.0026064043,0.0032326174,0.00090996957,0.00044136957,-0.0033622478,-0.0037142217,-0.0018965522,0.0012779522,0.0005246,-0.00018030435
Italian_Campania_(Campanian)_(n=14),0.10821329,0.14768693,-0.0083775,-0.044158714,0.014178429,-0.016095929,-0.00053714286,-0.0017801429,0.0040466429,0.021972571,0.0017050714,0.00319,-0.0050545,-0.0021232143,-0.0072126429,-0.000284,0.0037159286,-0.00076907143,0.0015800714,-0.0040822857,-0.0030215714,0.00098921429,0.00049307143,0.0018075,-0.00022242857
Italian_Campania_Benevento_(Campanian)_(n=2),0.11097,0.1532065,-0.004228,-0.0421245,0.017226,-0.015507,-0.002345,-0.002297,0.009552,0.02298,0.003052,0.0019915,-0.004186,0.002382,-0.005652,-0.0010485,-0.003173,0.000812,0.0080465,-0.002867,-0.0039915,0.0013095,-0.0030975,0.001086,0.0000935
Italian_Campania_Caserta_(Campanian)_(n=2),0.1098005,0.147637,-0.0080385,-0.0441235,0.011967,-0.015139,0.000952,-0.001686,0.001969,0.0217365,0.0020195,0.004339,-0.006097,-0.000934,-0.010282,-0.0008955,0.005122,0.000717,0.004184,-0.0058145,-0.0036035,0.000984,0.000043,0.000261,-0.0004205
Italian_Campania_Naples_(Campanian)_(n=13),0.10813185,0.14889215,-0.0093698462,-0.043878308,0.013398846,-0.015768,-0.00068692308,-0.0025559231,0.0045466923,0.022443077,-0.00073707692,0.0023864615,-0.0055575385,-0.00049761538,-0.0061073846,-0.0030187692,0.0010331538,0.00093561538,0.0033166154,-0.0049446923,-0.0054615385,0.0030247692,0.00043615385,0.002206,-0.000073769231
Italian_Campania_Salerno_(Campanian)_(n=3),0.10593167,0.144184,-0.0041803333,-0.042136667,0.010904667,-0.013684,0.0015763333,-0.002311,0.004946,0.018650333,-0.00044366667,0.0026756667,-0.0036196667,-0.004512,-0.0048926667,0.000087666667,-0.0033703333,0.0016366667,0.0018903333,-0.00594,-0.003096,0.0019106667,-0.001657,0.0024773333,0.0015606667
Italian_Carloforte_(Ligurian)_(n=25),0.12024268,0.14912028,0.02117904,-0.0202844,0.03161192,-0.00750764,0.00188008,-0.00093228,0.01208324,0.03127908,0.00139,0.00914776,-0.01397996,-0.0065068,-0.00275236,-0.00109256,0.00505364,0.00119592,0.00465584,-0.00448212,0.00014976,0.00079136,-0.00361848,-0.00197608,-0.00010064
Italian_Emilia_(Emilian)_(n=8),0.12008312,0.14420525,0.020175875,-0.017563125,0.0287745,-0.003730125,0.00017625,0.000403875,0.008359875,0.023964,0.00034525,0.00921675,-0.00962575,-0.00602125,-0.003138625,-0.001375625,0.000439875,0.000205875,0.002309625,-0.004611625,-0.000857875,0.00207125,0.00046225,0.004624,-0.001856125
Italian_Friuli_(Friulian)_(n=18),0.12552156,0.14420528,0.035072278,-0.00062805556,0.034809889,0.0016578333,0.0031594444,0.0021538333,0.0067152222,0.016542944,-0.0016057778,0.0051871111,-0.0080524444,-0.00051227778,-0.0039962778,0.00013983333,0.004136,0.00060533333,0.0038406667,-0.0022857222,-0.0033482222,0.001635,-0.000979,0.0040299444,-0.00024611111
Italian_Lazio_(Lazian)_(n=5),0.1131402,0.1527356,0.0067882,-0.0343026,0.021173,-0.0109324,0.003243,-0.000277,0.0064218,0.0242372,0.0005196,0.0025478,-0.0095738,-0.0052296,-0.0067316,0.0029434,0.0010432,0.000456,0.0026898,-0.004227,-0.0019214,0.0042288,0.000567,0.0007232,-0.0005748
Italian_Liguria_(Ligurian)_(n=1),0.113823,0.146236,0.027153,-0.011951,0.029236,-0.002231,0.00235,0.001154,0.009613,0.025331,-0.009743,0.002847,-0.013082,0.001101,-0.001086,-0.012463,-0.00665,-0.00038,0.003771,0.00075,-0.00025,0.000989,0.003944,0.000723,0.000599
Italian_Lombardy_(Lombard)_(n=10),0.1237256,0.1487751,0.0258327,-0.0152456,0.0314212,-0.0053266,0.0013865,0.0008307,0.0084673,0.028356,-0.001705,0.0077181,-0.0151931,-0.0037846,-0.0015607,-0.0051577,-0.0046677,0.0009376,0.0032932,-0.0040145,-0.0038556,0.0019785,-0.0021445,0.0032412,-0.0010538
Italian_Lombardy_Bergamo_(Lombard)_(n=8),0.124494,0.15042513,0.029839625,-0.012475875,0.03654525,-0.00348625,0.00205625,0.002192125,0.01104425,0.029248875,-0.002314125,0.007025125,-0.0132865,-0.006330625,-0.002341125,-0.002519375,-0.000456375,0.000839375,0.003393875,-0.006127875,-0.00237075,0.001097375,-0.00240325,0.003539625,0.001451875
Italian_Lombardy_Brescia_(Lombard)_(n=2),0.1249565,0.1515505,0.025733,-0.0152625,0.0364095,-0.0049205,0.001455,0.0012785,0.012294,0.0308625,-0.0019105,0.0068285,-0.0142915,-0.0018275,-0.0060875,-0.001343,0.0037565,0.0016475,0.0054955,-0.0074985,-0.003694,0.000001,-0.000833,0.0000975,-0.000811
Italian_Marche_(Marchigiano)_(n=18),0.11698478,0.14866217,0.0079822222,-0.029303278,0.021046444,-0.010102,0.0001175,-0.0025254444,0.0055676667,0.020400222,-0.000072277778,0.0036300556,-0.0081846111,-0.0020643333,-0.0039207778,-0.0022319444,0.0010285556,0.0006335,0.0022975556,-0.0031125556,-0.000922,0.0021431667,0.00047933333,0.003568,-0.0020957222
Italian_Marche_Ascoli_Piceno_(Abruzzese)_(n=2),0.1075625,0.1436975,0.007731,-0.0305235,0.01708,-0.0133865,0.0027025,0.0038075,0.008488,0.0179505,-0.000487,-0.00015,-0.004014,-0.005987,-0.0118755,-0.0025855,-0.004694,0.003547,0.0060335,-0.002689,-0.00287,0.0069865,-0.006286,0.0035545,0.001976
Italian_Molise_(Molisan)_(n=3),0.11327216,0.14719098,-0.00084496344,-0.037824408,0.015591153,-0.014480995,0.0031819514,-0.0026964911,0.0032260322,0.020630878,0.00351921,0.0032553351,-0.0071967394,-0.0019373384,-0.00868588,-0.0026329349,0.0047284176,0.0017265396,0.0031986083,-0.0063482584,-0.0021956448,0.0042640242,-0.00067444906,0.0027046499,-0.00081016507
Italian_Pantelleria_(Panteschi)_(n=1),0.0947,0.1455,-0.0129,-0.0489,0.0149,-0.019,-0.0037,-0.0004,0.0096,0.0215,0.0005,0.0027,-0.0004,-0.0037,-0.0075,0.0013,0.0021,0.0004,0.0007,-0.0008,-0.0042,-0.0003,0.0001,0.0022,0.0035
Italian_Piedmont_(Piedmontese)_(n=2),0.1263435,0.146236,0.024136,-0.013566,0.0307745,0.001534,-0.000235,-0.0015,0.010635,0.0203195,-0.004628,0.004721,-0.014123,-0.002133,0.0075325,0.00179,0.000652,0.0057645,0.004337,-0.002126,-0.0009355,0.0008655,-0.0014785,0.005603,-0.0001195
Italian_Piedmont_Cuneo_(Occitan_or_Piedmontese)_(n=4),0.12581658,0.14740821,0.037638025,0.0027447468,0.03867853,-0.00080035713,0.0023866092,0.00072176213,0.012395645,0.025569578,-0.0021991885,0.0073017582,-0.016250762,-0.0076760065,0.0072212915,-0.0012126211,-0.0020715734,0.0010770141,0.0039729112,-0.0025610533,0.0027008051,0.00015404777,-0.00056372751,0.001966578,0.00026485883
Italian_Piedmont_Domodossola_(Lombard)_(n=1),0.12862,0.151314,0.026398,0.000969,0.028621,-0.003347,-0.001645,-0.003231,0.013499,0.017495,-0.004547,0.001649,-0.009514,-0.012799,-0.005293,-0.000663,0.001434,0.004561,-0.007542,-0.004502,0.004367,-0.00272,0.001479,0.011086,-0.003592
Italian_Piedmont_Val_Borbera_(Ligurian)_(n=10),0.1213354,0.1473534,0.0208925,-0.0145996,0.0292668,-0.0058844,0.0028435,0.0001615,0.0074653,0.0241279,-0.0002273,0.0063544,-0.0098859,-0.0045141,-0.0015744,-0.0027048,0.0011213,0.0008997,0.0021747,-0.0038269,-0.0025705,0.0018548,-0.0024033,0.0038316,-0.0014967
Italian_Piedmont_Verbania_(Lombard)_(n=1),0.12296052,0.14492485,0.033355534,-0.00076637087,0.032913188,-0.00045968517,0.0017878936,0.0020358348,0.011323593,0.022456545,-0.0015029933,0.0066590533,-0.014752286,-0.0086406721,0.0037486651,0.00024891394,-0.00028622458,0.00027970258,0.0033389315,-0.0015424269,0.0021108819,0.0020388043,0.000060035963,0.0042955757,0.000093868111
Italian_Romagna_(Romagnol)_(n=1),0.1188,0.1489,0.0147,-0.0198,0.0257,-0.004,-0.0004,0.0006,0.0078,0.0244,-0.0009,0.002,-0.0081,-0.0021,-0.0072,-0.0004,0.0046,0.0007,0.0031,-0.0022,-0.0055,0.0011,-0.0043,0.0063,-0.0001
Italian_Sardinia_(Sardinian)_(n=10),0.1213354,0.1677655,0.0281332,-0.0510017,0.0603804,-0.0222275,-0.0039245,0.0021691,0.0419071,0.0775597,-0.0003734,0.0165302,-0.0284536,-0.0124135,-0.0142506,-0.0043621,0.0104308,-0.0010642,0.00225,-0.0134063,-0.0021461,-0.0011749,-0.0102297,-0.021039,0.0011137
Italian_Sardinia_Benetutti_(Sardinian)_(n=25),0.12042492,0.16569376,0.0276958,-0.0498066,0.0575122,-0.02234472,-0.00337468,-0.00142148,0.03894952,0.0733682,0.0002274,0.0140156,-0.02647944,-0.00939132,-0.01206824,-0.00921232,0.00246696,0.00013688,0.00124196,-0.01353648,-0.00037436,0.00001,-0.00783868,-0.01715412,0.00143696
Italian_Sardinia_North_(Sardinian)_(n=20),0.12059555,0.1678669,0.02739785,-0.0500327,0.06056515,-0.02303655,-0.00343105,-0.00154605,0.04178415,0.07505395,0.00101495,0.01284355,-0.0249825,-0.0138173,-0.0132598,-0.0024066,0.0119106,-0.00047505,0.003796,-0.00986095,-0.00157845,-0.0001793,-0.00978585,-0.0199123,0.00149095
Italian_Sardinia_North_(Sardinian)_o_(n=2),0.1166685,0.160454,0.027907,-0.0323,0.054318,-0.0163155,-0.0019975,-0.0041535,0.032008,0.0584065,0.002598,0.015661,-0.0156835,-0.014657,-0.0080075,-0.002917,0.0005215,0.0039905,0.007102,-0.013194,-0.0001245,0.0036475,-0.0046215,-0.0149415,0.0074245
Italian_Sardinia_Sulcis-Iglesiente_(Sardinian)_(n=24),0.11538812,0.16443121,0.022061542,-0.050993625,0.054779458,-0.023542875,-0.003887375,-0.0022980417,0.036754625,0.06741225,0.00018945833,0.012239208,-0.021438083,-0.0096965833,-0.011163042,-0.007751,0.0066387917,-0.00059120833,0.00082229167,-0.010942833,-0.0037694167,-0.000097875,-0.005402375,-0.015007167,0.0011226667
Italian_Sicily_(Sicilian)_(n=2),0.100164,0.1518215,-0.0082965,-0.0411825,0.010925,-0.015618,-0.0101055,-0.007038,0.006238,0.0235085,0.0013805,0.002473,-0.00223,-0.0016515,-0.0026465,-0.005834,-0.0103,0.002597,0.0043995,-0.0038765,0.001622,-0.0005565,0.004252,0,-0.0000595
Italian_Sicily_Agrigento_(Sicilian)_(n=2),0.100733,0.148267,-0.007731,-0.0440895,0.0140025,-0.0150605,-0.00047,-0.0012695,0.0095105,0.0226885,0.0022735,0.00547,-0.0069125,-0.0056425,-0.006243,0.0068285,0.015255,0.0002535,0.000377,-0.00469,-0.0081105,0.000247,-0.0000615,0.0053015,0.000359
Italian_Sicily_Catania_(Sicilian)_(n=3),0.100264,0.14643667,-0.010656,-0.046274,0.0122,-0.016641667,0.00035066667,-0.001505,0.004676,0.019088667,0.0024456667,0.0047736667,-0.0023243333,0.0016893333,-0.0094806667,-0.0015526667,0.000054333333,-0.00087033333,0.0026226667,-0.0040853333,-0.004423,0.00101,0.0022406667,-0.00069633333,0.002037
Italian_Sicily_Central_(Sicilian)_(n=2),0.099595,0.1452205,-0.005845,-0.044897,0.01708,-0.01757,-0.0022325,-0.002654,0.005522,0.0196815,0.002192,0.0019485,-0.0014865,0.003165,-0.005361,-0.011933,-0.0085405,0.001457,-0.0008175,-0.0039395,-0.0035565,-0.001855,-0.0010475,0.002651,0.002335
Italian_Sicily_East_(Sicilian)_(n=1),0.102441,0.144205,-0.004525,-0.045543,0.021235,-0.016733,-0.003525,-0.006461,0.010022,0.020957,0.001786,-0.005695,-0.000297,-0.000826,-0.013708,-0.003845,0.000652,0.001014,-0.001885,0.002501,0.001248,0.003833,-0.001602,0.00012,-0.002994
Italian_Sicily_Messina_(Sicilian)_(n=5),0.1028782,0.1498686,-0.0117178,-0.0522122,0.0118042,-0.0190126,-0.002277,-0.0011126,0.0082818,0.0217766,0.0030926,0.001483,-0.0003996,0.0006894,-0.009247,-0.0013936,0.00195,-0.0003902,0.0010074,-0.0032986,-0.0020372,-0.001371,0.0012228,-0.0013856,0.0004038
Italian_Sicily_Palermo_(Sicilian)_(n=2),0.1024405,0.150806,-0.0005655,-0.0395675,0.0103095,-0.0167335,-0.000705,-0.002423,0.0040905,0.0195905,-0.001624,0.002098,0.000223,-0.0063995,-0.0054965,0.000199,-0.0005215,0.000127,0.0010055,-0.0010005,0.001123,-0.002597,0.000863,-0.0057235,0.0034125
Italian_Sicily_Syracuse_(Sicilian)_(n=8),0.1031135,0.14513138,-0.006565875,-0.040576625,0.01684,-0.014706375,-0.000098625,0.002100875,0.00633,0.0204105,0.00579875,0.00324025,-0.00387875,0.00190625,-0.006217125,-0.004187,-0.00179975,-0.001139625,0.002386875,-0.00336425,-0.00265475,0.001724875,-0.000023875,-0.000108125,0.00042275
Italian_Sicily_Trapani_(Sicilian)_(n=12),0.10074542,0.14347483,-0.0016530833,-0.03795075,0.018857167,-0.01453575,-0.00051483333,-0.00026275,0.010738583,0.023156917,0.0020879167,0.0035121667,-0.004987,8.33e-8,-0.0049945,-0.0029035833,0.00117425,-0.0014873333,-0.00028733333,-0.0050906667,-0.00048183333,-0.0016561667,0.00011308333,-0.0014870833,0.0013998333
Italian_Sicily_West_(Sicilian)_(n=8),0.10087575,0.146617,-0.00476125,-0.04352425,0.0150025,-0.01408425,-0.001909375,-0.002221,0.005113,0.021640625,0.002212375,0.00455225,-0.00514725,-0.002666375,-0.00782075,-0.00164075,0.0041235,0.001140125,0.00223125,-0.004142625,-0.002464375,-0.001267375,0.001124625,0.001430875,0.00011975
Italian_Trentino_(n=7),0.12504286,0.14594614,0.034641143,-0.0035068571,0.037237714,-0.0033864286,0.0033571429,0.0029997143,0.011307,0.023872857,-0.0030157143,0.0050098571,-0.013443143,-0.002831,-0.00052371429,-0.0018751429,0.00059614286,0.001665,0.0042738571,-0.0030194286,-0.0014258571,0.0028085714,-0.00051057143,0.000637,-0.0036781429
Italian_Trentino_(Trentino_or_Ladin)_(n=1),0.130897,0.149283,0.031301,-0.00323,0.046778,-0.003347,0.00658,-0.002077,0.012476,0.0277,-0.003085,0.005695,-0.011744,-0.008808,0.003257,-0.002652,-0.000261,0.003167,0.008045,0.003001,-0.007487,0.010016,-0.007025,0.006507,-0.00012
Italian_Trentino_(Trentino_or_Venetian)_(n=1),0.126344,0.144205,0.037712,-0.007752,0.045239,0.000837,0.000705,-0.000462,0.009408,0.022233,-0.00747,0.005995,-0.012785,-0.010184,-0.011129,0.001193,0.016298,-0.002787,0.003771,-0.00963,-0.005366,-0.000124,-0.012202,0.001084,-0.001676
Italian_Tuscany_(Tuscan)_(n=138),0.11954724,0.14945939,0.014838906,-0.021865696,0.026546623,-0.0082475,0.00055003623,-0.0001856087,0.0073391522,0.024523964,-0.00029061594,0.0057915725,-0.011393007,-0.0048217754,-0.0028294493,-0.00067553623,0.002423413,0.0014633551,0.003447587,-0.0034872101,-0.0018156667,0.0027418261,-0.0011217536,0.0029695435,-0.00094322464
Italian_Tuscany_Lunigiana_(Emilian)_(n=1),0.112685,0.146236,0.02753,-0.012597,0.020927,-0.004183,-0.002115,-0.000462,0.009817,0.019499,-0.001461,0.004496,-0.011744,-0.009909,0.001764,0.010209,0.018906,-0.003421,0.014958,-0.004752,-0.008111,0.004204,0.003944,-0.003494,0.006826
Italian_Umbria_(Umbrian)_(n=15),0.11663073,0.14826733,0.0074671333,-0.0280364,0.0202704,-0.0085526667,0.00050133333,-0.0007078,0.0064356667,0.0252822,0.0013208,0.005675,-0.0093656667,-0.0048994,-0.0038273333,0.0010695333,0.0035811333,0.00071793333,0.0023714,-0.0039769333,-0.0026702667,0.0025388667,-0.00023006667,0.0022974667,-0.00042313333
Italian_Veneto_(Venetian)_(n=21),0.12612681,0.14783205,0.030223524,-0.0061062381,0.033925571,-0.0015272381,0.0025961905,0.002450381,0.0097782857,0.023144,-0.0021496667,0.005716381,-0.01102919,-0.0043645238,-0.0023136667,0.0011301429,0.0038059524,0.0017072381,0.0026216667,-0.0038768571,-0.00089133333,0.0034269048,-0.00028757143,0.0012738571,-0.0016365238
Italian_Venezia_Giulia_(Friulian_or_Venetian)_(n=1),0.119771,0.139147,0.035255,0.002853,0.029901,0.000577,0.002771,0.003275,0.008274,0.011603,0.000101,0.001729,-0.003387,-0.00006,-0.003065,0.000385,0.000972,0.00003,0.003529,-0.001424,-0.003239,0.000269,0.003824,0.006732,-0.001177
Italian-American_Connecticut_(n=2),0.114386,0.1549065,-0.003686,-0.0418745,0.010875,-0.013195,-0.004913,-0.0021865,0.002602,0.018107,-0.003361,0.0027955,-0.0045475,-0.0048665,0.0058145,0.0023955,-0.0015795,-0.0011685,-0.0029605,0.000536,0.002016,-0.002555,-0.000128,-0.001552,0.0006135
Italian-American_Massachusetts_(n=3),0.11124733,0.155611,-0.0013753333,-0.038052333,0.017598333,-0.013762667,-0.0034373333,0.0021506667,0.0086116667,0.021701333,-0.0037643333,0.000318,0.00018533333,0.0029003333,-0.00009,0.00024533333,-0.000318,-0.0013376667,-0.002237,0.0016343333,0.0033203333,-0.0041066667,0.00010033333,-0.002078,0.001668
Italian-American_New_Jersey_(n=3),0.110364,0.153505,-0.00716,-0.045977,0.013212333,-0.01597,-0.0043386667,0.001445,0.0080363333,0.019476,-0.00052666667,-0.000017666667,0.001513,-0.0015796667,0.00095033333,0.0023133333,-0.000541,-0.0016806667,-0.0029343333,0.000619,0.001137,-0.003221,0.00044433333,-0.0020266667,0.0010633333
Italian-American_New_York_(n=6),0.109661,0.15285317,-0.0061075,-0.046032833,0.014381167,-0.015280833,-0.0042191667,0.000941,0.0083556667,0.019642167,-0.000017333333,0.000595,0.00038683333,-0.0024015,0.0011496667,0.001415,-0.0010555,-0.0018078333,-0.003288,-0.000569,0.00057833333,-0.0036183333,0.000573,-0.0030995,0.0012526667
Italki_Jew_(n=9),0.093840667,0.14634922,-0.019819667,-0.058247667,0.011386444,-0.024914111,-0.0043866667,-0.0031022222,0.013066889,0.019742333,0.0048715556,0.000583,0.0014041111,-0.0034404444,-0.006952,-0.0019741111,-0.0020716667,-0.0010697778,-0.0010754444,-0.0038352222,-0.0037436667,-0.0013326667,2.22e-7,0.0023563333,0.0029672222
Italo-Argentine_(n=114),0.11811373,0.15122116,0.017711868,-0.020646912,0.026754246,-0.0075223947,-0.0037597719,0.0010919912,0.011759254,0.022298035,-0.0023644298,0.0032199211,-0.0056224649,-0.0045905439,0.0044121491,0.00065708772,-0.0012823947,-0.0012394649,-0.0026021842,0.0000054649123,0.0018022368,-0.0023958684,-0.00014186842,-0.0013289912,0.00086313158
Italo-Brazilian_(n=49),0.12071657,0.14941482,0.028069347,-0.0092016939,0.032568959,-0.0047597143,-0.0022028367,0.0010820204,0.012057551,0.022332122,-0.0025524694,0.0041130612,-0.008270449,-0.0051185306,0.0032693878,0.00080163265,0.00013377551,-0.00066926531,-0.0012369592,-0.00059212245,0.0016354694,-0.0014077755,-0.00047646939,-0.00073085714,0.00066065306
Italo-Uruguayan_(n=13),0.12152208,0.14980654,0.031371615,-0.0083359231,0.035948308,-0.0028860769,-0.0018673077,-0.00087392308,0.014784077,0.028283692,-0.0020539231,0.0071953077,-0.012682,-0.0069460769,0.00386,0.00075069231,-0.001307,0.00021853846,0.0018766923,-0.00333,0.00063723077,0.000216,-0.0014813846,0.00015784615,-0.00029369231
Itelmen_(n=7),0.043903143,-0.38082357,0.113729,0.025470857,-0.11246043,-0.047491286,-0.030652,-0.029669286,0.0066321429,-0.006899,0.033521571,-0.00053528571,0.0066262857,-0.026541714,-0.030149286,-0.016194857,-0.0029055714,0.017356429,0.040959429,0.021474571,0.036114857,-0.061632143,0.012060714,0.022102857,0.029834857
Jakun_(n=9),0.0078411111,-0.37078111,-0.090550889,-0.0092593333,0.12552778,0.055685222,-0.0084602222,-0.010179,0.0013863333,-0.0099421111,0.077531444,0.0095748889,-0.0090848889,0.008135,0.0036044444,-0.00079555556,-0.00085466667,-0.0044903333,-0.00071233333,0.013034111,-0.017081,0.008587,-0.014693889,0.001901,0.018308333
Jakun_o1_(n=1),0.009106,-0.390979,-0.081081,-0.020995,0.142796,0.063029,-0.002585,-0.014769,-0.009613,-0.014943,0.078271,0.003447,-0.00773,0.004817,0.005157,0.00716,0.005215,0.000633,0.006411,0.007003,-0.007861,-0.005564,-0.012695,-0.006145,0.002155
Jakun_o2_(n=1),0.009106,-0.37473,-0.081458,-0.016473,0.120638,0.0502,-0.003995,-0.006231,0.00409,-0.006378,0.052289,0.003297,-0.00996,0.007432,0.000543,-0.002652,0.004955,-0.002407,-0.000126,0.00988,-0.009358,0.003462,-0.015899,0.00723,0.018801
Japanese_(n=476),0.018943391,-0.44266202,0.01317941,-0.055993679,0.034414868,0.0092526155,0.0027459517,0.0025708824,-0.0048918109,0.0099494874,-0.074367069,-0.0087382101,0.0096866681,-0.0041813046,-0.011530817,-0.0061851933,-0.00077573529,0.0039015294,0.0016818782,-0.0079670462,0.027600962,-0.016179038,0.0074577983,0.0030974223,-0.039299752
Japanese-Brazilian_(n=4),0.0236185,-0.42068325,0.01329375,-0.04853075,0.038084,0.013596,0.00323125,0.005769,-0.00306775,0.01640125,-0.07076075,-0.01060325,0.0088825,-0.0047135,-0.0158115,-0.00911575,0.001532,0.00136175,0.002388,-0.0112555,0.02963525,-0.01650775,0.01069175,0.00057225,-0.037751
Jarawa_(n=19),-0.021866105,-0.24335289,-0.13258763,0.098702105,0.032556579,-0.0048291053,-0.0099816316,0.0065704737,0.054790842,0.024083789,0.023033474,0.0027684211,-0.0038261053,0.010046579,-0.010736105,-0.011430526,0.0099366842,-0.0020403684,-0.0061063684,0.028461,-0.0043146316,0.011343632,-0.012804842,0.0019342632,0.0046511579
Javanese_(n=29),0.011539276,-0.40442583,-0.079871483,-0.034806034,0.14219097,0.066164414,-0.0043921034,-0.012707759,-0.011086655,-0.018732724,0.083383655,0.0074105862,-0.01016531,0.0070044828,0.0056348276,0.0027888966,-0.00062941379,-0.0012843103,0.00038582759,0.011488207,-0.014199069,0.0021702759,-0.012992,0.0014708276,0.020291345
Jehai_(n=27),-0.0067871852,-0.32786556,-0.10460215,0.028124926,0.096690333,0.035016259,-0.0068935185,-0.0079312593,0.022649111,-0.0010934815,0.063584111,0.0063776667,-0.0088205185,0.008231963,-0.0010858519,-0.004454037,0.0052975185,-0.0035565926,-0.0020530741,0.019078593,-0.011757037,0.010670815,-0.013160148,0.0047170741,0.023204815
Jingpo_Yunnan_(n=21),0.015664238,-0.4270059,-0.017994095,-0.045250762,0.059234429,0.027424286,0.0018240476,0.0002967619,-0.0015194762,0.0048943333,-0.047185429,-0.0075147143,0.007298619,-0.003086619,-0.010896381,-0.0027717619,0.0053271429,-0.0022744286,-0.0058479524,0.0024356667,0.000035666667,0.025095619,0.0087389524,0.0028345238,0.034134381
Jingpo_Yunnan_(low_res)_(n=59),0.012501203,-0.4306361,-0.013391,-0.046134254,0.053230153,0.022089051,0.0034335254,-0.000054762712,-0.0032931525,0.0074716271,-0.051639525,-0.0062943729,0.009854322,-0.0036038136,-0.011000237,-0.0022876949,0.0037391864,-0.00088898305,-0.0056244576,0.0041078475,0.0034705763,0.024653,0.0065363898,0.00068215254,0.037968729
Jingpo_Yunnan_o1_(n=1),0.017073,-0.437693,-0.007165,-0.072029,0.069551,0.026774,0.003055,0.002308,-0.013703,-0.001276,-0.052614,-0.007044,0.015163,-0.00578,-0.005157,-0.001061,-0.007302,0.004054,-0.007039,-0.009379,0.014724,0.012118,0.014666,0.000482,0.018082
Jingpo_Yunnan_o2_(n=1),0.018212,-0.416367,-0.039598,-0.047158,0.0834,0.036535,0.003055,-0.001154,-0.00409,-0.006014,-0.008607,-0.004796,0.011893,0.00578,-0.003664,0.000796,0.004694,-0.001267,-0.011061,0.007504,-0.005989,0.016322,0.00912,0.001084,0.038559
Jingpo_Yunnan_o3_(n=1),0.017073,-0.399103,-0.022627,-0.030362,0.048009,0.020359,0.01034,0.006,-0.000614,0.00328,-0.043358,-0.009292,0.007433,-0.004542,-0.005293,-0.001989,0.007432,-0.004054,-0.003142,0.001376,0.002995,0.023865,-0.001602,-0.002892,0.036404
Jola_Gambia_(n=114),-0.62533815,0.063907044,0.019454798,0.011846167,-0.00046701754,0.009886,-0.033245711,0.037623947,-0.033292553,0.024900789,0.0046308947,-0.0015367807,0.017598026,-0.000055508772,0.012062447,-0.010066316,0.0098920614,0.0015158333,-0.0021787632,-0.0010860439,-0.0015750702,-0.0023212193,0.00028652632,-0.0026983947,0.0016712193
Jordanian_Arab_Christian_(n=18),0.083596778,0.14578483,-0.049863833,-0.085272,-0.0086511111,-0.033528944,-0.0034727778,-0.0056920556,0.010669278,0.008069,0.0057467222,-0.0069689444,0.016707833,0.0027525,-0.0053836111,0.0026149444,-0.0046504444,0.00041527778,0.0021577222,0.0018967778,-0.0005615,0.0036890556,-0.0011981667,0.0018341667,0.00041911111
Jordanian_Arab_Muslim_(n=42),0.044729292,0.13347725,-0.046832067,-0.074523485,-0.012176032,-0.02708619,-0.0068218995,-0.0037649633,0.014278006,0.0014434438,0.0063881952,-0.0077638457,0.017282364,0.00013966381,-0.00092874286,0.0068023443,-0.0029938624,0.0010734381,0.00037209381,0.00423104,0.000073540476,0.0022495629,-0.00080177762,0.00095661143,-0.0004239019
Ju/'hoansi_(n=22),-0.61423091,0.059223773,0.018976091,0.027469682,0.0013989091,-0.0033720455,0.24019164,-0.18776486,0.022739318,0.0062955,0.0023988636,-0.058952182,-0.020488273,0.0068310909,0.021943545,-0.023667227,0.034403545,0.30029805,-0.097610273,0.00082427273,-0.037938682,-0.0028664091,0.0047955,-0.0042227273,0.000054318182
Juang_(n=25),-0.00059196,-0.2628596,-0.16395696,0.09472944,0.02139472,0.06650988,-0.00806544,0.01241488,0.07420952,0.04560272,0.03372488,0.0041842,-0.00529812,0.01818828,-0.02382708,-0.02650204,0.01027424,-0.0034104,-0.00511848,0.03233552,-0.00012484,0.02224752,-0.01105784,0.01257028,0.01567276
Juang_o1_(n=1),0.018212,-0.210215,-0.151225,0.097546,0.007694,0.068886,-0.0047,0.013384,0.066879,0.037905,0.017051,0.001948,-0.0055,0.011147,-0.015744,-0.025457,0.002217,-0.003041,-0.001131,0.029514,0.001248,0.020526,0.000246,0.00964,0.009819
Juang_o2_(n=1),0.006829,-0.233572,-0.16895,0.110467,-0.005539,0.069444,0.000235,0.003692,0.082628,0.052848,0.012342,0.005995,0.000446,0.009634,-0.028908,-0.02612,0.01017,0.006208,0.006285,0.022136,0.008984,0.012242,0.002218,0.014098,0.005748
Kaba_(n=2),-0.620336,0.0614395,0.0169705,0.011628,0.0004615,0.0092035,-0.031844,0.0305755,-0.017794,0.0031895,-0.0034915,0.0064445,0.005649,0.0002755,0.005768,-0.0023865,0.008866,-0.003927,-0.0001255,-0.0043145,-0.000686,0.0022255,-0.000493,0.0006025,-0.002754
Kadar_(n=20),0.00927655,-0.1553252,-0.1854302,0.13283475,-0.05456395,0.0543279,-0.00565175,0.0159338,0.08276055,0.0537232,0.00215975,-0.00038965,-0.00078045,0.01221395,-0.0218918,-0.0179792,0.0139966,-0.00040535,-0.00243235,0.02314235,0.00678185,0.01016435,-0.00510855,0.00550665,-0.0076999
Kaingang_(n=1),0.050897,-0.31142,0.115329,0.100359,-0.107091,-0.015241,-0.303179,-0.361892,-0.014562,-0.016655,-0.008362,-0.007629,0.002247,0.024535,-0.008921,0.002372,0.008327,0.003135,0.000534,0.001907,-0.004015,0.008824,-0.001935,0.001067,0.005261
Kaitag_(n=8),0.11453437,0.10853463,-0.018337625,0.01292,-0.04019975,0.011050875,0.004758875,-0.005941875,-0.0560395,-0.040388125,-0.002070375,0.008149,-0.010870875,-0.00514375,0.016948,-0.004077,-0.005459875,-0.002407125,-0.000660125,0.00436125,0.00076425,0.00098925,0.007610625,0.0095945,-0.001691375
Kakwa_(n=3),-0.591121,0.051792,-0.001886,-0.0017226667,0.000513,-0.0011156667,0.014492667,-0.0054613333,0.058766667,-0.074717,-0.016401333,0.027325667,-0.025668667,-0.00050466667,0.011536333,-0.018297667,0.009344,-0.0079393333,0.018100333,-0.018008667,0.001913,0.0061413333,-0.0028756667,-0.0060246667,0.0036723333
Kalash_(n=23),0.083882609,0.02499087,-0.084032261,0.066594174,-0.071678783,0.040305739,0.0031163043,0.0020167391,-0.030927565,-0.025156565,-0.005591913,-0.00049508696,-0.0023915217,-0.010902087,0.016611,0.0087623478,-0.013820739,0.0021041304,0.00067213043,-0.012832261,-0.0039224783,-0.0053922609,0.0028615217,-0.0034262609,0.0033529565
Kalenjin_Kenya_(n=1),-0.489989,0.068499,-0.0063,-0.025407,-0.002167,-0.013395,-0.005565,0.005765,0.084995,-0.084216,-0.015501,0.010857,-0.030824,0.000152,0.004482,-0.010533,0.013108,0.000545,0.010593,-0.013308,-0.000965,0.002413,-0.002999,-0.000526,0.003352
Kalmyk_(n=13),0.046667538,-0.33449992,0.063559385,-0.024349231,-0.047298615,-0.026108462,0.015980846,0.016579154,0.00037761538,0.0064203846,-0.030216846,-0.0029626923,0.000091538462,-0.0010903077,0.00086669231,0.00099953846,-0.0039516154,0.0015689231,0.0069617692,0.010764692,-0.017037308,-0.0072763846,-0.015955923,6.67e-20,0.00025792308
Kalmyk_Buzava_(n=10),0.0497407,-0.3234461,0.0624135,-0.0224162,-0.0472395,-0.0249608,0.0149469,0.0189223,0.0021064,0.0078544,-0.0275571,-0.0015137,0.0011594,0.0015139,0.0028094,-0.0003448,-0.002373,-0.0029519,0.0031299,0.0115181,-0.0168578,-0.0076293,-0.0189186,-0.0011928,0.0000599
Kalmyk_Dorbet_(n=7),0.049269143,-0.32656529,0.061632286,-0.023394429,-0.046689857,-0.023705857,0.014940286,0.017142143,-0.00099328571,0.0042174286,-0.029067571,-0.0035968571,0.00087057143,0.00055057143,-0.00031014286,-0.0019888571,0.00018628571,-0.0019365714,0.0061592857,0.010165429,-0.014670429,-0.005741,-0.014825,-0.001394,-0.0028397143
Kalmyk_Khoshut_(n=5),0.0496268,-0.3259848,0.0623758,-0.0291346,-0.0465932,-0.0256022,0.015793,0.0193378,-0.0032316,0.0090024,-0.0304964,-0.0015288,-0.0008322,0.0018166,0.0021714,0.0055688,0.004433,-0.0014696,0.0045252,0.0100048,-0.0150734,-0.0058366,-0.0157264,0.0000482,-0.0015328
Kalmyk_Torgut_(n=8),0.051362625,-0.33169725,0.06321475,-0.024507625,-0.046085375,-0.0245075,0.01662725,0.0146245,-0.002607625,0.00498875,-0.031544,-0.0018545,-0.001319375,-0.000172,0.001323125,0.003464125,0.000928875,-0.002422875,0.003111125,0.011849625,-0.014006375,-0.009444,-0.017917,-0.00058725,0.001062625
Kalmyk_Xinjiang_(n=4),0.0460985,-0.32928525,0.06175325,-0.02301375,-0.04647025,-0.0192435,0.0139245,0.0141915,-0.0017895,0.004738,-0.03661875,-0.0018735,-0.00141225,0.0021675,0.000034,-0.0019225,-0.001695,0.00120325,0.00370825,0.01037975,-0.01201,-0.00565725,-0.011308,-0.002169,2.5e-7
Kalmyk_Xinjiang_o_(n=1),0.040976,-0.365591,0.053551,-0.04522,-0.021542,-0.013108,0.018566,0.015922,0.001841,0.004374,-0.035401,-0.005095,0.00669,0.00055,0.00095,-0.000133,0.002608,0.003421,-0.01081,0.006003,-0.005989,-0.003957,-0.001972,-0.00723,-0.000838
Kambera_Rindi_(n=3),-0.003794,-0.37743867,-0.11099933,0.034776333,0.15643933,-0.061727667,-0.004935,-0.0053073333,-0.022293,-0.017069333,0.050935667,0.004396,-0.006789,0.00032066667,0.006786,0.0030493333,-0.001043,-0.00012666667,0.0018436667,0.0021256667,-0.006863,-0.01694,-0.0085453333,0.002691,-0.021954
Kambera_Wunga_(n=26),-0.0013132692,-0.37742546,-0.10908935,0.034958538,0.15601727,-0.063029308,-0.0028019231,-0.0074731538,-0.021805385,-0.017711885,0.049441,0.0057526154,-0.007879,-0.000026461538,0.0079865385,0.0028455,-0.0032445769,0.0035570769,0.0039740385,-0.0037758846,-0.0049718846,-0.0143105,-0.0061339231,-0.0044676538,-0.022356308
Kanjar_Uttar_Pradesh_(n=13),0.047805846,-0.069837154,-0.15163162,0.11533685,-0.073599538,0.065303385,-0.00068692308,0.011662231,0.044318769,0.023606615,-0.0061707692,0.00032276923,-0.0014293846,0.00074107692,-0.0042700769,-0.011566,0.00027084615,0.001267,-0.00012569231,0.001414,-0.00024953846,0.000038076923,0.0054513846,-0.0071557692,-0.017741385
Kannadiga_Brahmin_Havyaka_(n=5),0.053952,-0.0396058,-0.1387806,0.1001302,-0.0703516,0.0543838,0.003807,0.0137532,0.0227838,0.0186976,-0.0036374,0.004496,-0.0028542,-0.0030554,0.0033658,-0.0008754,-0.0068322,-0.0023308,0.0003016,-0.0051274,-0.0014974,0.0010882,0.0021446,-0.0006988,8.67e-20
Kannadiga_Brahmin_Karnataka_(n=1),0.050082,-0.040621,-0.132369,0.093347,-0.065858,0.048527,-0.00094,0.00923,0.023316,0.009659,-0.006171,0.001948,0.004311,-0.011423,-0.000679,0.008088,0.013299,-0.005321,0.001257,0.003377,0.000374,-0.003091,-0.006655,-0.002771,0.003832
Kannadiga_Korama_(n=5),0.035513,-0.086523,-0.17076,0.113051,-0.0742908,0.0611328,-0.00188,0.013984,0.0553442,0.0294494,-0.0047742,-0.002068,0.0037462,0.0083124,-0.0055918,-0.0067618,0.004772,0.0019004,-0.0024386,0.005978,0.0029948,-0.0000742,-0.002095,-0.0040246,-0.0020596
Kannadiga_Kuruba_Karnataka_(n=5),0.0434806,-0.0781956,-0.1678188,0.1116942,-0.0717672,0.0604632,-0.00282,0.0159222,0.0398004,0.0207386,-0.0051314,-0.0001198,0.0039544,0.0048718,-0.0061074,-0.0008484,0.0019818,0.0013934,0.0002512,-0.0010002,0.0023208,-0.0010632,0.000148,0.0018556,-0.0002874
Kannadiga_Lingayat_Devanga_(n=1),0.04062,-0.082984,-0.184792,0.123457,-0.079477,0.068481,-0.004641,0.013524,0.053597,0.034934,-0.003064,0.001034,-0.00069,0.005612,-0.008081,-0.006467,0.004612,-0.001343,-0.001447,0.006321,-0.000616,0.004094,-0.001605,0.003172,0.005684
Kannadiga_Lingayat_Karnataka_(n=3),0.036802667,-0.076841667,-0.16756733,0.11488133,-0.070372,0.060612333,-0.00188,0.011153333,0.044995333,0.028186,-0.004168,-0.0043963333,0.000842,0.0096336667,-0.0095003333,-0.005436,0.008084,0.00080233333,0.0025556667,0.002626,0.0043256667,0.0040393333,0.0023006667,0.00084333333,0.001996
Kannadiga_Lingayat_Tamil_Nadu_(n=5),0.033464,-0.0942412,-0.1783782,0.1179606,-0.073306,0.0591246,-0.002538,0.013015,0.05154,0.032183,-0.0068204,0.0014686,-0.0031814,0.0035506,-0.0111834,-0.0005038,0.0088404,0.0013174,0.0004274,0.0010006,0.003569,-0.0018052,-0.0021446,0.0033018,-0.0059394
Kannadiga_North_Karnataka_(n=8),0.02817125,-0.116405,-0.17724663,0.12689962,-0.06793575,0.0622625,-0.000146875,0.013614625,0.068080875,0.0452855,-0.005541375,-0.0006745,-0.00211825,0.00540175,-0.013046,-0.013507625,0.00881725,0.001013625,-0.001979875,0.013912875,0.004866375,0.005007875,-0.002742125,0.00230425,-0.006167
Kannadiga_Scheduled_Caste_(n=5),0.0314152,-0.1058184,-0.1770958,0.1235808,-0.073183,0.0638102,-0.000329,0.0122766,0.0630344,0.0416592,-0.005716,-0.002248,-0.001457,0.005312,-0.0153364,-0.0146908,0.0002084,-0.0009124,0.0025394,0.0085042,-0.0013224,0.0057128,0.0005174,0.003229,-0.0072328
Kannauji_Brahmin_Kanyakubja_(n=4),0.066871,-0.02158,-0.1142675,0.09568875,-0.0680895,0.05612675,0.00146875,0.01015325,0.0130385,0.00660625,-0.0053995,0.00014975,0.0010035,-0.002305,0.00587,0.004475,-0.002412,0.00095,0.00191675,0.00062525,0.001747,-0.00061825,0.0043755,0.0020785,0.0016165
Kanwar_Chhattisgarh_(n=5),0.0066018,-0.2368216,-0.1675924,0.0985154,0.005478,0.0672684,-0.002679,0.013661,0.073056,0.0464704,0.0248454,0.004496,-0.007076,0.01679,-0.0185392,-0.0247412,0.012908,-0.0003546,-0.0061594,0.0279632,0.00005,0.0202544,-0.0038452,0.009447,0.0085262
Karachay_(n=29),0.10581614,0.083203379,-0.027633862,-0.017932069,-0.034043379,-0.0020773103,0.0083791724,-0.001114,-0.048020759,-0.023187931,-0.0039421034,0.0075967241,-0.017583034,0.001865069,0.0040295172,-0.017163448,0.0062854138,-0.0041063793,-0.0081877241,0.015084828,0.0049739655,0.00096789655,-0.00037393103,-0.0063654138,-0.0018126897
Karaite_Jew_Crimea_(n=5),0.1050546,0.1332412,-0.0303692,-0.050389,-0.0127946,-0.0150026,0.0028818,-0.0028896,-0.014877,0.0043954,0.0026592,0.0018604,-0.0024506,0.0029284,-0.0065548,-0.000198,0.0031328,0.0006498,0.00238,0.0001818,0.0006298,0.0002908,-0.0011208,-0.0006182,-0.0005822
Karaite_Jew_Egypt_(n=4),0.08087925,0.144588,-0.046192,-0.07423525,-0.01035225,-0.02290925,-0.002033,-0.00327225,0.002044,0.00641725,0.006169,-0.00671925,0.01246925,0.00388475,-0.006833,0.00320525,-0.00539625,-0.001449,0.00091125,-0.0006445,-0.00368375,0.00064225,-0.001491,0.002618,-0.0001145
Karaite_Jew_Iraq_(n=3),0.081728,0.147439,-0.054295,-0.080880667,-0.015233667,-0.028556667,-0.003031,-0.0066966667,0.001191,0.0034986667,0.008236,-0.0052136667,0.011426667,0.0052693333,-0.005696,-0.000418,-0.0070316667,-0.0014223333,-0.0013733333,0.0015103333,0.0023103333,0.004545,-0.0019626667,-0.001397,0.000356
Karakalpak_(n=22),0.068914818,-0.18464177,0.041020409,-0.0048890455,-0.035307227,-0.011231591,0.011611636,0.010803682,-0.0061728182,-0.0043570909,-0.020756091,-0.0022548636,0.0016689091,-0.0019141818,0.0026588636,0.0011028636,-0.0011617273,-0.00099627273,0.0019255,0.0071057273,-0.011632909,-0.0042267273,-0.0087002273,0.0011612273,0.00028313636
Karapapakh_Turkey_Ardahan_(n=3),0.094060667,0.093102,-0.048127667,-0.041325667,-0.031192,-0.004988,0.0022743333,-0.00036866667,-0.028148,-0.010615333,-0.001839,-0.00068266667,0.0020106667,-0.0010106667,0.00039566667,0.00057766667,-0.0036836667,0.0011983333,0.00041366667,-0.0054046667,-0.0037536667,-0.0011326667,0.00056366667,-0.0049126667,0.0018536667
Karapapakh_Turkey_Igdir_(n=1),0.091254,0.085872,-0.048717,-0.035708,-0.034338,-0.004502,0.007589,-0.00136,-0.030594,-0.009795,0.000581,0.000665,-0.000902,-0.00696,-0.002822,0.003371,0.00057,0.001533,0.000028,-0.010279,-0.005811,0.000787,-0.00246,-0.001542,0.002716
Karapapakh_Turkey_Kars_(n=3),0.093411,0.086515333,-0.045626,-0.036879333,-0.032778,-0.0027433333,0.0062696667,-0.0024496667,-0.029048333,-0.012127,-0.0039733333,0.0047226667,-0.002597,-0.00083566667,0.002192,-0.00052633333,-0.00087666667,0.00013966667,-0.0010793333,-0.0051326667,0.0031573333,-0.0036633333,-0.00097266667,-0.0028253333,0.0026086667
Karata_(Ciscaucasian_Profile)_(n=8),0.11339625,0.11081963,-0.0256915,0.004400875,-0.0404305,0.009726375,0.008636625,-0.004240125,-0.0595165,-0.037085,-0.003674,0.007099875,-0.01311925,-0.005178,0.013996125,-0.0086515,-0.002738,-0.0035155,-0.0062535,0.006643875,-0.000078,0.00134475,0.003574125,0.005919375,-0.000359375
Karata_(Transcaucasian_Profile)_(n=10),0.1096116,0.1221681,-0.0460088,-0.0267767,-0.0388071,-0.0009761,0.0061571,-0.0053305,-0.0548942,-0.0235449,0.0010068,0.0077183,-0.0166203,0.0001239,0.0060531,-0.013922,0.0019036,-0.0021918,-0.0059958,0.01013,0.0055029,-0.0007419,0.0027484,-0.0021085,0.0020837
Karelian_(n=19),0.12700258,0.075790474,0.094022158,0.081056,0.027470684,0.022898474,0.010686789,0.01523,0.0016899474,-0.029397526,0.0053844211,-0.010072684,0.019842158,0.0092423684,-0.0053358947,0.0012840526,-0.0024910526,-0.0010069474,-0.0013495263,0.0028171579,0.0069745263,-0.00036452632,0.0017838421,-0.00036147368,0.0037185789
Karelian_Northern_(n=11),0.12758536,0.076349273,0.094588636,0.079428636,0.025711,0.022260545,0.0070929091,0.015104182,0.0018035455,-0.030367091,0.0049010909,-0.010926636,0.017244818,0.010359273,-0.0028872727,0.000084363636,-0.0025957273,-0.0016813636,-0.0018855455,0.0058095455,0.0054222727,-0.00060709091,0.0016805455,0.0027275455,0.0033965455
Karelian_Southeast_(Ludic)_(n=4),0.12776625,0.07743425,0.09230025,0.0750975,0.025774,0.022102,0.01092775,0.012519,0.00117625,-0.028383,0.00759175,-0.010603,0.0187685,0.012558,-0.0028165,-0.00082875,-0.00394425,-0.00126675,-0.00094275,0.00581525,0.00249575,-0.0019165,-0.001448,0.0010545,0.00434075
Karelian_Southern_(n=9),0.12722889,0.081129444,0.089754778,0.080319333,0.028449667,0.021288556,0.011855,0.01482,0.00065911111,-0.029522111,0.0047994444,-0.012172556,0.019375444,0.0070187778,-0.0047956667,0.0019741111,0.00066622222,-0.0015061111,-0.0028352222,0.0035574444,0.0054903333,-0.0029951111,0.000356,0.0016603333,0.0019293333
Karelian_Southwest_(Livvi)_(n=4),0.12805125,0.0743875,0.0938085,0.08163825,0.03039025,0.021684,0.01145675,0.0162685,0.003528,-0.02874775,0.004141,-0.0119895,0.01876825,0.00550475,-0.003868,0.00367925,0.00456325,0.000095,-0.00263975,0.00212625,0.00492875,-0.000804,0.003266,0.00153625,0.00344275
Karelian_Tver_(n=11),0.129034,0.091397545,0.086017727,0.075728818,0.030858818,0.021398636,0.0098918182,0.014810455,0.00079954545,-0.027501,0.0027458182,-0.0092509091,0.017231182,0.014187636,-0.0053918182,-0.0010969091,-0.0017189091,-0.0011288182,-0.000034363636,0.0031037273,0.004492,-0.0015850909,0.0038207273,-0.0015992727,0.0014260909
Karen_S'gaw_Thailand_(n=10),0.010244,-0.420937,-0.0415964,-0.0361114,0.0970642,0.0460729,-0.000282,-0.0058382,-0.0021474,-0.0030615,0.0108313,0.0041812,-0.0002081,0.005092,-0.004438,-0.0020021,0.0016949,-0.0037245,-0.0046007,0.0079662,-0.0098076,0.0198462,-0.0009983,0.0037114,0.0441997
Karitiana_(n=14),0.058049857,-0.32025443,0.117985,0.10709836,-0.11281221,-0.014004214,-0.32070557,-0.37908857,-0.014711143,-0.019226071,0.0014497857,-0.0020980714,-0.0013272143,0.027544214,-0.0055353571,0.0044322857,0.010514643,0.001466,-0.000826,-0.0013488571,-0.0062122143,0.011782357,-0.0041639286,-0.0021689286,-0.0071849286
Kashmiri_Muslim_(n=28),0.068049964,-0.016720036,-0.11184321,0.073667071,-0.071474893,0.047142536,0.0014939286,0.0048459286,-0.00017528571,-0.00260325,-0.0079395357,-0.00040139286,0.00038760714,-0.0060996071,0.0059813929,0.0069514643,-0.00046557143,-0.00059725,0.00021096429,-0.0060743214,-0.00085567857,-0.0036212857,0.00052828571,-0.0014415714,0.0013771786
Kashmiri_Muslim_o1_(n=7),0.070732714,-0.0014508571,-0.11421357,0.076135714,-0.079882857,0.047809857,0.0043307143,0.008538,-0.0018992857,-0.0051285714,-0.004454,-0.0011132857,0.0015715714,-0.0049151429,0.0090545714,0.011762714,-0.010207143,0.00092314286,0.0048485714,-0.010915857,-0.0020677143,-0.0071011429,-0.00088042857,-0.0025818571,0.0018988571
Kashmiri_Muslim_o2_(n=3),0.064879,-0.037913,-0.11552467,0.085379667,-0.064319667,0.051501667,0.0013316667,0.006846,0.012203333,0.0035233333,-0.007524,-0.0011486667,0.00332,-0.0044036667,-0.00031666667,-0.000442,-0.00056533333,-0.0012666667,-0.0020113333,-0.005419,-0.00066533333,0.00065933333,0.0018486667,0.0027713333,-0.00079833333
Kashmiri_Muslim_o3_(n=1),0.053497,-0.070072,-0.139912,0.104006,-0.067089,0.06024,-0.00611,0.006923,0.030065,0.012392,-0.001137,-0.002248,-0.005649,-0.004542,-0.003122,0.003315,0.020861,-0.002407,0.005656,0.003627,0.017344,-0.004699,-0.006162,0.011447,-0.001796
Kashmiri_Muslim_o4_(n=1),0.062603,-0.06804,-0.1022,0.068153,-0.055395,0.03765,0.00376,0.005307,-0.010635,-0.006378,-0.019162,0.004496,0.003717,-0.006331,0.009636,0.008221,-0.000391,-0.00266,-0.005279,0.004252,-0.002496,-0.001113,0.003204,0.003133,0.00946
Kashmiri_Muslim_Srinagar_(n=15),0.0642722,-0.0196336,-0.11389053,0.075215933,-0.0711722,0.045682333,0.0022873333,0.0059074,-0.0024679333,-0.0031830667,-0.006398,0.0011788667,0.0007434,-0.0062848667,0.0050125333,0.0035622667,-0.0012604,0.00070093333,0.0014749333,-0.0072034667,-0.00021633333,-0.0046081333,0.0026621333,0.00052206667,0.0017724
Kashmiri_Pandit_(n=26),0.069733962,-0.015873,-0.11069773,0.076900269,-0.070728115,0.047371154,0.0037786923,0.0054369231,-0.00020738462,-0.0027665769,-0.006259,0.00066761538,-0.0012868846,-0.0062239231,0.0074410385,0.0068099615,0.00012096154,-0.00056938462,0.0007525,-0.0071747692,-0.0016753077,-0.0029535769,0.0021670769,-0.00036942308,0.00045438462
Kashmiri_Pandit_o_(n=1),0.0654,-0.0151,-0.1301,0.0686,-0.0964,0.0453,0.008,0.0068,-0.0138,-0.0109,0.0053,0.005,-0.0007,-0.002,0.0137,0.0061,-0.0052,0.0033,0.0067,-0.0062,0.004,-0.0099,-0.0006,-0.0087,0.0016
Kashubian_(n=2),0.1360185,0.128972,0.0782525,0.067184,0.0435465,0.0223115,0.0077555,0.0123455,-0.003681,-0.023144,-0.0038975,-0.00592,0.012562,0.0151385,-0.0023075,0.002055,-0.0028685,-0.002154,0.003268,0.004127,-0.001622,-0.0027205,0.006347,0.000542,-0.0011375
Kassena_Ghana_(n=50),-0.62281726,0.06470946,0.01932368,0.01441872,0.00028928,0.01309672,-0.0465132,0.04809956,-0.042905,0.0299304,0.003342,0.0018703,0.02088682,-0.00087806,0.0122555,-0.01033408,0.00996656,-0.00162414,0.0022877,-0.0015107,0.00027712,0.00183006,-0.00041656,-0.0000627,-0.0000216
Katkari_Gujarat_(n=5),0.0223092,-0.1232854,-0.1772468,0.1302992,-0.0595806,0.0662086,-0.006063,0.0146302,0.068311,0.0455226,0.0034754,-0.0008092,-0.0036272,0.0121106,-0.010722,-0.0161492,0.004746,-0.00413,-0.0026396,0.0117554,0.0075618,0.009274,-0.0021938,0.001687,-0.007089
Kauravi_Bania_(n=6),0.048374667,-0.067025167,-0.15417933,0.11175867,-0.072782667,0.060472667,0.00062666667,0.015153167,0.039029833,0.027517833,-0.006306,0.0018983333,-0.0016105,-0.0013303333,0.0010631667,-0.0059666667,-0.00058666667,0.004645,0.0018853333,0.0055651667,0.0035978333,-0.0016281667,0.0037591667,0.0061653333,-0.0044308333
Kauravi_Chhipi_(n=2),0.0569115,-0.0599165,-0.1444375,0.1135355,-0.070013,0.0614955,-0.000235,0.0077305,0.0297585,0.01467,-0.0059275,0.007044,-0.008028,-0.004817,0.0017645,-0.000331,0.0079535,0.0059545,-0.006788,-0.0016255,0.003057,0.0037715,-0.00419,0.0034945,-0.0036525
Kauravi_Chhipi_o_(n=2),0.0108135,-0.204629,-0.174984,0.117896,-0.028313,0.063029,-0.0066975,0.014192,0.0821165,0.0518465,0.0115295,0.0039715,-0.0041625,0.016996,-0.016965,-0.023468,0.0077575,-0.00209,-0.0032055,0.020885,0.001622,0.014962,-0.007087,0.0130135,0.006227
Kauravi_Gadaria_Pal_(n=4),0.04353725,-0.0721025,-0.15169675,0.11297025,-0.06670475,0.0617045,-0.00052875,0.0084805,0.03931975,0.0198635,-0.00341025,0.00029975,-0.00167225,0.00340625,-0.00318925,-0.00377875,0.00179275,0.00218525,-0.00197975,0.00509625,0.00280775,-0.001762,-0.0043445,0.0084045,-0.004161
Kauravi_Gadaria_Pal_o_(n=1),0.026179,-0.119832,-0.184789,0.12694,-0.07109,0.056336,-0.002585,0.011307,0.060744,0.047564,-0.003573,-0.005095,0.002527,0.010046,-0.009908,-0.009414,0.005737,-0.002534,-0.001131,0.010255,0.006364,0.004328,-0.001232,-0.000843,-0.001676
Kauravi_Jogi_(n=8),0.044391,-0.073498875,-0.14542737,0.103522,-0.068628125,0.06128625,-0.000323125,0.009836,0.03753025,0.026150875,-0.004607875,0.001161375,-0.00085475,-0.00247725,-0.006582375,-0.00424275,0.0064375,0.002153875,-0.004431,0.001860375,0.001403875,-0.000401875,0.002680625,0.0035245,-0.001407125
Kauravi_Jogi_o_(n=1),0.059188,-0.024373,-0.113136,0.099807,-0.059396,0.053268,-0.00282,0.004846,0.01268,0.007289,-0.007957,-0.006145,-0.000743,-0.002477,0.004614,0.00411,-0.009779,0.008488,0.001634,-0.006878,-0.008859,0.007419,-0.000986,0.009037,0.001916
Kauravi_Rajput_(n=2),0.070001,-0.012694,-0.11917,0.086564,-0.0753985,0.0520135,0.0038775,0.009807,0.014317,0.004009,-0.0030045,0,0.001189,-0.000619,0.002443,0.000663,-0.013299,0.001837,-0.000754,-0.0118805,0.001123,-0.005008,0.003451,-0.00247,0.0003805
Kauravi_Syed_(n=4),0.06630175,-0.02716525,-0.11681325,0.07905425,-0.0707055,0.0481085,-0.00193875,0.005769,0.00874325,0.0083375,-0.001705,0.00314725,0.0023785,-0.0048855,0.0031215,0.012132,0.003781,-0.00060175,-0.00116275,-0.00484625,0.00081075,-0.00068,0.0048375,0.00427775,0.00353275
Kauravi_Tyagi_(n=1),0.063741,-0.019295,-0.110873,0.097223,-0.069859,0.062472,0.008695,0.015922,0.014726,0.000729,-0.008607,-0.006145,-0.003122,-0.003028,0.007465,0.002917,0.007562,-0.003041,0.00176,-0.006753,-0.003369,-0.006059,0.005546,-0.008676,0.007784
Kazakh_(n=23),0.066561652,-0.22226843,0.046844957,-0.0089176087,-0.036862957,-0.014599348,0.011464478,0.012099739,-0.0042682174,0.000023826087,-0.023002609,-0.0029646957,0.0009696087,-0.000059869565,0.0016639565,-0.001446913,-0.0062016957,0.00055091304,0.0013662174,0.0050839565,-0.013791043,-0.0045428261,-0.0091845652,0.00012573913,-0.00041652174
Kazakh_Gansu_(n=8),0.053354875,-0.28320575,0.048931375,-0.013848625,-0.03654525,-0.016350125,0.012103,0.013586125,-0.003118875,-0.00173125,-0.030447875,-0.001536125,-0.00027875,-0.0029245,0.00549675,-0.0002485,-0.001971875,0.000189875,0.0021055,0.0083635,-0.012166125,-0.00188575,-0.00816525,-0.00295225,0.00044925
Kazakh_Kazakhstan_(n=3),0.062982333,-0.21867733,0.047894333,-0.0065676667,-0.036724667,-0.015153333,0.010262,0.014614667,-0.00709,0.0060746667,-0.025711667,-0.001049,0.000347,-0.003578,0.006424,-0.0027846667,-0.001521,0.0019423333,0.0014246667,0.006461,-0.012727333,0.0017313333,-0.011215667,-0.00040166667,-0.000399
Kazakh_Kazakhstan_(Eastern_European-Mixed)_(n=10),0.0921966,-0.0904836,0.0598869,0.0178942,-0.010648,-0.0015059,0.0120327,0.0121841,-0.0067903,-0.0094215,-0.0124388,-0.0039716,0.0057532,0.0069775,-0.0029044,-0.0026651,-0.0060107,-0.0009882,0.0020113,0.0020383,-0.0093086,-0.0034746,-0.0058049,0.0000964,-0.0002994
Kazakh_Kazakhstan_Abai_(n=3),0.063361333,-0.23864967,0.052419667,-0.015181,-0.044828667,-0.015431667,0.00893,0.0097686667,-0.0067493333,0.0023083333,-0.029284,-0.004696,-0.0010406667,0.0074316667,0.002217,-0.003138,-0.012951667,0.0026183333,0.0077933333,0.00717,-0.0094003333,-0.003998,-0.011051333,-0.0044986667,0.002834
Kazakh_Kazakhstan_Akmola_(n=25),0.06360432,-0.23300308,0.04717016,-0.00854012,-0.03885032,-0.01623144,0.01050968,0.0126918,-0.00592308,-0.00164012,-0.02375416,-0.00225996,0.0009514,-0.00098536,0.00238324,-0.00072656,-0.0021226,-0.00049668,0.00316776,0.00833392,-0.01357112,-0.0054012,-0.01169368,-0.00176404,0.00040232
Kazakh_Kazakhstan_Akmola_o_(n=3),0.070570333,-0.167224,0.048271333,0.000969,-0.030775,-0.009668,0.012690667,0.010691667,-0.004704,-0.0043126667,-0.018403667,0.00015,0.0063426667,-0.000642,-0.00058833333,0.0016793333,-0.0057803333,-0.004223,-0.000838,0.0078373333,-0.013185,-0.0068423333,-0.010722667,-0.0014863333,1.45e-19
Kazakh_Kazakhstan_Aktobe_(n=4),0.06374075,-0.2231625,0.04695125,-0.014535,-0.034468,-0.014781,0.010869,0.01569175,-0.00956125,-0.000911,-0.0230185,-0.005395,0.0005575,0.00106625,0.00505525,-0.00351375,-0.00971375,-0.00034825,0.00713375,0.006847,-0.012353,-0.004606,-0.01238625,0.000241,0.0001795
Kazakh_Kazakhstan_Aktobe_o_(n=1),0.073985,-0.164516,0.062602,0.010013,-0.031698,-0.005299,0.011045,0.017076,-0.0045,0.003462,-0.015265,-0.01124,0.009514,0.005092,0.002172,-0.004375,-0.008605,0.007221,0.009302,-0.001,-0.007237,-0.014344,-0.014297,-0.000964,0.001078
Kazakh_Kazakhstan_Almaty_(n=44),0.064594545,-0.22787093,0.047225818,-0.0091467727,-0.036789955,-0.015338977,0.010505955,0.01199425,-0.0048806591,-0.0018804091,-0.021893,-0.0025749545,0.00086831818,-0.0020674318,0.0016378864,0.0014163409,-0.0017186364,-0.00087238636,0.0037281136,0.0071198636,-0.012424182,-0.0039231818,-0.010215591,0.000775,0.0025147273
Kazakh_Kazakhstan_Almaty_o_(n=7),0.075611,-0.17205957,0.048271286,-0.00027685714,-0.031962,-0.0098408571,0.008259,0.0083732857,-0.0075965714,-0.007706,-0.018025143,-0.0042388571,0.0047147143,0.0018087143,-0.0013184286,-0.0021214286,-0.0047495714,-0.0019544286,0.0021907143,0.0036622857,-0.011034,-0.0028085714,-0.0042257143,-0.0024442857,-0.00037642857
Kazakh_Kazakhstan_Atyrau_(n=3),0.063741,-0.232895,0.047391667,-0.0094746667,-0.042264,-0.015896667,0.011359,0.011076333,-0.0060676667,0.000668,-0.020569333,-0.0021483333,0.0015363333,0.000321,0.003031,0.0037566667,-0.00069566667,-0.0019846667,0.000503,0.012005667,-0.015389667,-0.00136,-0.014091333,-0.0018476667,0.000479
Kazakh_Kazakhstan_East_(n=7),0.065367,-0.22747871,0.046709,-0.0063215714,-0.038600571,-0.015498429,0.011112714,0.013977286,-0.0028632857,0.00057271429,-0.021481714,0.00012857143,0.0014228571,-0.00013771429,0.0020162857,0.00068185714,0.000745,-0.002968,0.0046867143,0.0094688571,-0.010891429,-0.0045222857,-0.0088211429,-0.00079171429,0.0010605714
Kazakh_Kazakhstan_Jambyl_(n=12),0.063551167,-0.21901592,0.045694417,-0.008721,-0.0358015,-0.013479833,0.012083417,0.014153333,-0.0051811667,-0.0014275,-0.023749167,-0.0023728333,0.0037289167,0.00095208333,0.00079166667,-0.00046408333,-0.00054316667,-0.0002745,0.0021891667,0.0049501667,-0.0123635,-0.0042969167,-0.0094799167,-0.00091375,0.0006985
Kazakh_Kazakhstan_Jambyl_o_(n=2),0.063172,-0.1883805,0.040729,-0.012274,-0.034468,-0.0096215,0.00752,0.0088845,-0.0099195,-0.003462,-0.020055,-0.003372,0.003345,0.001858,0.004343,-0.00537,-0.005998,0.005574,0.0017595,0.0018755,-0.0095455,-0.0016075,-0.0107225,0.0010245,-0.0005985
Kazakh_Kazakhstan_Jetisu_(n=1),0.062603,-0.230525,0.050157,-0.011628,-0.0397,-0.014781,0.013396,0.01223,-0.003272,0.009112,-0.023059,0.001948,-0.004162,-0.004679,-0.005293,0.010209,0.002868,-0.010135,0.015084,0.004752,-0.007362,-0.01694,-0.001356,0.003012,-0.000479
Kazakh_Kazakhstan_Karaganda_(n=52),0.065710962,-0.22794731,0.049895962,-0.0087334231,-0.037296769,-0.014620346,0.011086192,0.012855923,-0.0051405962,-0.0025828077,-0.023486923,-0.0019741538,0.0016838654,-0.00055311538,0.0027927115,-0.0011372115,-0.0029511538,0.00077469231,0.0011361154,0.0062072885,-0.012480346,-0.0045013462,-0.010961923,-0.00055846154,-0.0012089615
Kazakh_Kazakhstan_Karaganda_o_(n=5),0.077172,-0.1710152,0.0527216,0.0055556,-0.0310828,-0.008311,0.0107166,0.009323,-0.0055222,-0.008492,-0.019032,-0.0016486,0.0033894,-0.0038536,-0.0011402,0.000822,-0.0025034,-0.000304,-0.0015084,-0.0016758,-0.0087346,-0.0036352,-0.0102542,0.0034942,0.0036642
Kazakh_Kazakhstan_Kostanay_(n=24),0.064499708,-0.22608229,0.047737167,-0.0092593333,-0.039776542,-0.013712208,0.011446917,0.013384167,-0.0040734167,-0.0030979583,-0.022781708,-0.0014612917,0.00068141667,-0.00039575,0.002878375,0.001441875,-0.0014885833,-0.0011348333,0.001985,0.0079412917,-0.011791625,-0.0034365417,-0.0099317083,0.000015083333,0.0011425417
Kazakh_Kazakhstan_Kostanay_o_(n=1),0.078538,-0.157407,0.047517,0.008721,-0.029544,-0.016455,0.012456,0.020076,-0.003681,-0.002187,-0.011854,-0.005245,0.003865,-0.005367,0.001221,-0.007823,-0.009779,-0.008235,0.004399,0.004252,-0.005116,0.000371,-0.014297,0,-0.001437
Kazakh_Kazakhstan_Kyzylorda_(n=27),0.065385074,-0.21540511,0.045394148,-0.011891185,-0.038195148,-0.011950963,0.010122778,0.011914037,-0.0073097407,-0.0018426296,-0.022878741,-0.0019482963,0.0016958148,-0.00041285185,0.0017643333,-0.00045677778,-0.0020668519,-0.00032844444,0.00021885185,0.0061464444,-0.013397556,-0.0040530741,-0.010777296,-0.00013385185,-0.0015522963
Kazakh_Kazakhstan_Kyzylorda_o_(n=6),0.0722775,-0.17839483,0.043180333,-0.0036068333,-0.035237333,-0.010318667,0.011946333,0.013307167,-0.0064766667,-0.0022475,-0.019134833,-0.0029473333,0.0035181667,0.0016745,0.002556,0.005436,0.00076066667,-0.001288,0.0060961667,0.0068575,-0.0108765,0.000577,-0.008463,0.00040166667,0.0011976667
Kazakh_Kazakhstan_Mangystau_(n=2),0.07057,-0.2142765,0.0435575,-0.0124355,-0.032775,-0.009343,0.0126905,0.0145375,-0.0054195,-0.001185,-0.0227345,-0.0026225,0.001338,-0.0063995,-0.000475,-0.0027185,0.0039765,-0.0055745,-0.000754,0.0078165,-0.0134135,-0.0012985,-0.005793,0.001506,0.007245
Kazakh_Kazakhstan_North_(n=3),0.062982,-0.22341667,0.051414333,-0.014535,-0.036109333,-0.016826333,0.009087,0.011538,-0.006681,-0.0010933333,-0.019378333,-0.0036966667,0.0033696667,0.00082566667,0.00099533333,-0.0038893333,-0.0027813333,-0.00050666667,0.0059496667,0.0061276667,-0.0083186667,-0.000742,-0.010353,0.0014863333,0.0011576667
Kazakh_Kazakhstan_North_o_(n=1),0.067156,-0.175687,0.038466,0.011305,-0.028313,-0.021475,0.001175,0.012461,-0.006954,-0.013121,-0.015102,-0.006894,0.005054,-0.004404,0.001357,0.00305,0.00339,-0.000127,-0.001885,0.002126,-0.011105,-0.000866,0.002095,0.014098,-0.001437
Kazakh_Kazakhstan_Pavlodar_(n=6),0.067535167,-0.215123,0.047014333,-0.0082365,-0.036776,-0.013805,0.012259833,0.013884167,-0.004636,-0.0031588333,-0.024087667,-0.00079933333,0.0011645,-0.0010091667,0.0021488333,-0.0010606667,-0.0056935,-0.0025971667,0.0032051667,0.0066906667,-0.0121245,-0.0034418333,-0.0114005,-0.000703,-0.0044308333
Kazakh_Kazakhstan_Turkistan_(n=10),0.0674971,-0.2178309,0.0506472,-0.0070414,-0.0349294,-0.0119365,0.0103875,0.0112149,-0.0051744,0.0000911,-0.022702,-0.0004796,0.0022746,0.0005092,0.0037459,0.0008087,-0.0036116,0.0003421,0.0026018,0.0067282,-0.0143871,-0.0026214,-0.0084549,0.0007228,0.0010418
Kazakh_Kazakhstan_Turkistan_o_(n=1),0.067156,-0.177718,0.042992,-0.001292,-0.049855,-0.005857,0.008695,0.014076,-0.004909,-0.006378,-0.013316,-0.006444,0.002825,-0.00289,-0.002714,0.002121,-0.015907,0.00114,0.006034,-0.001,-0.017469,-0.005441,-0.010599,-0.000843,0.005149
Kazakh_Kazakhstan_West_(n=10),0.0653344,-0.2278849,0.0480073,-0.0101422,-0.0341294,-0.0143072,0.0133486,0.0110303,-0.006647,-0.0007654,-0.0194704,-0.0020831,0.0016502,-0.0012798,-0.0006243,-0.0006363,-0.0005607,-0.0006968,0.0022122,0.0081164,-0.0143996,-0.003351,-0.0115483,-0.0041331,0.0002036
Kazakh_Kazakhstan_West_o_(n=2),0.0773995,-0.1650235,0.0543055,0.0056525,-0.028467,-0.006972,0.010693,0.0138455,-0.0050105,-0.0057405,-0.015427,-0.003297,0.0021555,-0.001445,-0.005632,-0.008486,-0.009257,0.000507,0.005028,0.006253,-0.0172195,-0.0016695,-0.0114005,-0.0057235,-0.003772
Kazakh_Mongolia_(n=3),0.065258667,-0.236957,0.047642667,-0.011412667,-0.032929,-0.0096683333,0.011829,0.015076333,-0.0013636667,-0.000060666667,-0.017321667,-0.0028473333,0.004658,-0.00087166667,0.0020356667,0.00017666667,-0.002651,-0.001858,-0.001299,0.0056693333,-0.013226333,-0.00082433333,-0.0090796667,0.000964,0.00012
Kazakh_o_(n=4),0.07000125,-0.16756225,0.037052,-0.00702525,-0.03485225,-0.0068325,0.00658,0.009634,-0.0048065,-0.004966,-0.0189185,-0.0013115,0.00345625,0.00041275,0.0008485,-0.0023865,-0.00759475,-0.00041175,0.0018225,0.00325125,-0.0109495,-0.001762,-0.0103525,0.00060225,0.000988
Kazakh_Russia_Omsk_(n=6),0.064879,-0.23661833,0.05066,-0.0099591667,-0.037340333,-0.014502333,0.0142965,0.012884167,-0.0048743333,-0.001792,-0.0265235,-0.0012238333,0.000024833333,-0.00328,0.002556,0.0012596667,-0.0016081667,0.00021116667,-0.0010891667,0.0129645,-0.010959833,-0.0043071667,-0.011359333,0.00090366667,0.0025146667
Kazakh_Uzbekistan_(n=1),0.078538,-0.159438,0.052797,0.012274,-0.024004,-0.005857,0.011516,0.010615,-0.005522,-0.008201,-0.005846,-0.004646,0.01115,-0.013212,-0.006515,-0.003845,-0.009518,0.00114,-0.005279,0.002876,-0.007112,0.001484,-0.009983,0.010001,0.002874
Kazakh_Xinjiang_(n=12),0.062697417,-0.23797225,0.045819917,-0.010282167,-0.038494167,-0.01492075,0.010555917,0.01390325,-0.0064766667,0.000167,-0.025156667,-0.0018859167,0.0011520833,0.00008025,0.0013345833,0.0046738333,0.0024229167,-0.00063358333,0.00405375,0.0072011667,-0.01091825,-0.00448225,-0.0097981667,-0.0011045,-0.00039908333
Keiese_Faan_(n=2),-0.0113825,-0.3396945,-0.1499055,0.1151505,0.1717245,-0.195642,0.0036425,-0.0049615,-0.0243385,-0.0161275,0.027281,0.002323,-0.0032705,-0.0004125,0.0074645,0.0070935,-0.0012385,0.0017105,0.002891,-0.0072535,0.006239,-0.0140345,-0.002588,-0.001084,-0.031015
Keiese_Ohoidertutu_(n=2),-0.009675,-0.343249,-0.150094,0.1070755,0.172032,-0.187554,0.001175,-0.0058845,-0.0298605,-0.020137,0.026307,0.0048705,-0.007879,0.000482,0.0069895,0.0066295,-0.0069755,0.003294,0.005719,-0.005815,0.004305,-0.0173115,-0.0040055,-0.0075915,-0.0328715
Keiese_Waur_(n=2),-0.0136585,-0.3315705,-0.159145,0.1235485,0.1731095,-0.208192,-0.0012925,-0.003577,-0.028429,-0.01631,0.0268755,0.004196,-0.0010405,-0.001032,0.0074645,0.008022,-0.0100395,0.0051945,0.006662,-0.005565,0.0029325,-0.0191045,-0.001787,-0.005663,-0.020477
Kenyan_Bantu_(n=4),-0.580498,0.0655015,0.0118795,0.0037145,0.0026925,0.0023005,-0.01180925,0.0224415,0.01482775,-0.031891,-0.006008,0.0167475,-0.0343405,0.00543625,-0.04091975,0.02360075,-0.02549025,-0.001837,-0.0127585,0.00550275,-0.002059,0.00120575,-0.00228,-0.00009025,0.0007485
Keres_(European-Mixed)_(n=3),0.112763,0.019073333,0.072208,0.055845333,-0.0025,0.009397,-0.070330333,-0.083567333,-0.000581,-0.0013293333,-0.004455,0.002067,-0.008134,0.00054466667,0.011591333,0.003839,-0.005203,0.002729,0.0047903333,0.00133,0.0034823333,0.00057966667,-0.0000083333333,0.0085606667,0.00056666667
Ket_(n=48),0.072799354,-0.25633656,0.12341269,0.051471396,-0.10974481,-0.035395854,0.0081518125,0.012850438,0.0049511458,-0.025008042,0.067455479,-0.0047145625,0.017576,-0.10042448,-0.020558792,-0.013419146,-0.0095126458,0.0054423333,0.017142083,0.0056667708,-0.035177479,0.061882958,0.075548229,-0.037020792,-0.026801417
Ket_(European-Mixed)_(n=11),0.10254409,-0.070810091,0.098565727,0.056583727,-0.036845909,-0.0072006364,0.0084816364,0.013489,-0.002194,-0.026391182,0.031798636,-0.006962,0.014974273,-0.033742455,-0.016335636,-0.0074371818,-0.0050019091,-0.00078309091,0.003371,0.0026263636,-0.013725818,0.021178273,0.031002364,-0.014186,-0.0091554545
Ket_(European-Mixed)_o_(n=6),0.084987833,-0.17974867,0.11030783,0.048880667,-0.078937667,-0.0280285,0.006815,0.015076333,0.0014656667,-0.0274265,0.049095667,-0.0028973333,0.016352833,-0.0701645,-0.018412667,-0.012109833,-0.0080403333,0.0036738333,0.0072276667,0.0040228333,-0.025351,0.040805333,0.045539833,-0.019922333,-0.017902667
Ket_o_(n=4),0.0628875,-0.31125975,0.132275,0.03238075,-0.121946,-0.04943325,0.0162745,0.02088375,0.01242475,-0.00806375,0.071248,0.00251025,0.00590925,-0.06698775,-0.01662575,-0.009215,-0.002575,0.00966,0.02099175,0.00784775,-0.007019,0.02364875,0.0472345,-0.0144595,-0.009071
Khakass_(n=3),0.066396667,-0.251174,0.074544,0.015288667,-0.061036667,-0.015246,0.007677,0.010692,-0.0037496667,-0.0099016667,-0.0084983333,-0.003397,0.0042613333,-0.021147667,0.0061073333,0.002254,-0.006128,-0.0029563333,0.0040223333,0.014673667,-0.031860333,0.0084083333,-0.005957,-0.0035343333,-0.0064263333
Khakass_Kachins_(n=8),0.058619,-0.28764875,0.078959625,0.000524875,-0.06562775,-0.028865375,0.01254375,0.015691625,0.00209625,-0.000774375,-0.00667825,-0.003859,0.003066,-0.012214,0.001459125,0.003928,0.00074975,-0.002692125,0.0046195,0.0107865,-0.019839875,0.0061055,-0.00576175,-0.002741125,-0.006002375
Khakass_Koibals_(n=5),0.0596432,-0.2857702,0.0782904,0.0047158,-0.0667202,-0.024821,0.0088836,0.011307,-0.0029452,-0.0077996,0.0004874,-0.0047656,0.0018436,-0.0168448,0.0054288,-0.0028374,-0.010222,-0.0012416,0.0049776,0.01033,-0.0237582,0.0051934,-0.0037712,-0.003639,-0.0017722
Khakass_Koibals_(European-Mixed)_(n=2),0.07057,-0.195489,0.076933,0.0230945,-0.0472395,-0.0131075,0.0051705,0.014884,-0.003068,-0.009932,-0.0014615,-0.0047955,0.0019325,-0.01796,0.0044785,0.003381,-0.0014995,-0.0072215,0.003268,0.00594,-0.0194655,0.001051,0.0001235,-0.001446,-0.0059275
Khakass_Kyzils_(n=3),0.064879,-0.238311,0.074921333,0.017226667,-0.055702333,-0.021382,0.0065803333,0.0086153333,0.0026586667,-0.017859333,-0.004493,-0.0025476667,0.00089166667,-0.02257,0.0087766667,-0.00030933333,-0.013386333,-0.00021133333,0.0065363333,0.0080873333,-0.034189667,0.0098923333,-0.0074356667,-0.0011243333,-0.006107
Khakass_Kyzils_(European-Mixed)_(n=1),0.072847,-0.152329,0.071653,0.022933,-0.037853,-0.004462,0.011516,0.019153,-0.007363,-0.008747,0.005196,0.002248,-0.001338,-0.006331,0.004886,-0.008884,-0.006258,-0.003294,0.013827,-0.000875,-0.010731,-0.005317,0.000739,-0.001325,-0.012095
Khakass_Sagai_(n=7),0.066017429,-0.23995514,0.079680286,0.018272571,-0.061462,-0.018566143,0.0038272857,0.0060655714,-0.000263,-0.013772,-0.0074467143,-0.0030615714,0.0042051429,-0.027622857,0.006476,-0.00028414286,-0.0097417143,0.0026061429,0.0083498571,0.011987857,-0.038646143,0.0084438571,-0.0039262857,-0.0015492857,-0.005611
Khamnegan_(n=8),0.042826125,-0.386282,0.0822595,-0.027333875,-0.067589375,-0.0415895,0.017038375,0.02388375,0.010302875,0.01123025,-0.015914,-0.00189225,-0.003196125,0.0004645,-0.001187375,-0.003182125,-0.003373625,0.00193175,0.013276875,0.013740875,-0.00588025,-0.01485375,-0.011970375,-0.000632625,0.0040415
Khamnegan_o_(n=2),0.0478055,-0.345788,0.07995,-0.0256785,-0.0692435,-0.0398815,0.0177435,0.024461,0.00542,0.0089295,-0.013072,-0.0017985,-0.0037165,-0.0044035,0.002443,0.0034475,0.0025425,-0.0017735,0.008862,0.014507,-0.0164085,-0.005317,-0.0112775,-0.000663,0.007245
Khamseh_Turkic_(n=1),0.0899053,0.084539,-0.05784,-0.0325963,-0.037303,-0.0033423,0.003618,-0.003621,-0.027385,-0.009506,-0.000905,0.00051,-0.000071,-0.000623,0.000674,0.004388,0.000551,0.0009802,0.0016332,-0.003868,0.000243,-0.001394,-0.000429,-0.00191,0.00227
Khandeshi_Maratha_(n=8),0.0523375,-0.049325,-0.142925,0.1014125,-0.07285,0.057125,0.00025,0.00915,0.026975,0.0152375,-0.0051375,0.0003375,-0.002,-0.00205,0.0014125,0.003575,0.004875,-0.0008375,0.00005,-0.0032125,-0.000875,-0.003875,0.001625,0.001675,-0.0027125
Khanty_(n=34),0.083325235,-0.18888835,0.11356868,0.060838,-0.087075059,-0.023172529,0.0092206765,0.014300324,0.00045117647,-0.034271176,0.055350588,-0.0050337059,0.021813765,-0.075850382,-0.024445618,-0.012479029,-0.0055106471,0.0023214412,-0.0010943235,-0.011571706,-0.0048003529,0.024752353,0.019128647,-0.0031505882,-0.010044824
Khanty_(European-Mixed)_(n=1),0.087644,-0.133034,0.107102,0.057494,-0.069859,-0.010598,0.013631,0.017307,-0.00225,-0.027882,0.045794,-0.007943,0.012042,-0.050232,-0.019137,-0.010607,-0.011995,0.001394,-0.004274,-0.016508,-0.009982,0.023123,0.014666,0.000482,-0.007664
Khanty_Obdorsk_(n=12),0.085367417,-0.19438917,0.1138905,0.062958083,-0.090016667,-0.028702583,0.0093023333,0.0160185,0.000409,-0.031921667,0.055658667,-0.0044835833,0.021345167,-0.078078,-0.027325083,-0.016142833,-0.0018579167,0.0019425,-0.00244075,-0.010775917,-0.0029114167,0.022886083,0.022513417,-0.0012250833,-0.0076039167
Khanty_Obdorsk_(European-Mixed)_(n=4),0.10215625,-0.06677125,0.10040825,0.0602395,-0.034237,-0.00495025,0.00916525,0.0127495,-0.00373275,-0.0274265,0.0309755,-0.004009,0.02099825,-0.034062,-0.017033,-0.01276175,-0.00140175,-0.00107675,-0.0038335,-0.0095045,-0.00171575,0.01354025,0.0110615,-0.00147625,-0.00371225
Kharia_Chhattisgarh_(n=13),0.0071795385,-0.23060323,-0.17248923,0.10445369,-0.00071023077,0.066097154,-0.0072672308,0.012798308,0.073345385,0.046918846,0.022159769,0.0030319231,-0.0044026154,0.015646692,-0.018969538,-0.022978769,0.0098490769,-0.0013156154,-0.0045735385,0.028061462,-0.0016413077,0.016664615,-0.0066931538,0.010242308,0.010151231
Kharia_Chhattisgarh_o_(n=1),0.025041,-0.176702,-0.170081,0.111436,-0.030775,0.075022,-0.003525,0.005077,0.063811,0.039727,0.005034,0.004046,-0.001487,0.008395,-0.015879,-0.015778,0.010952,-0.002914,-0.001006,0.014257,0.001872,0.013354,-0.008997,0.001084,-0.003353
Kharwar_Chhattisgarh_(n=7),0.0030894286,-0.203251,-0.17449929,0.11752686,-0.019432,0.064583143,-0.0066137143,0.0098895714,0.073774714,0.048787286,0.018257143,0.003597,-0.0041622857,0.013919571,-0.021269286,-0.020134571,0.012405,-0.002226,-0.0042018571,0.024172286,0.0051874286,0.014202429,-0.0045424286,0.0089684286,0.0033528571
Khas_Brahmin_(Bahun)_Nepal_(n=35),0.068196216,-0.038270992,-0.10203812,0.08562271,-0.061936785,0.050527013,0.0010407429,0.0066722135,0.008221845,0.0016921869,-0.0090984238,-0.00028258468,0.0010236056,-0.0041365559,0.0032223213,0.0032086684,0.00049177367,-0.0016070961,-0.0010128071,-0.0031944268,-0.00045638818,-0.0015050052,0.0043523791,0.0024512256,0.0024393783
Khas_Dalit_Damai_Nepal_(n=2),0.034147,-0.174163,-0.1270895,0.0857565,-0.045085,0.053826,0.0017625,0.0104995,0.0388595,0.0298865,-0.0223285,-0.0049455,-0.0031215,0.0019955,-0.011197,-0.011469,0.009518,0,-0.0065995,0.0101925,0.003681,0.006739,0.0007395,0.002048,0.0083825
Khas_Dalit_Nepal_(n=3),0.026559,-0.174671,-0.13048367,0.089794,-0.045034,0.056615,-0.0020366667,0.011922333,0.048676667,0.033956333,-0.024358333,-0.0039466667,0.002775,0.0075693333,-0.014702667,-0.015999,0.0064323333,0,-0.0025136667,0.00717,0.0026203333,0.0051523333,0.0025466667,0.005824,0.0027143333
Khas_Kshatriya_Chhetri_Nepal_(n=24),0.050623667,-0.13174929,-0.089825292,0.064628708,-0.046359042,0.041693208,0.001448875,0.0074292083,0.014702667,0.010148667,-0.024759667,-0.0027005833,0.0014712083,-0.003366875,0.000534125,-0.00031170833,-0.00073908333,-0.00023704167,-0.002185375,-0.0016785,-0.0008925,0.0034105833,0.002907625,0.00125125,0.0065004583
Khasi_(n=3),0.018212,-0.31346,-0.084600667,0.019272333,0.031595333,0.049270667,-0.0047,0.0043076667,0.021270667,0.015247333,0.0055753333,0.000749,-0.001685,0.001055,-0.008505,-0.013701,-0.00565,-0.0028716667,-0.003729,0.012839667,-0.001955,0.017064,-0.0043546667,0.0046186667,0.036723333
Khasi_o1_(n=1),0.013659,-0.351373,-0.052797,-0.001292,0.036314,0.029841,0.008225,-0.000231,0.008385,0.011299,-0.0367,0,0.001487,0.003441,-0.010179,-0.002917,0.014473,-0.007095,-0.011187,0.008379,-0.002496,0.024112,0.002218,-0.000361,0.035685
Khasi_o2_(n=1),0.017073,-0.22037,-0.113136,0.050388,-0.004616,0.055778,-0.003525,0.005538,0.029042,0.022233,0.00747,0.002698,-0.008028,0.006331,-0.007193,-0.012861,0.00326,-0.005068,-0.004777,0.007504,-0.007112,0.013478,-0.000739,0.006386,0.012214
Khetran_(n=2),0.0762615,0.0355435,-0.0920175,0.0486115,-0.0693975,0.033188,0.0043475,0.004269,-0.020657,-0.0189525,-0.0026795,-0.0044215,0.0020815,-0.003578,0.0148615,0.0197555,-0.0106265,0.001457,0.007919,-0.021698,0.000312,-0.0163225,0.003759,-0.010001,0.006466
Khmer_Cambodia_(n=11),0.012748364,-0.388856,-0.077209727,-0.027389727,0.11442164,0.062743273,-0.0029031818,-0.0058288182,-0.0034233636,-0.0090358182,0.049812273,0.0049930909,-0.0061902727,0.00021145455,0.00059090909,-0.0011848182,0.0030250909,-0.0012562727,-0.0010804545,-0.0000091818182,-0.000236,0.0044398182,0.0040080909,0.0025035455,0.0074539091
Khmer_Cambodia_(low_res)_(n=5),0.0113824,-0.3974782,-0.059585,-0.0337212,0.1141132,0.0590134,-0.0032432,-0.004846,-0.003027,-0.0072894,0.0236438,0.0053052,-0.0022,-0.0038258,0.005103,-0.0045082,-0.00412,0.0004308,-0.0025894,0.00005,0.0024956,0.0108074,-0.000986,0.0035186,0.0220578
Khmer_Thailand_(n=10),0.0111547,-0.3891509,-0.0801381,-0.0261953,0.1280239,0.0645631,-0.0066976,-0.0108689,-0.0036405,-0.0138318,0.0693885,0.0067741,-0.006764,0.0052296,0.0042887,-0.0036198,0.000704,-0.0035599,-0.0033308,0.0087291,-0.0137133,0.0114625,-0.0031798,0.0052295,0.0340568
Kho_(n=3),0.085367,0.0081243333,-0.07115,0.059109,-0.067499667,0.035791,0.000705,0.00038466667,-0.018543333,-0.020714333,-0.005738,-0.002198,0.0016353333,-0.010597,0.010450667,0.015469,0.0014776667,0.00071766667,0.003268,-0.0034183333,-0.0069463333,-0.001855,0.00069833333,-0.0037353333,0.0040313333
Khoja_Sindh_(n=1),0.070523,0.020597,-0.109731,0.057705,-0.079731,0.044174,0.004453,0.003358,-0.015895,-0.010912,-0.00398,-0.000698,0.000838,-0.007222,0.015736,0.022694,-0.003595,0.006381,-0.002011,-0.015216,-0.000659,-0.0078,0.000479,-0.005032,0.005018
Khomani_(n=12),-0.61749033,0.058308333,0.020867333,0.026862833,-0.00017941667,-0.00076691667,0.23689067,-0.18433842,0.017128917,0.0066211667,0.0045605,-0.053952,-0.0214195,0.00447275,0.021115667,-0.024053917,0.030412167,0.26760858,-0.087622,0.0011150833,-0.032255417,-0.002102,0.0051146667,-0.0042373333,-0.0016665
Khomani_(European-Mixed)_(n=3),-0.355128,0.081581,0.028158333,0.028639333,0.012104667,0.0069723333,0.15354067,-0.11561067,0.014453,0.0066213333,0.0025443333,-0.041113333,-0.012338667,0.0045873333,0.016603,-0.0069826667,0.024121,0.172001,-0.052374333,0.0036686667,-0.026702667,-0.004204,0.005505,-0.00012033333,-0.002195
Khomani_(European+South_Asian-Mixed)_(n=21),-0.44797529,0.051501857,0.0062134762,0.023978905,0.0047186667,0.0021779524,0.1387681,-0.10602862,0.020315952,0.0026901429,0.0036730476,-0.03307781,-0.014646619,0.0025690476,0.013953333,-0.012861143,0.019284381,0.1588011,-0.051446429,0.0011136667,-0.01587681,-0.00051814286,0.0017371429,0.000723,-0.0040256667
Khomani_(European+South_Asian-Mixed)_o1_(n=1),-0.193499,0.028435,-0.009051,0.039406,0.007078,0.020638,0.090009,-0.064613,0.022089,0.012392,0.003735,-0.025477,-0.012042,0.00289,0.016422,-0.018032,0.001695,0.107939,-0.027025,0.000125,-0.006613,-0.006554,0,-0.001807,0.003233
Khomani_(European+South_Asian-Mixed)_o2_(n=2),-0.3761855,0.032497,-0.001886,0.033915,0.00477,0.008367,0.0727355,-0.0548055,0.008181,0.0073805,0.0039785,-0.020457,-0.008622,-0.0019955,0.0065825,-0.002917,0.012256,0.0964735,-0.032053,0.0081915,-0.0117295,0.002226,0.0024035,0.0000605,-0.0030535
Khomani_o1_(n=8),-0.61507175,0.060804875,0.01895025,0.025718875,0.002154,-0.00066225,0.19197437,-0.14566688,0.0103285,0.00897525,0.005196375,-0.0460465,-0.01826675,0.006141375,0.01291025,-0.015396875,0.023289875,0.2205015,-0.074586125,0.0014695,-0.026312875,-0.003446625,0.00511475,-0.003599625,-0.00019475
Khomani_o2_(n=14),-0.56261136,0.061802071,0.013226071,0.013173786,0.0016047143,-0.0042829286,0.18356007,-0.14415886,0.028122143,-0.0033843571,0.0035608571,-0.046298,-0.018073,0.0037944286,0.017168714,-0.020901929,0.024381786,0.20703629,-0.070606357,0.0011345714,-0.025321357,-0.0020667143,0.0047009286,-0.001902,-0.0019502857
Khomani_o3_(n=3),-0.61730067,0.058562333,0.023255667,0.022394667,-3.33e-7,0.0066006667,0.14171133,-0.10668767,-0.0055223333,0.010569667,0.0014613333,-0.034419333,-0.017096,0.0067896667,0.0019003333,-0.00853,0.015906667,0.16891833,-0.061676,0.001584,-0.021836667,-0.002679,0.0056693333,-0.002771,-0.0035126667
Khomani_o4_(n=1),-0.620336,0.060932,0.01961,0.018088,-0.001231,0.006972,0.106225,-0.07292,-0.008795,0.006925,0.001299,-0.025327,-0.013825,0.00812,0.0038,-0.00411,0.005215,0.138344,-0.048268,0.007003,-0.013476,0.001731,0.002588,-0.007471,0
Khond_(n=14),0.0041465,-0.24191371,-0.16531357,0.097799929,0.0078036429,0.064841929,-0.0060766429,0.011554429,0.070662929,0.043086,0.029125571,0.0073969286,-0.0042367857,0.014420786,-0.019320857,-0.021849,0.010123357,-0.0030585714,-0.0058809286,0.028343929,-0.0019608571,0.020844429,-0.0065495714,0.0081851429,0.011333286
Khorasani_Turk_(n=2),0.100164,0.079719,-0.0497795,-0.0221255,-0.044008,0.000837,0.00752,-0.0019615,-0.030474,-0.01631,-0.0039785,-0.0019485,0.0018585,-0.0017895,0.0026465,0.009414,0.000717,0.002344,0.0128845,-0.009192,-0.0024955,-0.0027825,0.0025265,0.0012655,0.0002995
Kickapoo_(European-Mixed)_(n=2),0.084902,-0.1024705,0.0886105,0.0687225,-0.0408735,-0.0013205,-0.124934,-0.151188,-0.003157,-0.013537,0.0024285,-0.002811,0.0028725,0.006921,-0.0046235,0.0014905,0.002791,0.0029105,0.0028115,0.002566,0.002167,-0.000726,0.001018,0.0022495,0.0027255
Kikuyu_(n=6),-0.4958895,0.073118167,-0.0020113333,-0.0230945,-0.0011796667,-0.0090175,-0.0122205,0.0128455,0.049256333,-0.044161833,-0.005386,0.0034718333,-0.0182605,-0.00064216667,-0.0010405,-0.0019005,0.0037593333,0.004751,0.0021788333,-0.0022303333,0.0027243333,0.0019578333,0.0028758333,-0.0011648333,0.00045916667
Kinh_(n=99),0.017330263,-0.436618,-0.040801091,-0.058728162,0.11625875,0.056614758,-0.0014428384,-0.008812303,-0.016189495,-0.010954697,0.0036775354,-0.00056036364,0.0013687677,-0.0039582121,-0.00077913131,0.0013665859,0.001586101,0.00061170707,-0.0016846465,-0.0083244949,0.0094385253,0.0057180404,0.011868828,0.00064891919,0.0043501515
Kinh_o1_(n=3),0.016694,-0.444125,-0.02577,-0.066322667,0.10330133,0.049456333,0.000078333333,-0.0061536667,-0.016157333,-0.0079573333,-0.018945333,-0.0026973333,0.0027746667,-0.0066516667,-0.0046596667,0.00079533333,-0.0046066667,0.0022383333,-0.002891,-0.013298,0.014349333,0.0057293333,0.015693667,-0.000763,0.0010776667
Kinh_o2_(n=1),0.010244,-0.420429,-0.042992,-0.048773,0.111713,0.052989,-0.002585,-0.006692,-0.015135,-0.014397,0.014453,-0.001948,0.000595,-0.00289,-0.003664,-0.007955,-0.009909,-0.00076,-0.002765,-0.004252,0.004367,0.01014,0.000863,-0.003856,0.007664
Kinh_o3_(n=2),0.0170735,-0.4087505,-0.057511,-0.040052,0.1043275,0.0571725,-0.003055,-0.008307,-0.00542,-0.009021,0.014615,-0.0014235,-0.001041,-0.0004125,-0.0006785,0.003116,0.00502,-0.0027875,-0.0018225,0.0007505,0.0009985,0.007234,0.004129,0.00482,0.0222135
Kintaq_(n=15),-0.0044771333,-0.32266753,-0.10328073,0.025990733,0.091381133,0.0298786,-0.0079902,-0.0056306,0.024256467,-0.0002066,0.0574638,0.0070836667,-0.0079483333,0.0082298667,-0.0022982,-0.0079731333,0.0016864,-0.0027535333,-0.0013072667,0.019617733,-0.011704267,0.0083589333,-0.013392933,0.0061050667,0.0237422
Kiowa-Arapaho_(n=1),0.057565,-0.307242,0.111764,0.07999,-0.099368,-0.018767,-0.227892,-0.271714,-0.009219,-0.015961,0.002852,-0.003775,0.004575,0.008774,-0.013638,-0.000405,0.005692,0.003117,0.005876,0.002447,0.003243,-0.001045,-0.00058,0.003534,0.004008
Kisan_Odisha_(n=1),0.01935,-0.20209,-0.180641,0.131785,-0.020311,0.076137,-0.00329,0.00923,0.08365,0.055764,0.00682,0.007943,-0.002825,0.007844,-0.019272,-0.027844,0.021253,-0.006968,-0.019106,0.031765,0.007362,0.018177,-0.01479,0.006989,-0.000838
Kodava_(Adivasi_Profile)_(n=16),0.0098173125,-0.15556638,-0.18490706,0.13267325,-0.049720625,0.056301063,-0.005052625,0.015504125,0.082563813,0.054955562,0.0027200625,0.00092725,-0.001719,0.011947375,-0.023191187,-0.022183875,0.011987188,0.0012353125,-0.0016576875,0.02370675,0.008095125,0.01155375,-0.0051533125,0.009677375,-0.0077613125
Kodava_(Forward_Caste_Profile)_(n=35),0.044130829,-0.0566376,-0.1577118,0.0997242,-0.0754426,0.057045029,0.00073854286,0.010225914,0.034494371,0.020301171,-0.0025982571,-0.0008008,-0.00038225714,0.00057794286,-0.0016324571,0.00046591429,0.0012852571,0.0022550857,0.0012820857,-0.0053203429,0.0037683429,-0.0017417429,-0.00051771429,-0.00063697143,-0.0016867143
Kodava_(Highly-Drifted_Forward_Caste_Profile)_(n=47),0.025065277,-0.05025783,-0.14993362,0.097814064,-0.068693596,0.057053936,0.000025,0.010104277,0.03206234,0.01673466,-0.006996617,-0.001607,0.000028446809,0.00012591489,-0.00030606383,0.00090553191,-0.0021083191,-0.0018356596,-0.00018182979,-0.0012665957,0.0022619574,-0.0049461277,0.0026511489,-0.00096142553,-0.00029055319
Kohistani_(n=30),0.073757433,-0.0064993667,-0.10246367,0.0689605,-0.074218867,0.0437022,0.0035172,0.0031383,-0.0096263333,-0.010940233,-0.0068095,0.00040966667,-0.0013280667,-0.0075234,0.010875667,0.0105761,-0.0018775,0.00047293333,0.00034773333,-0.0090000333,-0.0039721667,-0.0038249333,0.0024896333,-0.0021609,0.0038478667
Kol_Madhya_Pradesh_(n=5),0.021171,-0.1795454,-0.1661592,0.1141492,-0.0257894,0.0686628,-0.002256,0.011584,0.0698244,0.0442104,0.0126338,0.0014686,-0.0001188,0.0106796,-0.014685,-0.0202066,0.00472,-0.002914,-0.0017848,0.0158326,0.0009734,0.0118954,-0.0030074,0.0059766,-0.000024
Kol_Uttar_Pradesh_(n=4),0.0478055,-0.082004,-0.1586735,0.11337375,-0.072629,0.0649815,-0.00047,0.01257625,0.0435125,0.03029675,-0.00401925,0.00014975,-0.00193275,-0.00065375,-0.0057,-0.004475,0.00912675,-0.000887,-0.00427375,0.0017195,0.002527,0.0025965,0.000154,0.00247025,-0.00461025
Kolgha_(n=5),0.0266344,-0.1279566,-0.182074,0.133723,-0.0624732,0.065093,-0.0047942,0.0172608,0.0763284,0.0463246,-0.0015914,0.0038064,-0.0029734,0.0126064,-0.018051,-0.0196762,0.0035726,0.0004814,0.0020112,0.0196094,0.0064138,0.0036604,-0.0040672,0.005326,-0.0057718
Koli_Gujarat_(n=4),0.03073225,-0.11830925,-0.177341,0.131462,-0.070013,0.0647025,-0.00475875,0.0123455,0.071021,0.042689,-0.00592725,-0.00254775,-0.00319625,0.0069845,-0.01438625,-0.01133625,0.0097135,0.00215375,-0.00034575,0.01116175,0.002558,0.00250425,0.00009275,0.00421725,-0.00452025
Kom_(n=2),0.018781,-0.420429,-0.0258325,-0.0323,0.051548,0.025658,0.006345,0.004846,0.0048065,0.0112075,-0.044738,-0.004196,0.0061695,0.0007565,-0.0105185,-0.005171,0.002347,-0.002597,-0.009239,0.0049395,-0.0031195,0.0280075,0.003328,0.0068685,0.041673
Komi_(n=10),0.1187174,0.0307705,0.0850408,0.0682822,-0.0046161,0.0141677,0.0094945,0.0130841,-0.0030884,-0.0298138,0.0099383,-0.0086022,0.0182258,-0.0062204,-0.0087676,-0.0047601,-0.0014733,-0.0014444,-0.0039595,-0.0039646,0.0014723,-0.0011993,-0.0001234,0.0012051,0.0004191
Komi_Zyrian_(n=4),0.118376,0.0312275,0.090603,0.069122,0.00384675,0.01701225,0.0110455,0.01707625,-0.00046025,-0.02592325,0.01100175,-0.00689375,0.01650125,-0.00887675,-0.0123845,0.00006625,0.0059325,-0.002534,-0.0078875,-0.00228225,-0.00371225,-0.00163825,0.00508375,0.0017775,0.00161675
Komi_Zyrian_Siberia_(n=17),0.11971512,0.034229353,0.089776941,0.075012,0.0031137647,0.015240588,0.0098012941,0.014293588,-0.0025264118,-0.032598765,0.010383235,-0.0088068824,0.018958471,-0.0032625882,-0.011057294,0.0014661765,0.0052229412,-0.0035620588,-0.0026765882,-0.0015080588,0.0042645882,0.0028587059,0.0011382353,0.0020483529,0.0021696471
Komi_Zyrian_Siberia_(Russian-Mixed)_(n=1),0.126344,0.067025,0.076555,0.063631,0.017234,0.014223,0.00517,0.01523,-0.010022,-0.023144,0.002923,-0.003597,0.014123,0.005367,-0.008143,0.003978,0.005607,0.002534,-0.001131,-0.002501,-0.003868,-0.007666,0.007148,0.008194,0.001078
Komi_Zyrian_Siberia_(West_Siberian-Mixed)_(n=3),0.10737333,-0.057546667,0.103834,0.057709333,-0.034365333,-0.0086453333,0.016294333,0.020845333,0.004227,-0.028672,0.027822333,-0.0086423333,0.022199667,-0.016927667,-0.016422333,-0.005569,0.0023903333,0.000887,0.000754,-0.0075453333,0.0021626667,0.000165,0.006902,-0.00060233333,-0.000958
Konda_Dora_(n=1),0.006829,-0.246774,-0.16895,0.095285,0.011694,0.072233,-0.007285,0.004846,0.071788,0.039727,0.034589,0.005095,-0.004906,0.017203,-0.019679,-0.02201,0.015255,-0.003041,-0.009804,0.032265,-0.004118,0.01929,-0.009244,0.016026,0.005628
Konda_Kummari_(n=19),0.0030552105,-0.20064726,-0.17456721,0.11534595,-0.021801684,0.065642053,-0.0055287895,0.012424632,0.076761053,0.048992789,0.014939684,0.0019167895,-0.0023395789,0.016000368,-0.018622316,-0.021919211,0.011055158,0.00033347368,-0.0047698947,0.019588421,0.0016484211,0.014063895,-0.0056952632,0.010312,0.0052878947
Kongo_Republic_of_the_Congo_(n=2),-0.6277345,0.062455,0.0222505,0.0169575,-0.005539,0.011853,-0.016216,0.025153,-0.0358935,0.020957,0.0055215,-0.001274,-0.000149,0,-0.007668,0.007624,-0.004889,-0.00019,0.0006915,0.003377,-0.002558,-0.000309,-0.000185,-0.000602,-0.008143
Konkani_Brahmin_Gaud_Saraswat_(n=2),0.056363,-0.0405685,-0.1477755,0.095931,-0.0734875,0.055597,0.0033175,0.014996,0.0276505,0.0186075,-0.0040925,0.0011235,-0.0028555,0.001026,0.0037465,0.0021785,-0.001014,-0.0007665,0.002401,-0.000587,0.0046305,-0.0050965,0.002837,-0.000982,-0.0029115
Konkani_Brahmin_Gaud_Saraswat_Karnataka_(n=3),0.043252667,-0.073456333,-0.167693,0.10432967,-0.076321667,0.058195,-0.001645,0.016537667,0.034087333,0.024723333,-0.0051423333,-0.0001,0.0037163333,-0.0016056667,-0.0063336667,-0.004243,0.0017386667,0.002365,0.0010473333,-0.0027513333,0.002787,-0.0025963333,0.00073933333,0.000442,-0.003792
Konkani_Brahmin_Gaud_Saraswat_Telangana_(n=5),0.0350574,-0.0875386,-0.1740034,0.1173792,-0.0809382,0.0639774,-0.002303,0.0118148,0.0516216,0.0336772,-0.0026958,-0.0000602,0.0000594,0.006083,-0.0065686,-0.0084592,-0.0000522,0.0006334,-0.001408,0.001901,0.0065384,0.0009892,0.0021444,0.0025786,-0.0027064
Konkani_Christian_Catholic_(n=5),0.0361956,-0.0895698,-0.1663856,0.1174438,-0.0717054,0.0634758,-0.001504,0.0116302,0.055467,0.0343332,-0.001494,0.0013486,-0.000892,0.0058076,-0.0115092,-0.0128876,-0.0029466,-0.0008108,0.0012822,0.0036268,0.0029198,0.0059602,-0.0016266,-0.0010364,-0.003425
Konkani_Christian_Catholic_Brahmin_(n=5),0.0525862,-0.0534168,-0.1503956,0.106332,-0.0747834,0.0541606,-0.00094,0.0086304,0.0329284,0.020921,-0.0039622,0.0016486,-0.0027056,0.0012386,-0.0034474,0.0057544,0.0042764,0.0000504,-0.0001758,-0.0017758,0.002396,-0.007246,0.0041906,0.0009398,-0.0023712
Konkani_Christian_Catholic_Brahmin_Goa_(n=15),0.051675667,-0.051791933,-0.14438687,0.10232673,-0.072033867,0.0572282,-0.0020366667,0.0091073333,0.029778533,0.016826467,-0.0042112,0.00072933333,-0.0021109333,0.0010734,-0.0015021333,0.0005834,-0.0022686667,-0.0010219333,-0.00011746667,-0.0014172,0.0044172667,-0.0014178667,0.0007806,-0.00018486667,-0.0011417333
Konkani_Christian_Catholic_Brahmin_Kumta_(n=10),0.0490577,-0.0631659,-0.1528093,0.1054601,-0.0714287,0.0604914,0.000517,0.0088612,0.0357711,0.02021,-0.0021923,0.0014386,-0.001427,0.0004955,-0.0002173,-0.0045081,-0.0000522,-0.0007094,0.0007666,-0.0008003,0.0032942,-0.0025473,0.0023294,0.0010242,-0.0046343
Konkani_Christian_Catholic_Brahmin_Mangalore_(n=7),0.042927571,-0.070651857,-0.15235686,0.10709829,-0.073332429,0.057252143,-0.0032564286,0.009626,0.037603143,0.022493143,-0.0067277143,0.00092042857,-0.00038228571,0.0015335714,-0.004343,-0.0021594286,0.0012105714,-0.001665,-0.00041285714,0.001197,0.0017822857,0.0010598571,0.000898,0.00036142857,-0.0028567143
Konkani_Kunbi_Karnataka_(n=3),0.026558667,-0.139466,-0.191326,0.13641467,-0.061960333,0.062843333,-0.0043866667,0.013691667,0.075333,0.052180333,-0.000433,-0.000849,0.0025273333,0.009909,-0.016467667,-0.020551333,0.011474,-0.0034626667,-0.0056566667,0.017133333,0.0023293333,0.0092736667,0.00065733333,0.0051413333,-0.005788
Konkani_Kunbi_Karnataka_o_(n=1),0.037562,-0.082258,-0.160653,0.130493,-0.075399,0.062472,-0.000705,0.006,0.055426,0.030251,-0.001461,0.008093,-0.000297,0.008257,-0.008686,-0.008088,-0.000261,0.002534,0.001508,0.004252,0.000873,0.010758,0.000986,-0.002892,-0.005149
Korean_(n=102),0.022005824,-0.45514635,0.017325333,-0.063988833,0.038891029,0.012853578,0.005036402,0.0029614608,-0.0092175784,0.0066444216,-0.074434353,-0.008535,0.010101637,-0.0055238137,-0.0092223431,-0.0025763922,0.00046788235,0.0018071765,-0.00044605882,-0.007841951,0.01619448,-0.0048212451,0.0075990588,0.0010147451,-0.017944804
Korean_Jeju_Island_(n=47),0.023200553,-0.44510436,0.015630447,-0.059761872,0.036281574,0.011369234,0.0033300213,0.0023910638,-0.0069625106,0.0077508298,-0.073264787,-0.0085391915,0.010273383,-0.0049397234,-0.0089718936,-0.0028210638,0.00019140426,0.0030917234,-0.00029687234,-0.0071949362,0.018711596,-0.0071718298,0.0080373404,0.002274,-0.023677234
Korean_Seoul_(n=26),0.023202385,-0.45523069,0.016288731,-0.063593731,0.039451038,0.012764615,0.0054050769,0.0042247308,-0.0083618846,0.0072193077,-0.075198462,-0.0086865385,0.0091883846,-0.0050972692,-0.0089158077,-0.0026059231,0.0020108077,0.0010865,-0.0017210385,-0.0086147692,0.016955692,-0.0037619231,0.0077314615,0.00030588462,-0.015940423
Korean_Yanbian_Antu_(n=18),0.0221955,-0.45433672,0.019212167,-0.0631465,0.037647889,0.012441611,0.0052483333,0.0037690556,-0.0078058889,0.0065502778,-0.074960278,-0.0091834444,0.010835722,-0.0033946667,-0.0091912222,-0.0043018333,-0.00034038889,0.0002745,0.00016055556,-0.0080525,0.014821056,-0.0041012778,0.0067581667,0.00065594444,-0.014502889
Korku_Madhya_Pradesh_(n=2),0.0125205,-0.2097065,-0.168573,0.1086905,-0.019234,0.072512,-0.0123385,0.012461,0.0707655,0.0419145,0.0168885,0.003597,-0.003345,0.0216065,-0.0187295,-0.0269155,0.0056715,-0.00114,-0.0003145,0.0223235,0.005054,0.010634,-0.0051145,0.0080735,0.0107175
Korku_Mawasi_Chhattisgarh_(n=1),0.013659,-0.210215,-0.170836,0.109821,-0.01508,0.061635,-0.00799,0.01223,0.073833,0.044648,0.017538,0.004046,0.000297,0.012799,-0.021308,-0.028374,0.002608,-0.007348,-0.004777,0.016758,-0.002371,0.018672,-0.003328,-0.001566,0.003353
Korku_Mawasi_Madhya_Pradesh_(n=5),0.0134312,-0.2118392,-0.1684222,0.1087872,-0.0132948,0.0673242,-0.0097292,0.0095534,0.073833,0.0426798,0.0200388,0.0050956,-0.0047572,0.0131018,-0.0221494,-0.0221688,0.0132208,-0.0022806,-0.0061842,0.0225358,-0.0012978,0.01239,-0.0021936,0.0108688,0.0044308
Korowai_(n=7),-0.045204,-0.24169614,-0.257304,0.30062171,0.20298286,-0.48877571,0.0013092857,0.0071207143,-0.038187571,-0.012417857,-0.013408714,-0.00079228571,0.001869,-0.0022018571,-0.0020938571,-0.0027654286,-0.0021422857,0.002009,0.00091571429,-0.00085757143,0.0019251429,0.0025788571,-0.002025,0.00049928571,0.0027712857
Korwa_(n=18),0.0065132778,-0.22680161,-0.17408311,0.11272794,-0.0099162778,0.063989889,-0.0065147222,0.010794333,0.07806,0.049669556,0.021281944,0.0030888889,-0.0043441111,0.013311222,-0.020282556,-0.023180944,0.0089024444,-0.0025196111,-0.0030446667,0.027012889,0.00076955556,0.018067,-0.0055872222,0.0081401111,0.0069187222
Koryak_(n=24),0.043063083,-0.38860942,0.11973583,0.017468917,-0.11723979,-0.052617292,-0.030159583,-0.029393,0.0094165417,-0.0017996667,0.035969083,0.00084291667,0.0022980833,-0.022398042,-0.028931,-0.017408,-0.00098341667,0.01814275,0.0391445,0.021479042,0.036882875,-0.061141083,0.011472458,0.022427833,0.032696583
Koryak_(European-Mixed)_(n=5),0.077172,-0.1886852,0.0929226,0.0298452,-0.0515172,-0.016566,-0.018895,-0.0150916,0.0041722,-0.006269,0.0133484,-0.0017386,0.0044302,-0.0009082,-0.0201408,-0.0088568,0.0057892,0.0122382,0.0217206,0.01083,0.0193158,-0.035266,0.004437,0.011158,0.0156632
Kosewi_(n=30),0.0920689,0.12202875,-0.057933467,-0.053707643,-0.029688203,-0.01313557,0.00055367,-0.00558587,-0.018740403,-0.00454934,0.0032438533,-0.0013624167,0.0059591567,-0.00065027667,-0.0015842533,0.00606807,-0.00273279,0.00165414,0.0030850633,-0.0038196533,0.00021231333,0.000085683333,-0.0018962867,-0.00098300333,0.0017821833
Kotwalia_Gujarat_(n=5),0.03096,-0.1161766,-0.1796606,0.1303638,-0.0667818,0.0645352,-0.000188,0.0179994,0.0676564,0.041623,-0.0020138,-0.0011092,-0.0015458,0.0063582,-0.0102604,-0.014744,0.0110568,-0.0005068,-0.0005782,0.0102048,0.0065384,0.005985,-0.007025,0.002892,-0.0109688
Koya_Andhra_Pradesh_(n=9),0.0017706667,-0.20197756,-0.18181411,0.12202322,-0.021884333,0.065756222,-0.0060317778,0.014896778,0.082241333,0.053476222,0.011926444,0.0023644444,-0.0029403333,0.017799222,-0.021654889,-0.022732,0.011227333,-0.00029566667,-0.0060334444,0.025039889,0.0010396667,0.017338778,-0.003807,0.0092113333,0.00081144444
Koyukon_(n=1),0.052422,-0.34173,0.118814,0.061929,-0.114208,-0.032711,-0.17325,-0.204909,-0.002506,-0.012149,0.02041,-0.001466,0.002393,0.004425,-0.013821,-0.001208,0.004345,0.005037,0.011916,0.003333,0.007943,-0.00866,0.007751,0.005346,0.005055
Kubachi_(n=6),0.11496117,0.1066305,-0.024701333,0.012381667,-0.039699833,0.016687,0.0080686667,-0.0053845,-0.0634705,-0.044253,0.000081166667,0.007793,-0.013082333,-0.0097253333,0.015743333,-0.0039555,-0.0024555,-0.0023438333,-0.0003355,0.0075868333,0.0014558333,-0.00026783333,0.0096956667,0.0078525,-0.0028341667
Kuban_Cossack_(n=1),0.130897,0.098506,0.075047,0.064277,0.033852,0.016176,0.0094,0.017076,0.000205,-0.02442,0,-0.006594,0.017988,0.012799,-0.009636,0.008088,0.021905,0.000633,-0.002514,0.006003,0.005865,-0.000866,-0.003204,0.002771,-0.003473
Kuki_(n=6),0.0151765,-0.41670583,-0.0255815,-0.033538167,0.052574,0.027006,0.0034075,0.0026151667,0.0021476667,0.0054065,-0.046416,-0.004621,0.0040881667,-0.00020633333,-0.0104505,-0.0045743333,0.0078446667,-0.003674,-0.01037,0.0083163333,-0.0027868333,0.026709,0.0076415,0.0042171667,0.045026
Kumandin_(n=3),0.070570333,-0.21529233,0.074795667,0.027562667,-0.060011,-0.009854,0.0064233333,0.007538,-0.0095443333,-0.01549,-0.008823,-0.0027976667,-0.00039666667,-0.024588333,0.010224333,0.000884,-0.006693,-0.001816,0.007835,0.012964333,-0.038723,0.0084496667,-0.004026,-0.0066673333,-0.0026346667
Kumaoni_Brahmin_(n=8),0.062176,-0.049507125,-0.10540525,0.082970625,-0.059857125,0.050270125,0.000734375,0.006403625,0.010584,0.006446625,-0.011083,0.000599375,0.00150525,-0.00366425,0.002816,0.005486,0.00140175,-0.0009185,0.001476875,-0.004361625,-0.00184075,-0.000958125,0.000184625,0.001415875,0.004221
Kumaoni_Rajput_Thakur_(n=18),0.049513056,-0.14025583,-0.098198056,0.064564111,-0.048675667,0.045242278,0.00010444444,0.0075766111,0.020293333,0.014325833,-0.025774611,-0.0027642778,0.0018417222,-0.0042662778,-0.0010631111,0.00045677778,0.0024846111,-0.0013583889,-0.0016619444,-0.0015146667,-0.00015944444,0.0043690556,0.0046833889,0.00069616667,0.0056881111
Kumaoni_Scheduled_Caste_(n=2),0.0387,-0.12491,-0.1385915,0.1019065,-0.0549335,0.0652605,-0.00376,0.013961,0.046734,0.026242,-0.0139655,-0.003297,0.0019325,-0.0001375,-0.011129,-0.0035135,0.000326,-0.0056375,-0.002828,0.009129,0.000312,0.0163835,0.0046215,0.002109,0.0032935
Kumaoni_Scheduled_Caste_o_(n=2),0.045529,-0.079719,-0.1608415,0.118219,-0.0693975,0.064145,-0.0008225,0.013384,0.0460175,0.02934,0,-0.0026225,-0.000446,-0.0024085,-0.0050895,-0.007624,0.005215,0.0038005,-0.00132,0.0045645,0.0031195,0.003957,0.000308,0.0057235,0.0005985
Kumaoni_Shilpkar_Tamta_(n=1),0.050082,-0.12491,-0.135009,0.102068,-0.048624,0.058846,0.00047,0.009461,0.039678,0.020593,-0.014615,-0.003147,0.002527,0.004679,-0.018865,-0.012066,0.008214,-0.005194,0,0.002251,0,0.007296,-0.002588,0.006025,-0.003592
Kumeyaay_(European-Mixed)_(n=1),0.075313,-0.188805,0.101075,0.06672,-0.063684,-0.011637,-0.210444,-0.250382,0.000984,0.004157,0.000292,0.002205,-0.005963,0.010162,-0.002426,0.002342,0.004313,-0.000234,-0.00155,-0.001209,-0.001977,0.002806,0.000011,-0.000294,-0.001965
Kumyk_(n=29),0.10613014,0.091782828,-0.026762517,-0.01124931,-0.032239379,0.0013751724,0.0085574828,-0.0028088966,-0.044896517,-0.024752655,-0.0025086897,0.0052091034,-0.0097346552,-0.00064075862,0.0051901034,-0.0060763103,0.0016814828,-0.0011401724,-0.0040916552,0.0060977586,0.00097248276,0.0010232759,0.0030598966,0.0022520345,-0.0013502414
Kumyk_Stalskoe_(low_res)_(n=5),0.108132,0.0836796,-0.0202136,-0.003876,-0.0304058,0.0065816,0.0060632,-0.0111688,-0.0422546,-0.0339324,-0.0030854,0.0071636,-0.0098412,-0.010129,0.0149294,-0.0020684,-0.0004172,0.0005828,-0.0053546,0.0092294,-0.0018218,-0.001484,0.0094408,-0.000771,-0.000982
Kurdish_(n=19),0.095256673,0.11409872,-0.062090185,-0.034382126,-0.042092088,-0.0051059389,0.0049564011,-0.0040244968,-0.029849351,-0.014417162,0.00075194211,-0.0000069610526,0.0033439132,-0.0010004553,0.0037408805,0.011742291,-0.0019601495,0.0020602237,0.00098607632,-0.00912953,-0.000087443158,-0.00404653,-0.000042122105,-0.0020420842,0.0035850853
Kurdish_Feyli_(n=8),0.0916275,0.1113275,-0.067316,-0.035328125,-0.043815625,-0.003242,0.0062275,-0.00507675,-0.0318545,-0.01328025,-0.000568375,-0.0008805,0.003400625,-0.004988875,0.005225125,0.017650875,0.00723625,0.000126625,0.00179125,-0.0067375,0.001107375,-0.002055625,0.00057,-0.00248525,0.002410125
Kurdish_Iran_Kermanshah_(n=3),0.089541,0.092413333,-0.059962,-0.027239667,-0.041238333,0.005113,0.006345,-0.001923,-0.027133333,-0.012270667,-0.00092033333,-0.002248,0.002428,0.00096333333,0.0043886667,0.0098116667,-0.0043896667,-0.00067566667,0.0019273333,-0.0075866667,-0.003577,-0.0067183333,0.00073933333,0.0021286667,0.0050293333
Kurdish_Iraq_(n=7),0.089269571,0.10909686,-0.059962143,-0.038067857,-0.038996143,-0.0069722857,0.0025178571,-0.0062635714,-0.023724857,-0.011350857,0.00078857143,0.00066371429,0.0064984286,-0.0045417143,0.0032185714,0.012558286,-0.0048614286,0.0024974286,0.0034478571,-0.0073607143,0.000053571429,-0.00074171429,-0.0032395714,-0.003546,0.0048414286
Kurdish_Jew_(n=8),0.092054375,0.13455775,-0.065571875,-0.073926625,-0.0307365,-0.02168375,0.00252625,-0.006519125,-0.013728625,-0.0018905,0.005054125,-0.0072685,0.011595625,0.00289,-0.005225375,0.011336375,-0.0004075,0.00125125,0.003205375,-0.00434575,0.001825,0.001792875,-0.001294125,-0.000241,0.001886125
Kurdish_Kurmanji_Azerbaijan_(n=3),0.091058667,0.092751667,-0.050785333,-0.037252667,-0.037340333,-0.002324,0.006737,-0.004923,-0.031496667,-0.01142,-0.00097433333,-0.00019966667,0.000644,-0.0028443333,0.001719,0.0072926667,0.002173,-0.000422,0.0044413333,-0.0025846667,0.002038,0.00012366667,-0.000123,-0.0018076667,0.0016763333
Kurdish_Kurmanji_Iran_West_Azerbaijan_Urmia_(n=2),0.1001645,0.118817,-0.067316,-0.02907,-0.045239,-0.003765,0.007285,-0.0041535,-0.0366095,-0.0190435,-0.000162,-0.002098,0.000892,-0.0059865,0.003732,0.018231,0.0076925,-0.0001265,0.002263,-0.004252,0.0037435,-0.001484,0.003882,-0.0023495,0.0035925
Kurdish_Kurmanji_Iraq_Duhok_(n=6),0.099216,0.11187767,-0.060276667,-0.0366605,-0.037545167,-0.0058566667,0.0061493333,-0.0053076667,-0.026076667,-0.0147005,-0.0017321667,-0.003422,0.0031466667,-0.0030276667,0.0042525,0.016838833,0.004368,0.000359,0.0029748333,-0.0054816667,0.0021626667,-0.000082666667,0.001253,-0.0039361667,0.0019958333
Kurdish_Kurmanji_Syria_(n=1),0.092197,0.1046,-0.052043,-0.027778,-0.042162,-0.009482,0.00188,-0.006461,-0.021475,-0.016037,-0.005196,-0.002098,0.002081,-0.006744,-0.012351,0.011005,0.011474,0.000887,0.004902,-0.019134,0.00025,-0.013973,-0.0053,-0.004699,0.00455
Kurdish_Kurmanji_Syria_Afrin_(n=16),0.092125562,0.10847125,-0.05357475,-0.035489625,-0.036141437,-0.0054383125,0.004494375,-0.003403875,-0.027534,-0.011628937,0.000527625,-0.0008709375,0.002778125,-0.002752375,0.0038086875,0.0099443125,0.00009775,0.00196375,0.003228875,-0.0071751875,-0.0006550625,-0.0034469375,-0.001240125,-0.0018375625,0.003368
Kurdish_Kurmanji_Syria_Al-Hasakah_(n=6),0.092765833,0.10578433,-0.054556833,-0.0334305,-0.036365833,-0.0046481667,0.00235,-0.002846,-0.024713333,-0.013303333,-0.00035183333,-0.0015485,0.0032208333,-0.005092,0.0021265,0.011911,0.0013475,0.00048583333,0.003813,-0.0064823333,-0.0011025,-0.0023701667,0.0015405,-0.0027915,0.0034328333
Kurdish_Kurmanji_Syria_Qamishli_(n=9),0.093587889,0.11531889,-0.058453778,-0.039729,-0.038913222,-0.0070342222,-0.00067888889,-0.0059227778,-0.028633222,-0.008808,0.0032117778,-0.0030806667,0.0041458889,-0.00029055556,0.0011007778,0.0132,0.00027544444,0.002407,0.0010753333,-0.0079481111,-0.00070711111,-0.0028853333,-0.0037658889,-0.0025437778,0.0023683333
Kurdish_Kurmanji_Turkey_(n=21),0.0974461,0.11400851,-0.058276648,-0.038954957,-0.038503948,-0.0062448762,0.0042028714,-0.0043551476,-0.028092014,-0.0095355238,0.0010688333,-0.00048001905,0.0014397762,-0.0045726048,0.003965719,0.011721833,0.0013907381,0.0026672286,0.0043295476,-0.0080553048,-0.0004289381,-0.0029462286,-0.0013874,-0.0013854286,0.0035831429
Kurdish_Kurmanji_Turkey_Adiyaman_(n=4),0.097888,0.10916925,-0.0560965,-0.0366605,-0.0385455,-0.0055775,0.00041125,-0.0058845,-0.02607675,-0.0105695,5.42e-20,-0.00307225,0.00375375,0.002202,0.000102,0.00785575,-0.00384625,0.00193225,-0.000251,-0.00928575,-0.000936,0.00089675,0.002126,-0.0090975,0.00344275
Kurdish_Kurmanji_Turkey_Ankara_(n=4),0.0967495,0.11069275,-0.05703975,-0.03302675,-0.041777,-0.006554,0.00499375,-0.0027115,-0.028429,-0.01508,-0.00052775,0.00026225,0.00156125,0.00030975,0.005768,0.0091155,-0.00603025,0.00611275,0.005405,-0.006378,-0.000343,-0.001638,-0.0010785,-0.00123525,0.004401
Kurdish_Kurmanji_Turkey_Ardahan_(n=2),0.0961805,0.1137395,-0.0556255,-0.0369835,-0.0396995,-0.0059965,0.0019975,-0.0056535,-0.0310875,-0.009932,0.0051965,-0.0002995,0.0016355,-0.006537,0.002511,0.0161095,0.0049545,0.0011405,0.0002515,-0.004565,-0.0007485,-0.0004325,-0.000924,-0.0050005,0.007664
Kurdish_Kurmanji_Turkey_Bingol_(n=3),0.097508667,0.11475467,-0.052545667,-0.039944333,-0.037237667,-0.0050196667,0.0055616667,-0.0073843333,-0.031633,-0.015308,-0.00075766667,0.002098,0.002775,-0.001147,0.0017646667,0.0059666667,0.00099933333,0.0015626667,0.0027653333,-0.010838667,0.00074866667,-0.004534,-0.0018076667,-0.004137,0.0078636667
Kurdish_Kurmanji_Turkey_Bitlis_(n=4),0.09788775,0.11272375,-0.05826525,-0.0415055,-0.039546,-0.008576,0.00393625,-0.0032305,-0.0294515,-0.00833725,0.00085275,0.00048725,0.003419,-0.00918625,0.00152675,0.01302675,0.00684525,0.00266025,0.00273375,-0.00171975,0.0024335,-0.001793,0.00114,-0.0015665,0.00464
Kurdish_Kurmanji_Turkey_Corum_(n=5),0.099254,0.1019592,-0.0518164,-0.0347548,-0.0356372,-0.0057452,0.003431,-0.0049384,-0.027897,-0.0119912,0.0011042,0.0013188,0.0003568,-0.0007706,0.0010314,0.0108458,0.0024512,0.0022296,0.0019862,-0.0059528,-0.0012976,-0.0060838,-0.004979,0.000024,0.0016766
Kurdish_Kurmanji_Turkey_Dersim_(n=9),0.098899556,0.11396511,-0.054012,-0.034596889,-0.035835667,-0.0061975556,0.0048566667,-0.0046921111,-0.028928667,-0.013526,-0.00041511111,-0.00069944444,-0.0016682222,-0.0015598889,0.000769,0.0084414444,0.00078222222,0.0028434444,0.0025421111,-0.0088793333,-0.0031333333,-0.0028577778,-0.00046577778,-0.0019413333,0.0032863333
Kurdish_Kurmanji_Turkey_Diyarbakir_(n=9),0.095105556,0.12028389,-0.059501444,-0.042205333,-0.039904889,-0.0086765556,0.0034988889,-0.0058973333,-0.030269444,-0.012756444,0.0032656667,0.0011156667,0.00080944444,0.0020186667,0.0019001111,0.0095168889,-0.0031727778,0.0015062222,0.0035196667,-0.0068366667,-0.0014281111,-0.0032012222,0.00021911111,-0.0023431111,0.0014104444
Kurdish_Kurmanji_Turkey_Elazig_(n=6),0.097508667,0.110354,-0.0554995,-0.038329333,-0.035903833,-0.0068328333,0.0052875,-0.0054998333,-0.030303667,-0.010266167,0.0025441667,-0.0016486667,-0.00029733333,-0.0023166667,0.0054061667,0.0037346667,-0.0083661667,0.0036108333,0.0040431667,-0.0095463333,-0.0012893333,-0.0009275,-0.0014995,-0.0013456667,0.0016565
Kurdish_Kurmanji_Turkey_Erzincan_(n=5),0.1028962,0.1127236,-0.0541546,-0.0346256,-0.0369298,-0.0068608,0.002726,-0.0059996,-0.0311694,-0.0103874,0.0008442,-0.0011092,-0.0028542,-0.000688,0.0027956,0.0097852,0.0011214,-0.0002786,0.004475,-0.0052276,0.0018966,-0.0005194,0.0029826,0.0020724,0.0031614
Kurdish_Kurmanji_Turkey_Eskisehir_(n=1),0.101373,0.107973,-0.05222,-0.032389,-0.037722,-0.005101,0.002162,0.001825,-0.016767,-0.005213,-0.000225,-0.001473,0.004012,-0.002556,0.002532,0.004442,-0.002003,-0.000709,-0.001439,-0.001632,-0.00154,-0.002664,0.00081,-0.002583,0.000483
Kurdish_Kurmanji_Turkey_Gumushane_(n=5),0.0990262,0.111099,-0.0531742,-0.038114,-0.0330522,-0.00859,0.00188,-0.0047538,-0.03391,-0.0104604,0.0050018,0.0014086,-0.0012784,-0.004514,-0.0008146,0.0085918,0.0035726,0.000608,0.0039972,-0.0049274,0.0008736,-0.0036848,-0.00387,-0.0000964,0.00091
Kurdish_Kurmanji_Turkey_Hakkari_(n=3),0.095990667,0.11780133,-0.057322667,-0.035099333,-0.037750667,-0.0032536667,-0.00282,-0.0052306667,-0.022020333,-0.013242667,0.0010283333,0.001299,0.002775,-0.0016056667,0.0071483333,0.00017666667,-0.019036333,0.005152,0.004693,-0.01013,-0.00012466667,-0.004534,-0.00037,0.00052233333,0.0069453333
Kurdish_Kurmanji_Turkey_Igdir_(n=3),0.091817333,0.11204667,-0.057699667,-0.035637667,-0.04329,-0.007344,0.001645,-0.007538,-0.026861,-0.016523,-0.0024903333,0.00089933333,0.0046583333,-0.00013766667,0.0044333333,0.0039336667,-0.0093006667,0.002956,0.0031843333,-0.0028346667,0.00058233333,-0.000536,-0.0027523333,-0.0030523333,0.0098193333
Kurdish_Kurmanji_Turkey_Kahramanmaras_(n=23),0.098382826,0.10848513,-0.051895,-0.035010391,-0.035257261,-0.0045713913,0.0036067391,-0.0028895652,-0.029229,-0.009927913,0.00017652174,-0.00086678261,-0.000064782609,-0.002219913,0.00096778261,0.0072636957,-0.0039058696,0.0020491304,0.0037381304,-0.0080799565,-0.0013671739,-0.00046230435,-0.0011788261,-0.0043116087,0.0021450435
Kurdish_Kurmanji_Turkey_Kars_(n=4),0.1024605,0.123484,-0.061075,-0.03409325,-0.039383,-0.00516475,0.00261725,-0.0024525,-0.031914,-0.01397525,0.00026575,-0.000278,0.00257475,-0.0028265,0.004455,0.00549575,-0.0041565,0.00191225,-0.00002025,-0.00415825,-0.00364125,-0.0032615,0.000518,-0.00388025,0.00284625
Kurdish_Kurmanji_Turkey_Kayseri_(n=7),0.094961,0.10488971,-0.049564429,-0.040559571,-0.033236857,-0.0074104286,0.0064121429,-0.0041865714,-0.026705,-0.0080182857,-0.0012295714,-0.00053528571,-0.0010405714,0.0012977143,-0.00050385714,0.0026138571,-0.0057927143,0.00014471429,0.002083,-0.010415571,-0.001337,-0.000017714286,0.000458,-0.0059387143,0.0011975714
Kurdish_Kurmanji_Turkey_Kirsehir_(n=1),0.098791,0.12115,-0.060287,-0.029003,-0.041653,-0.004508,0.006049,-0.000444,-0.036043,-0.018435,-0.001914,-0.000097,0.000727,-0.003725,0.007589,0.006953,-0.003057,-0.000128,-0.001241,-0.00408,-0.001724,-0.001877,0.0008,-0.003263,-0.00025
Kurdish_Kurmanji_Turkey_Konya_(n=29),0.09463969,0.10886724,-0.054648793,-0.033462759,-0.037346379,-0.0029202069,0.0037263793,-0.0033827586,-0.028961103,-0.012071276,0.0014624138,-0.00095086207,0.00054603448,-0.0012494138,0.003949931,0.0078654483,-0.0043704828,0.00038765517,0.0031293103,-0.0081409655,-0.0018578621,-0.0020949655,0.0006307931,-0.0034395172,0.0037255862
Kurdish_Kurmanji_Turkey_Malatya_(n=24),0.095646758,0.1040678,-0.050951734,-0.036635258,-0.035484822,-0.0053895469,0.0030995904,-0.0031148175,-0.02959629,-0.0083119271,0.00083596452,0.0011899499,-0.0012260089,-0.00068077045,0.00043893358,0.0063634442,0.00077749037,0.0018802228,0.0040910133,-0.0076182472,-0.0024996204,-0.0013985987,0.00021615825,-0.0020798132,0.0037818155
Kurdish_Kurmanji_Turkey_Mardin_(n=21),0.094310667,0.11460976,-0.057860952,-0.040990238,-0.036900524,-0.0070120476,0.002137381,-0.0055711905,-0.027055667,-0.011125048,0.0024976667,-0.00016409524,0.0030085714,-0.00087161905,0.0019970952,0.0080122381,-0.0012355238,0.002316619,0.0035195714,-0.0065924286,-0.00078433333,-0.0022787143,0.001567,-0.0033624286,0.0032104762
Kurdish_Kurmanji_Turkey_Sanliurfa_(n=8),0.095042125,0.11158125,-0.05534225,-0.039042625,-0.038738,-0.003102875,0.00423,-0.003288375,-0.028301,-0.012027625,-0.000020125,0.00114275,0.002137,-0.0039395,0.00429225,0.002187625,-0.009583125,0.001995375,0.004352375,-0.009348125,-0.00120125,0.000541,-0.001540625,-0.001159875,0.003906875
Kurdish_Kurmanji_Turkey_Siirt_(n=2),0.0961805,0.1127235,-0.0590195,-0.0437665,-0.041854,-0.010319,0.0068155,-0.0010385,-0.0318035,-0.0125745,0.0022735,-0.004421,0.0046085,0.0027525,-0.0010855,0.0047735,-0.0062585,0.0022805,0.0057195,-0.004252,-0.006863,-0.0015455,0.001972,-0.0026505,-0.0020955
Kurdish_Kurmanji_Turkey_Sivas_(n=7),0.098538143,0.11257857,-0.055975429,-0.038344714,-0.035435,-0.00757,0.0053042857,-0.0066261429,-0.031321286,-0.0097625714,0.001044,-0.0010277143,-0.00021228571,-0.0022411429,0.0037421429,0.0038261429,-0.0071337143,0.0011038571,0.0030348571,-0.010880143,-0.0022461429,0.0013601429,-0.0012852857,-0.0043377143,0.0018474286
Kurdish_Kurmanji_Turkey_Van_(n=3),0.089920333,0.112385,-0.065493333,-0.042205333,-0.046367667,-0.004834,0.0029766667,-0.0070763333,-0.028497333,-0.0086256667,-0.0030856667,-0.0015486667,0.0021306667,-0.007661,0.006017,0.01127,-0.00078233333,0.0037583333,0.002514,-0.004919,-0.0014976667,-0.00305,-0.0016433333,-0.00056233333,0.003273
Kurdish_Kurmanji_Turkey_Yozgat_(n=1),0.097534,0.114131,-0.059704,-0.036666,-0.043842,-0.007432,0.003823,-0.001223,-0.027484,-0.017613,0.00085,-0.002818,0.006468,-0.001276,0.00394,0.00627,-0.003,-0.00013,-0.000586,-0.001932,-0.001638,-0.001503,0.00097,-0.001455,-0.000092
Kurdish_Sorani_Iran_Kermanshah_(n=2),0.0870745,0.112724,-0.0693905,-0.0324615,-0.045393,-0.0076695,0.00658,0.0026535,-0.0330305,-0.0097495,-0.0056025,-0.0070435,-0.0002975,-0.0078445,0.0046145,0.0062315,-0.0076275,0.004434,0.002828,-0.014382,0.000624,-0.0008035,-0.0030195,-0.0076515,0.0063465
Kurdish_Sorani_Iran_Kordestan_(n=6),0.093714167,0.102399,-0.064299,-0.0321385,-0.0403665,-0.0067396667,0.0040733333,-0.0047308333,-0.025395167,-0.014791333,0.00056833333,-0.0028473333,0.0036423333,-0.0029588333,0.0034833333,0.016242167,-0.000086833333,-0.00019016667,0.0030585,-0.0034393333,-0.0017883333,-0.0028441667,-0.0006985,-0.0015665,0.0048096667
Kurdish_Sorani_Iran_West_Azerbaijan_(n=8),0.0946155,0.1090425,-0.06104625,-0.03448025,-0.04016125,-0.005577875,0.003260625,-0.00455775,-0.025309875,-0.01273375,0.00172525,-0.003446875,0.0033075,-0.004145875,0.0036645,0.016490875,0.006453875,0.002359625,0.006221875,-0.00611225,-0.0012165,0.00100475,0.000030875,-0.001009,0.00218525
Kurdish_Sorani_Iraq_Erbil_(n=6),0.091193667,0.11289067,-0.062809833,-0.039999333,-0.034919167,-0.0086291667,0.0045441667,-0.003901,-0.0233885,-0.010192667,0.0030276667,-0.0024846667,0.0045271667,-0.0027956667,0.0017066667,0.014063333,0.0028656667,0.0029728333,0.002181,-0.0049236667,-0.00027933333,-0.0039328333,-0.00098733333,-0.0014666667,0.0031973333
Kurdish_Sorani_Iraq_Kirkuk_(n=2),0.0921965,0.103584,-0.0556255,-0.0298775,-0.0421615,-0.0020915,0.00282,-0.005769,-0.0254635,-0.0128475,0.0021925,0.0029975,0.0099605,-0.000069,0.003936,0.021347,0.0130385,-0.00095,-0.00176,-0.007566,-0.005303,-0.006492,-0.0040055,-0.0033135,0.0040115
Kurdish_Sorani_Iraq_Sulaymaniyah_(n=13),0.092495138,0.11004745,-0.060270138,-0.035999877,-0.040243177,-0.0031617538,0.0049693308,-0.0065894385,-0.025345738,-0.012637177,0.0021857308,-0.0011437846,0.0029241615,-0.00030247692,0.0027571923,0.010064292,-0.0053042692,0.00086681538,0.0063498462,-0.0099686846,0.0012761538,-0.0011555,-0.0011168154,-0.0011979846,0.0018828154
Kurdish_Turkey_(n=4),0.09504225,0.10891575,-0.0563795,-0.03876,-0.03662225,-0.0064145,0.00376,-0.00507675,-0.02449175,-0.01025075,0.001502,-0.00119875,0.00297325,0.00258025,0.00410575,-0.0003645,-0.0138535,0.00427575,0.003488,-0.00812875,-0.0021525,0.00068,0.002465,-0.00262075,0.004191
Kurdish_Turkey_Dersim_(n=6),0.097698333,0.1125545,-0.058076333,-0.036875833,-0.040879167,-0.0057638333,0.0052875,-0.005115,-0.03044,-0.010326667,-0.00013533333,0.000899,0.001214,-0.001789,0.004162,0.0059003333,-0.0063668333,0.0024071667,0.00035616667,-0.0092126667,0.000083,-0.0036273333,-0.00088333333,-0.0014058333,0.0057278333
Kurdish_Zaza_(n=10),0.0989123,0.1151609,-0.0586046,-0.0405365,-0.0397303,-0.0075301,0.0056871,-0.0047535,-0.0279789,-0.0126106,0.0014615,0.0012737,0.0024974,-0.0013074,0.0010586,0.0066296,-0.005372,0.0027491,0.0041605,-0.0095922,-0.0017469,-0.0027451,-0.0000493,-0.0030123,0.0038081
Kurdish_Zaza_Bingol_(n=5),0.095156,0.1243008,-0.0604148,-0.0425068,-0.0389608,-0.0056894,0.002773,-0.0071076,-0.0306376,-0.0096222,0.0033776,-0.0012888,-0.0022892,-0.002835,0.0013842,0.0097586,0.0077188,0.001951,0.0018352,-0.003852,-0.001622,-0.004575,0.0014296,-0.0000964,0.0030178
Kurdish_Zaza_Dersim_(n=21),0.098282729,0.11416245,-0.05767244,-0.038371631,-0.03899256,-0.0075532619,0.004325119,-0.0057965,-0.02939775,-0.010671786,0.0012005476,-0.0001284619,0.0010423905,-0.0015697143,0.0016351667,0.003960381,-0.0048877738,0.0029334405,0.00470175,-0.0088540476,0.00078142857,-0.0025627762,-0.00035652381,-0.0023898095,0.0027642381
Kurdish_Zaza_Diyarbakir_(n=8),0.09447325,0.12046713,-0.062460625,-0.039083,-0.039238,-0.006553875,0.0054345,-0.004990125,-0.031087625,-0.00952175,0.002923,-0.000131125,0.000074375,-0.000756875,0.001170625,0.00906575,-0.006600625,0.002771375,0.005656375,-0.011661875,-0.001825,-0.002504,-0.001848625,-0.00126525,0.001900875
Kurdish_Zaza_Elazig_(n=8),0.09543925,0.1160755,-0.058977625,-0.0390965,-0.035779875,-0.009313,0.0058305,-0.00449975,-0.0311715,-0.013444125,0.00320175,-0.00150625,0.001420125,-0.001647625,0.0028985,0.01042525,0.001723625,0.001889375,0.002574625,-0.00797275,0.002027,-0.00245425,-0.00030025,-0.003949,0.003149875
Kurdish_Zaza_Erzincan_(n=9),0.099152556,0.111257,-0.054054,-0.039118889,-0.038126667,-0.0060115556,0.004935,-0.0060253333,-0.028201556,-0.0099216667,0.0028507778,0.0018485556,-0.0018996667,-0.0024007778,0.0021714444,0.0089425556,0.0029988889,0.0021115556,0.0056984444,-0.0049745556,0.00016633333,-0.0038744444,0.00099955556,-0.0023027778,0.003699
Kurdish_Zaza_Mardin_(n=2),0.099026,0.118309,-0.054871,-0.046512,-0.0361605,-0.0051595,0.000235,-0.0083075,-0.029656,-0.012301,-0.001137,-0.001274,0.005575,0.0004815,0.007261,0.009348,0.0011735,0.003167,0.0022625,-0.0007505,-0.0013725,-0.004946,-0.000678,-0.0022895,-0.0016765
Kurdish_Zaza_Mus_(n=2),0.099595,0.1117085,-0.0543055,-0.0331075,-0.0376995,-0.0076695,-0.001175,-0.002654,-0.0396775,-0.0074715,-0.0068205,-0.002173,0.00223,0.003991,0.003393,0.006497,-0.0035205,-0.00152,0.0022625,-0.012006,0.0020585,-0.0037095,0.0019715,-0.008314,0.0049095
Kurdish_Zaza_Sanliurfa_(n=3),0.099405667,0.105954,-0.057699333,-0.042097667,-0.039802333,-0.0061353333,0.0020366667,-0.006,-0.034087333,-0.012392,0.0043303333,-0.003397,-0.00094166667,-0.005092,0.003936,0.010960333,-0.0015213333,0.0032513333,0.0042736667,-0.008254,-0.001622,0.000371,0.00073966667,-0.0021286667,-0.00047933333
Kurichiya_(n=5),0.0211708,-0.1200356,-0.1859958,0.1271338,-0.0620422,0.0622484,-0.00282,0.013984,0.0646294,0.0375406,-0.0052938,-0.0002696,-0.0024382,0.0129914,-0.0136534,-0.0172102,0.003729,-0.003801,-0.003972,0.0093794,0.0037436,0.0049212,-0.0032288,0.0003372,-0.0069454
Kurichiya_Brahmin_(n=1),0.023903,-0.131003,-0.182149,0.12371,-0.060934,0.05773,-0.00282,0.01523,0.067288,0.046835,-0.011367,0.008243,0.007284,0.000275,-0.016829,-0.00716,0.016428,-0.000253,-0.000377,0.02151,0.010981,0.001978,-0.003574,-0.002651,-0.002036
Kurukh_(Oraon)_Bangladesh_(n=7),0.0084554286,-0.20513686,-0.18349614,0.12181814,-0.027477429,0.068248571,-0.0053715714,0.012889429,0.085052714,0.053473286,0.012318286,0.0036611429,-0.0045022857,0.013467429,-0.025612286,-0.021025,0.014156,-0.00039814286,-0.0031245714,0.022671714,0.0016042857,0.014414286,-0.0062327143,0.011395714,0.0011631429
Kurukh_(Oraon)_Jharkhand_(n=12),0.010054417,-0.19870517,-0.180578,0.11978017,-0.026004667,0.0670035,-0.0068151667,0.012461083,0.077088333,0.050904667,0.01337,0.00092416667,-0.0045465,0.01270725,-0.019679417,-0.019667417,0.012549417,-0.0013936667,-0.0027548333,0.022917167,0.00222525,0.016806417,-0.0074770833,0.0086155,0.0029936667
Kurumba_Kerala_(n=5),0.024358,-0.1243008,-0.181018,0.1209322,-0.0633964,0.0579536,-0.000094,0.0155532,0.0724422,0.0451946,-0.0022084,-0.0017684,-0.0008326,0.0058904,-0.017182,-0.0136566,0.0089444,0.0016976,-0.0005532,0.0156576,0.0037934,0.0052924,-0.0011338,0.0047958,-0.0041194
Kurumba_Kerala_o_(n=1),0.010244,-0.160454,-0.183281,0.129524,-0.052317,0.053826,-0.00564,0.015461,0.078537,0.050297,0.001137,0.007044,-0.003271,0.007294,-0.016151,-0.015778,0.014733,0.000507,-0.00176,0.025137,0.007487,0.011252,-0.006409,0.010242,-0.003592
Kurumba_Tamil_Nadu_(n=2),0.038131,-0.0883515,-0.176681,0.1170885,-0.075091,0.0594035,0.000705,0.008307,0.0517445,0.0318915,0.002111,0.001798,-0.0025275,0.009083,-0.007736,-0.0050385,0.0059325,-0.000697,-0.003834,0.004252,0.0072995,0.001113,-0.007703,-0.001928,-0.000599
Kusunda_(n=10),0.0234476,-0.3113613,-0.0634693,0.0253878,-0.0037852,0.0270524,0.001457,0.0073381,0.0237657,0.02216,-0.0558453,-0.00583,0.0059167,-0.0032066,-0.0106541,-0.0071731,0.0076927,-0.0039527,-0.0063225,0.0102674,0.0015098,0.0230984,0.0039315,0.0004218,0.0236984
Kutchi_Bhatia_(n=1),0.077976,0.010491,-0.104915,0.07961,-0.066771,0.047061,0.004014,0.008111,-0.004718,-0.00883,-0.005944,-0.000609,0.000241,-0.003191,0.005059,0.006785,-0.001998,0.000669,0.001234,-0.006972,-0.001444,-0.001533,0.00103,-0.001991,0.001426
Kutchi_Jat_Muslim_(n=4),0.07284675,0.03071975,-0.11332475,0.05046875,-0.07586025,0.04078775,0.0052875,0.00542275,-0.017487,-0.0151255,-0.00511525,0.00127375,0.001561,-0.00660575,0.01570975,0.0217445,-0.0012385,0.001267,0.0024195,-0.017008,0.003026,-0.01205625,0.004098,-0.01117625,0.00963975
Kuwaiti_Arab_(n=2),0.0466675,0.148267,-0.064299,-0.120157,-0.00477,-0.0506185,-0.014336,-0.0122305,0.0618685,-0.0039185,0.0144525,-0.035294,0.06831,0.010184,0.0022395,0.036197,-0.016037,-0.000063,-0.002074,0.0326405,0.0154105,0.017806,-0.013311,0.010664,-0.010897
Kuwaiti_Arab_(Afro-Arab-Mixed)_(n=2),0.007968,0.124402,-0.064299,-0.078812,-0.018311,-0.028168,-0.0094,-0.012807,0.040087,-0.014852,0.0043845,-0.0217305,0.037983,0.0122485,0.001425,0.013723,-0.020014,0.0010135,-0.006222,0.0192595,0.0082355,0.002535,-0.0041285,-0.0002405,-0.0064065
Kuwaiti_Arab_Al-Awazem_(n=4),0.06288725,0.14522075,-0.06901325,-0.125325,-0.0103095,-0.050828,-0.01562825,-0.009865,0.060999,-0.00528475,0.0225315,-0.03357025,0.07013075,0.010287,0.0051575,0.030098,-0.03073825,0.0053525,0.002577,0.035267,0.01356975,0.02027875,-0.00496075,0.00695875,-0.0111965
Kuy_Thailand_(n=10),0.0088783,-0.39433,-0.0758391,-0.0318801,0.131963,0.0671568,-0.0060867,-0.0112148,-0.0054813,-0.0106791,0.0661408,0.005725,-0.0087711,0.0028487,0.0031215,-0.0004375,0.0023729,-0.004016,-0.0042989,0.0079164,-0.0125404,0.0131443,-0.0091572,0.0051934,0.0328952
Kwangali_Namibia_(n=8),-0.62816138,0.061947125,0.019138875,0.015504,0.00026925,0.012550125,-0.009753,0.0175375,-0.03029525,0.015786125,0.000812,-0.00009375,-0.00353075,0.000412875,-0.008533375,0.00792225,-0.00622575,0.0093275,-0.005326625,0.002626375,0.001123,0.0001545,0.00010775,-0.00055725,0.00005975
Kyrgyz_(n=2),0.058619,-0.265053,0.046386,-0.015827,-0.0395455,-0.013108,0.0135135,0.0110765,-0.0075675,0.001731,-0.025982,-0.0049455,0.0027505,-0.0001375,0.006311,-0.0059665,-0.009583,-0.001077,-0.0015085,-0.0011255,-0.013414,-0.005441,-0.014666,0.002591,0.005868
Kyrgyz_Bishkek_(n=22),0.058929364,-0.26177568,0.048271409,-0.012964045,-0.039965409,-0.014109409,0.010778409,0.012723318,-0.0053641364,0.0011017273,-0.027820091,-0.0014713636,0.0014122727,-0.0028463182,0.0032387273,-0.00083772727,-0.0042551364,0.00023045455,0.0032168182,0.0085211364,-0.013118818,-0.0033948182,-0.0098878636,-0.0015992727,0.0022262727
Kyrgyz_China_(n=93),0.058404656,-0.26399405,0.045290946,-0.012388613,-0.040606355,-0.014496366,0.011283022,0.013212828,-0.0033449892,0.001113043,-0.027272527,-0.0026106129,0.0010262796,-0.002608914,0.0036703011,0.0013287419,-0.0023917849,-0.00080507527,0.0023653333,0.0081100215,-0.014868914,-0.0036776667,-0.011512441,0.00085124731,0.001881172
Kyrgyz_China_o_(n=8),0.065021375,-0.19815525,0.023334375,-0.001292,-0.03639125,-0.000767,0.009664875,0.0069805,-0.010226125,-0.006127625,-0.023241875,-0.002229375,-0.000836375,-0.00359525,0.004377125,0.000298375,-0.0025425,-0.002882125,0.004022375,0.00314225,-0.008594125,-0.003075875,-0.004668,0.00079825,0.00227525
Kyrgyz_Tajikistan_(n=4),0.06032625,-0.2404265,0.04063475,-0.0088825,-0.04193075,-0.00997025,0.015511,0.016153,-0.00541975,-0.00159475,-0.03264025,-0.0016485,0.00133775,-0.00488575,0.00156075,0.00242,0.002673,-0.0008235,0.00342525,0.009817,-0.01357,-0.00129825,-0.0122015,-0.001958,0.00296375
Laal_(n=1),-0.603262,0.059916,0.011691,-0.002907,0.003385,-0.000279,-0.033136,0.031614,0.020657,-0.030798,-0.005359,0.011989,-0.011298,0.001789,0.010993,-0.010209,0.014994,-0.004561,0.009804,-0.013381,0.00025,0.00507,-0.001602,-0.005302,-0.000239
Lahu_(n=19),0.015276158,-0.43240179,-0.035806579,-0.054944,0.105056,0.048277474,0.00329,-0.0073478947,-0.011012,-0.0072317368,-0.0014188421,-0.0017432632,-0.0012988421,-0.0013907895,-0.0015642632,0.000097736842,0.0019900526,-0.0017002632,-0.0032682632,0.001211,-0.00081431579,0.017871053,0.0090944211,0.0030566842,0.029048789
Lahu_o_(n=1),0.013659,-0.443786,-0.029415,-0.057817,0.096941,0.040439,0.001645,-0.006461,-0.010226,-0.002734,-0.019811,-0.002698,0.005054,-0.003028,-0.003257,0.001193,0.000391,0.003547,-0.005279,-0.003252,0.012104,0.011005,0.005916,0.001446,0.023471
Lak_(n=54),0.11222109,0.10127081,-0.024107796,0.0097797222,-0.040286685,0.012741185,0.0076550741,-0.0046536852,-0.058827167,-0.041104352,-0.001885537,0.0060252222,-0.011278981,-0.0087518148,0.016997685,0.0007367037,0.00036696296,-0.0017291111,-0.0044227778,0.005641537,-0.00054305556,-0.00019001852,0.0060368333,0.0090729444,-0.0026233704
Lak_Iran_(n=3),0.095232,0.10189133,-0.065493,-0.028854667,-0.044316,0.0062283333,0.0068933333,-0.004,-0.033201,-0.017434,-0.00054133333,0.0015486667,0.001239,0.001147,0.004026,0.0070273333,-0.001695,0.002238,0.0063686667,-0.012548,-0.001747,-0.0059766667,-0.002013,-0.000482,0.010617667
Lak_o_(n=2),0.10927,0.103584,-0.0343175,-0.0130815,-0.0326215,0.004462,0.0050525,-0.0056535,-0.0535855,-0.0298865,-0.0026795,0.005695,-0.007879,-0.0079135,0.011672,0.0017235,0.0090615,-0.003294,-0.005028,0.0113805,0.0018095,-0.0026585,0.0025885,0.0065065,0.0037125
Lak_Turkey_(n=9),0.096321667,0.11178244,-0.057842111,-0.038240667,-0.040375667,-0.0075391111,0.0021976667,-0.0015401111,-0.027469556,-0.013752333,0.0015502222,-0.0018032222,0.0073102222,-0.0012303333,0.0030573333,0.0074926667,-0.0031392222,0.00080177778,0.00054322222,-0.0038335556,-0.0024311111,-0.0024963333,-0.0010486667,-0.0024815556,0.0014918889
Laka_(n=2),-0.616352,0.0634705,0.014896,0.0101745,-0.001231,0.009482,-0.0297285,0.033114,-0.0189185,0.0044645,-0.000406,0.006594,0.005352,0.0013765,0.006718,-0.0072925,0.005737,-0.002597,0.011313,-0.006003,-0.000374,-0.0011745,0.0027115,0.0003615,-0.0011375
Lamaholot_Flores_Bama_(n=28),-0.0083334643,-0.34401071,-0.13681393,0.084729821,0.15480907,-0.13750307,-0.0014268214,-0.0047635714,-0.0181515,-0.014650464,0.035307964,0.0036663571,-0.0050703214,0.00031953571,0.0037564643,0.00083817857,-0.00046571429,0.0011130714,0.0014994286,-0.0025056071,-0.0020855714,-0.012232857,-0.0055373571,-0.0023711071,-0.020481393
Lamaholot_Lembata_Hadakewa_(n=31),-0.013511903,-0.3410541,-0.14142026,0.094618355,0.15701197,-0.1506189,-0.0027518065,-0.0037070323,-0.018994355,-0.014161452,0.032870452,0.0036596129,-0.0040521613,-0.0015226452,0.0039840645,0.0029041935,-0.00062254839,0.0002083871,0.0052184839,-0.0031264194,-0.0021695161,-0.012504903,-0.0046596129,-0.0033388387,-0.022369903
Lamaholot_Lembata_Waipukang_(n=3),-0.0129,-0.34358733,-0.140163,0.082903333,0.15592633,-0.13944533,-0.00376,-0.0090766667,-0.020725,-0.010873333,0.037187,0.001948,-0.0037663333,-0.00050466667,0.0038003333,0.003315,-0.0037813333,0.001689,0.0044413333,0.0021676667,0.0028696667,-0.010799333,-0.0058336667,-0.0010846667,-0.019958333
Lao_(n=34),0.011951441,-0.41774106,-0.062701853,-0.045258,0.13064891,0.063603529,-0.0023638235,-0.010737088,-0.012289441,-0.013072824,0.043682441,0.0029576765,-0.0036072059,0.0010766471,0.0011376765,0.00032373529,0.0022893824,-0.00096132353,-0.0023623824,0.0017545,-0.0012844706,0.0097103824,0.0028528235,0.0017259118,0.019927618
Latvian_(n=24),0.13307813,0.12372546,0.086910708,0.085312375,0.042918083,0.032734833,0.010908375,0.014864708,-0.001934375,-0.035604375,-0.0029975417,-0.013325625,0.025030792,0.030861833,-0.012197792,-0.0014032083,0.001781875,0.000095041667,0.00097408333,0.0022406667,-0.0026515833,-0.005481875,0.0091049583,-0.009127625,0.000923
Lawa_(n=9),0.011002889,-0.42020356,-0.044835444,-0.041056889,0.095881111,0.048651,-0.0015927778,-0.005615,-0.0051357778,-0.0026932222,0.013983444,0.0042795556,-0.0026428889,0.0032875556,-0.0032723333,-0.0015175556,0.0019267778,-0.0031531111,-0.004539,0.0087264444,-0.0097745556,0.026928778,0.0016707778,0.0043512222,0.043921556
Lawa_o_(n=1),0.009106,-0.414336,-0.078818,-0.044897,0.134487,0.064424,-0.003055,-0.016845,-0.010226,-0.015672,0.071451,0.007493,-0.008325,0.007569,-0.008415,-0.001856,0.011083,0.005954,0.001508,0.017759,-0.019466,0.013602,-0.001232,0.006386,0.043589
Laz_(n=23),0.11011139,0.13859778,-0.057502826,-0.058308522,-0.031564391,-0.011640783,0.0084602609,-0.0058793913,-0.049636957,-0.010482522,0.0025840435,0.009812913,-0.017257609,0.0059896522,-0.0037764783,-0.015069087,0.0091382174,-0.0014706522,-0.0030386087,0.0088629565,0.0077254783,0.0015806087,-0.000166,-0.0078636522,-0.0011401304
Lebanese_Arab_Christian_(n=27),0.09051037,0.14522074,-0.051944815,-0.080259519,-0.014395704,-0.027775556,-0.00092259259,-0.0049569259,0.0035677407,0.0091658148,0.0053227778,-0.0049345185,0.010890815,0.0013151111,-0.0087162222,0.006653963,-0.002260037,0.001492037,0.0029562963,-0.00050948148,-0.000573,0.00069148148,-0.0020267778,0.002575037,0.00043018519
Lebanese_Arab_Christian_Dinniyeh_(n=52),0.091321038,0.14572854,-0.052688154,-0.080458058,-0.014831096,-0.029031442,-0.0019071154,-0.0068295769,0.00068832692,0.0078326154,0.0072543462,-0.0050061154,0.010251808,0.0042028269,-0.0095709038,0.0024860577,-0.0038964231,0.0020806154,0.0022843269,-0.002417,0.00023517308,0.0034479423,-0.0019719423,0.0019580385,-0.000046038462
Lebanese_Arab_Christian_Greek_Orthodox_(n=2),0.0921965,0.146744,-0.0490255,-0.083011,-0.0150795,-0.031375,0.0010575,-0.0043845,0.004704,0.009203,0.0077135,-0.0032225,0.010109,0.0095645,-0.0050895,0.0021215,-0.009062,0.000253,0.008296,0.001751,-0.0005615,0.005688,-0.004067,-0.000964,-0.0032935
Lebanese_Arab_Christian_Greek_Orthodox_Akkar_(n=2),0.092766,0.13862,-0.0520425,-0.0818805,-0.019696,-0.0270525,0.00282,-0.01223,0.0061355,0.003918,0.005765,-0.0050955,0.0113725,0.000413,-0.0076005,0.0126625,0.0080185,-0.0003165,0.004965,-0.001438,0.0035565,0.002349,-0.0048065,0.0011445,0.002455
Lebanese_Arab_Christian_Greek_Orthodox_Beirut_(n=43),0.090820163,0.1464016,-0.051113,-0.080366907,-0.014027535,-0.029192674,-0.0022188372,-0.0070139767,0.0013556279,0.0095441163,0.0058648372,-0.0048166512,0.009949907,0.0012802791,-0.0081179767,0.0048841628,-0.0010733953,0.0025307674,0.002899814,-0.0017654419,-0.0009692093,0.0020647442,-0.0011150465,0.0015216744,-0.00054302326
Lebanese_Arab_Christian_Greek_Orthodox_Koura_(n=74),0.090627743,0.14630486,-0.051196622,-0.080915865,-0.013649027,-0.029758432,-0.002693,-0.006324027,0.0027003108,0.0086192297,0.0063375676,-0.0052615541,0.010693541,0.0031821081,-0.0092583378,0.0048215676,-0.0024139324,0.0017993243,0.0026430405,-0.0023998108,-0.00026472973,0.0021522162,-0.0013224054,0.0029212297,-0.00072177027
Lebanese_Arab_Christian_Greek_Orthodox_Zgharta_(n=1),0.091058,0.152329,-0.056945,-0.080427,-0.004616,-0.041834,-0.00235,-0.009692,0,0.003462,0.01153,-0.006594,0.016799,0.011836,-0.008415,-0.003315,-0.012126,-0.00038,0.002263,-0.00075,0.003369,0.011129,-0.00493,-0.002651,0.002395
Lebanese_Arab_Christian_Maronite_(n=11),0.090748,0.14438982,-0.052419727,-0.079164364,-0.014072364,-0.028801909,-0.0030122727,-0.0061886364,0.0034027273,0.011348455,0.0043549091,-0.0052046364,0.0098251818,-0.00022527273,-0.0091303636,0.010763909,0.0040774545,0.0014858182,0.0022053636,-0.0017053636,-0.00094163636,0.0042491818,-0.00038090909,0.0021799091,0.0013824545
Lebanese_Arab_Christian_Maronite_Zgharta_(n=183),0.091245033,0.14579785,-0.051803607,-0.079922202,-0.012634448,-0.027983574,-0.0019121038,-0.0059354372,0.0022385956,0.0084774754,0.0062479672,-0.0050061967,0.011151956,0.0028818415,-0.0082210874,0.0049260546,-0.0018874208,0.0017320984,0.002838153,-0.0021765956,-0.00016706011,0.0022710437,-0.0016345137,0.0016710929,0.001081612
Lebanese_Arab_Muslim_(n=12),0.073984917,0.13565783,-0.04578875,-0.06645725,-0.015541083,-0.021892917,-0.0017233333,-0.0054228333,0.00080108333,0.0037510833,0.0044790833,-0.0038216667,0.010777917,0.0016055833,-0.0076228333,0.0033699167,-0.00223825,0.00074958333,0.00174925,0.00094833333,-0.00129975,-0.001154,-0.0015405833,0.0017975833,-0.00086808333
Lebanese_Arab_Muslim_Shia_(n=11),0.075123273,0.1376735,-0.048091432,-0.069467023,-0.013226205,-0.020847068,-0.0011536364,-0.0044159545,-0.00043222727,0.0064942955,0.0021295682,-0.0044789318,0.013366045,0.0023522273,-0.0051944773,0.0058158864,0.0027825227,0.0018169773,0.0052820682,-0.0011825455,0.0040384091,0.0015427727,-0.0017140682,0.0036093636,0.0017582727
Lebanese_Arab_Muslim_Shia_Baalbek_(n=1),0.081953,0.138112,-0.041106,-0.063631,-0.015387,-0.026774,-0.000705,-0.008769,0.002659,0.003462,0.006171,-0.001948,0.011447,0.007432,-0.000136,0.008618,0.005998,-0.000127,0.00176,-0.00025,-0.004617,0.0115,0.003451,0.005422,0
Lebanese_Arab_Muslim_Shia_Beirut_(n=29),0.071590793,0.13485528,-0.049727897,-0.06853169,-0.013530241,-0.022715069,-0.0019043103,-0.0045595517,0.0010648966,0.004159931,0.0052972414,-0.0042737931,0.0094065862,0.0017701724,-0.0037533448,0.0055916207,-0.00045406897,0.00019668966,0.0014303448,-0.0017982414,-0.00051631034,0.00048613793,-0.0007692069,0.0025801379,0.0016475172
Lebanese_Arab_Muslim_Shia_Beirut_(Afro-Arab-Mixed)_(n=1),0.022765,0.12491,-0.053174,-0.063954,-0.019388,-0.019801,-0.01034,-0.007615,0.013703,-0.005832,0.00747,-0.009292,0.015758,0,0.001357,0.009281,-0.007432,0.005574,0.005279,-0.002751,-0.000749,0.004575,0.005669,0.00976,0.000718
Lebanese_Arab_Muslim_Shia_Hermel_(n=1),0.086506,0.138112,-0.048271,-0.066538,-0.008001,-0.023706,0,-0.006923,-0.00409,0.006196,0.006008,-0.003447,0.007284,0.007432,-0.000543,-0.007823,-0.011995,0.002407,0.009804,-0.002251,0.001497,-0.000371,-0.00419,-0.007712,0.002994
Lebanese_Arab_Muslim_Shia_Nabatieh_(n=2),0.072847,0.1396355,-0.0495915,-0.0708985,-0.0126175,-0.021614,-0.0022325,-0.000346,0.0012275,0.0055585,0.0040595,-0.0054705,0.0079535,0.002202,-0.003868,0.0035135,-0.005411,0.00076,0.0017595,0.000563,-0.002558,-0.000062,-0.004745,-0.0035545,0.00012
Lebanese_Arab_Muslim_Sunni_Baabda_(n=1),0.07057,0.135065,-0.051666,-0.07429,-0.01508,-0.029562,-0.003055,-0.004615,0.000818,0.005649,0.011854,-0.007943,0.020069,0.003303,-0.012622,0.008088,0.01369,0.006714,0.002263,-0.010005,0.007112,0.007048,-0.00456,0.001446,0.005508
Lebanese_Arab_Muslim_Sunni_Beirut_(n=33),0.063775394,0.13454221,-0.046305939,-0.069826727,-0.015769727,-0.023452152,-0.0032971212,-0.0037691212,0.0026959697,0.0038932424,0.0046550606,-0.0048729091,0.010924303,0.0024189091,-0.0042854545,0.0024629091,-0.0051757879,0.00030715152,0.0020187576,-0.002114697,-0.00026087879,0.00074942424,-0.0011167273,0.00056957576,0.00018509091
Lebanese_Arab_Muslim_Sunni_Beirut_(Afro-Arab-Mixed)_(n=5),-0.0104718,0.122676,-0.0355248,-0.0671194,-0.0093554,-0.02471,-0.0070032,0.0008306,0.01628,-0.0010206,0.0052612,-0.0048258,0.0118334,-0.0014588,-0.000597,0.0029436,0.0011474,-0.0010136,-0.0026398,0.0005502,-0.0013226,0.0004452,0.0018734,0.0011568,-0.0028262
Lebanese_Arab_Muslim_Sunni_Dinniyeh_(n=6),0.0768305,0.1338805,-0.049905833,-0.066968667,-0.015798,-0.021799833,-0.0016058333,-0.004115,-0.00068166667,0.0051633333,0.0057376667,-0.0042463333,0.0092911667,0.002592,-0.0051801667,0.0049943333,-0.0043463333,0.0041173333,0.0011521667,-0.00068783333,-0.0017885,0.00014433333,-0.0031426667,0.00062266667,-0.0034926667
Lebanese_Arab_Muslim_Sunni_Koura_(n=2),0.079676,0.138112,-0.0478945,-0.0683145,-0.016926,-0.023566,0.0001175,-0.007269,-0.0002045,0.002096,0.0060895,-0.0049455,0.0137515,0.001445,-0.004954,0.0131925,0.0061935,0.0023435,0.001446,0.002376,0.0018095,0.000062,-0.000616,-0.002169,0.0003595
Lebanese_Arab_Muslim_Sunni_Tripoli_(n=9),0.067958778,0.13266,-0.047605111,-0.068315,-0.017715111,-0.021649111,-0.0015787778,-0.0042347778,0.0024701111,0.0021601111,0.0043657778,-0.0049577778,0.0086521111,0.0012154444,-0.003234,0.0092515556,0.0057167778,0.0025318889,0.00096522222,0.0021903333,0.00048622222,-0.000077222222,-0.0027657778,0.0038003333,-0.00068255556
Lebanese_Arab_Muslim_Sunni_Western_Bekaa_(n=1),0.076261,0.137096,-0.044877,-0.074613,-0.015387,-0.018965,-0.00423,-0.002308,-0.004295,-0.002916,0.002273,0.006294,0.002379,0.006193,-0.016151,0.001061,0.000522,-0.000127,0.005908,-0.005378,-0.003743,0.007914,-0.001725,0.003374,0.005508
Lebanese_Arab_Muslim_Sunni_Zgharta_(n=2),0.0722775,0.131511,-0.0509115,-0.0702525,-0.0143105,-0.023148,0.000235,-0.007615,-0.003988,-0.0006375,0.004953,-0.0061445,0.0103315,0.004748,-0.003664,0.0074915,0.002021,0.00095,0.0039595,0.0000625,-0.0042425,-0.0009895,0.002342,0.000964,0.0059275
Lebbo_(n=3),0.0087263333,-0.417383,-0.074795667,-0.037468,0.15418267,0.049456667,-0.0080683333,-0.015461,-0.018202333,-0.019803,0.080057667,0.012888333,-0.013924667,0.004037,0.0094096667,0.004066,-0.008692,0.001647,0.00993,0.00062533333,-0.0064886667,-0.015539,-0.012489333,-0.0057033333,-0.021714667
Lemande_(n=2),-0.626027,0.0634705,0.0167815,0.018088,-0.0006155,0.0114345,-0.025851,0.0289605,-0.0362005,0.0217775,0.003085,-0.002698,0.0010405,0.0013765,-0.0012215,-0.001326,-0.004759,-0.0013305,-0.00044,0.0005625,0.001123,-0.0009895,-0.004129,-0.0005425,-0.0003595
Lezgin_(n=5),0.110636,0.0993188,-0.0304714,0.0047158,-0.040438,0.0069162,0.0104344,-0.0088612,-0.0544446,-0.0323288,-0.0007144,0.0070438,-0.0072846,-0.0039362,0.0104234,-0.0000532,-0.0034684,-0.0019764,-0.0047514,-0.0021012,-0.0010732,0.0002722,0.0044862,0.0100014,0.000886
Li_(n=5),0.0147972,-0.4462236,-0.0399748,-0.0664734,0.1293162,0.064368,0.000752,-0.0091382,-0.0207386,-0.0142872,0.00734,-0.002188,0.0020812,-0.008918,-0.0018184,0.0051976,0.0046158,0.0019006,-0.0023632,-0.0163578,0.0150236,0.0072708,0.0166138,-0.0001448,-0.0081668
Libyan_Arab_(n=21),-0.030189113,0.13412185,-0.023095635,-0.083920434,0.011595913,-0.035469485,-0.021773945,0.0019832286,0.052886679,0.013887487,0.0069750624,-0.012951735,0.029802945,-0.0071135395,0.0088001629,0.00083614048,-0.0013740329,-0.010478087,-0.021803691,0.011699529,-0.0027208738,-0.014831933,0.010566527,-0.0007129581,0.0012382529
Libyan_Arab_(Shwashin-Mixed)_(n=1),-0.10927,0.11577,-0.009428,-0.062662,0.01231,-0.029005,-0.016216,0.006,0.047859,0.005467,-0.00065,-0.009442,0.024826,-0.008945,0.007465,-0.001989,0,-0.005068,-0.02426,0.012631,-0.010357,-0.021392,0.012202,0.004217,0
Libyan_Arab_Benghazi_(n=2),-0.010053,0.133925,-0.0214635,-0.071857,0.012463,-0.0292705,-0.0141255,0.0044,0.0425455,0.0176195,0.006154,-0.006847,0.020713,-0.011293,0.0076645,0.003632,0.0064445,-0.010541,-0.023414,0.009802,-0.005108,-0.0190105,0.01274,-0.0002025,0.0017285
Libyan_Arab_Misrata_(n=3),-0.008423,0.12736067,-0.0091766667,-0.073734333,0.017036667,-0.030485,-0.024475333,0.0017966667,0.051122667,0.018554,-0.0021176667,-0.001299,0.018446,-0.013345667,0.0044826667,0.000219,0.006702,-0.014812333,-0.029622667,0.0070213333,-0.0069073333,-0.015985333,0.016585667,-0.0011313333,0.0054426667
Libyan_Arab_Tripoli_(n=4),-0.0401225,0.13506525,-0.0165935,-0.07291725,0.00977075,-0.0260065,-0.0215035,0.0083075,0.052716,0.0198635,0.0085655,-0.01112775,0.02170425,-0.0057455,0.00817675,-0.009613,-0.01124525,-0.01273225,-0.02359975,0.0112245,-0.0128215,-0.020495,0.01278725,-0.00379575,0.00440075
Libyan_Jew_(n=13),0.064966615,0.14443962,-0.029212308,-0.069718308,0.004995,-0.026752154,-0.0082253846,-0.0041180769,0.021097462,0.019513231,0.0051962308,-0.0026975385,0.007799,-0.0042876154,-0.0015450769,0.0040696154,0.0022766154,-0.0026994615,-0.0058787692,0.0012120769,-0.0030906154,-0.0071907692,0.0052713077,-0.00075084615,0.0015473846
Lithuanian_(n=5),0.13636,0.1289724,0.0843244,0.0804916,0.0464084,0.0303992,0.0098706,0.0160608,0.0009408,-0.0279188,-0.0058784,-0.0107606,0.0233098,0.0324238,-0.0103962,-0.0003182,-0.0029204,-0.0017738,0.001106,0.002126,-0.0025956,-0.0033386,0.0103526,-0.0083384,-0.0001196
Lithuanian_East_Aukstaitija_(n=78),0.13531813,0.12533982,0.083300115,0.081565782,0.044347449,0.031310872,0.011928282,0.014517141,-0.0027191026,-0.032003449,-0.0036350513,-0.012123808,0.023109077,0.029828833,-0.012348795,0.000020358974,0.0048643333,-0.00024687179,0.0030812436,0.004078859,-0.0040441795,-0.005424859,0.0085767564,-0.0079852308,0.00031008974
Lithuanian_North_Zemaitija_(n=78),0.13546399,0.12644649,0.086210756,0.085272,0.045791449,0.032143962,0.011889141,0.015401705,-0.0020242564,-0.033746397,-0.0039660385,-0.011362962,0.022762231,0.030462269,-0.010398269,0.0012460256,0.0036373846,-0.00079915385,0.0014632436,0.0031409359,-0.0033818333,-0.0060938333,0.0086652436,-0.0090634872,0.0012051667
Lithuanian_South_Aukstaitija_(n=67),0.13431124,0.1250769,0.078925194,0.072978716,0.043052761,0.028234522,0.0098528358,0.013797343,-0.0023901493,-0.027191284,-0.0045904478,-0.0094482836,0.018793403,0.026643299,-0.010760358,0.0011517313,0.004306597,-0.00046701493,0.0026621194,0.0033075821,-0.0041736119,-0.004137791,0.0075310149,-0.0058539701,0.00011795522
Lithuanian_South_Zemaitija_(n=78),0.13579971,0.12604281,0.086017385,0.083035846,0.044576256,0.032809026,0.010804462,0.014679846,-0.0019403205,-0.033089872,-0.0038493974,-0.012198769,0.021948372,0.029691218,-0.008912359,6.41e-8,0.0027196154,-0.00094851282,0.0015308974,0.0038239615,-0.0031451154,-0.0052774103,0.0093510128,-0.0082293205,0.0000046153846
Lithuanian_Suvalkija_(n=1),0.138864,0.131003,0.080704,0.07752,0.047393,0.031236,0.00987,0.009923,-0.005522,-0.030069,0.001786,-0.012589,0.015609,0.027249,-0.012893,0.002784,0.006258,-0.000887,0.004651,0.003627,0.005366,-0.01286,0.002835,-0.003735,-0.004191
Lithuanian_West_Aukstaitija_(n=74),0.13457269,0.12595314,0.082701554,0.079004054,0.044561216,0.030188054,0.010788203,0.013359041,-0.0022221486,-0.030985081,-0.0032872432,-0.010926108,0.020491095,0.0274315,-0.010630176,0.0022790946,0.0060434595,-0.00079267568,0.0017784459,0.0046390811,-0.0036877703,-0.0049444459,0.0071250541,-0.0079706757,0.000082513514
Lithuanian_West_Zemaitija_(n=41),0.13519956,0.12780812,0.085919171,0.083562463,0.045381707,0.032228829,0.011389439,0.015691561,-0.0013419268,-0.032033585,-0.0038972683,-0.010614951,0.021595659,0.03024339,-0.010179098,0.00018758537,0.003107,-0.00028734146,0.0018057805,0.0031173659,-0.0037829756,-0.0057332683,0.0079089512,-0.0087903659,-0.00015470732
Lohra_(n=5),0.014797,-0.1882792,-0.1784534,0.1152474,-0.0246814,0.0702244,-0.0063922,0.011769,0.0745696,0.0509896,0.0135758,0.0052152,-0.0036868,0.0106796,-0.028474,-0.0189338,0.01223,-0.0002028,-0.0012068,0.0243866,0.0013226,0.0143686,-0.0060142,0.0084108,0.006155
Lokono_(n=4),0.03541825,-0.30072725,0.11267825,0.101002,-0.10773825,-0.01208675,-0.29790125,-0.35636375,-0.013582,-0.0149285,-0.0048985,-0.0040395,0.00307525,0.023286,-0.0101205,0.00258375,0.00736875,0.00075425,0.0020895,0.00116525,-0.00226125,0.00653925,-0.001658,0.0013295,0.00251025
Luhya_(n=38),-0.59568432,0.063310079,0.014112342,0.0051595,-0.00067221053,0.0054531316,-0.011843289,0.019578132,0.0075404211,-0.025105342,-0.0075254737,0.017006,-0.033593474,0.00073513158,-0.032651395,0.025048974,-0.021197684,-0.0024171053,-0.0098275789,0.0068981316,0.0016877368,-0.0014609737,0.0032433421,0.0013254211,-0.00044431579
Luiseno_(n=1),0.049717,-0.292325,0.106238,0.085001,-0.106905,-0.016952,-0.264471,-0.317381,-0.004543,-0.018382,-0.00723,-0.004132,0.006868,0.017988,-0.005425,0.006374,0.004198,-0.001135,-0.000285,0.000741,-0.004663,0.007299,-0.001099,0.00065,-0.002053
Lumbee_(n=7),-0.084614143,0.11369729,0.043660286,0.032437857,0.026221143,0.013420714,-0.000899,0.0077375714,-0.0075852857,0.012528714,-0.0022738571,0.006296,-0.0027142857,-0.0043848571,0.011392571,0.00090042857,-0.0029404286,0.0015537143,0.00087557143,0.0026687143,0.0031487143,0.0022104286,-0.00066271429,0.006701,0.000627
Lunda_(n=1),-0.674466,0.071947,0.018831,0.013549,0.002271,0.011918,-0.009136,0.027996,-0.034011,0.022572,0.002574,0.011864,0.0102,0.003401,-0.001141,0.000969,-0.001727,-0.000691,-0.001181,0.002172,0.003199,-0.002576,0.001181,0.001627,0.000801
Luo_Kenya_(n=8),-0.60141275,0.0635975,0.016734625,0.006419625,-0.002846625,0.00721625,-0.01183875,0.0153745,0.008232,-0.026902625,-0.007754,0.01221425,-0.0305125,0.000842875,-0.02320825,0.014336125,-0.016461,-0.002692125,-0.006614875,0.001063125,0.00154425,0.00058725,0.002680625,0.001687,-0.001886
Lur_(n=17),0.088781941,0.10896041,-0.067615471,-0.036404,-0.045963176,-0.0063981176,0.0038152941,-0.0045474706,-0.028657294,-0.013464059,0.0027032353,-0.0017454706,0.0034803529,-0.0010443529,0.0051732941,0.0095386471,-0.0062814118,0.0031298235,0.0069134706,-0.011196529,-0.00047711765,-0.0043206471,-0.0013267059,-0.0047064706,0.0053605294
Luso-Brazilian_(n=130),0.10536613,0.14431479,0.038988931,-0.0027099,0.039739854,-0.0028871538,-0.0059633231,-0.00073545385,0.022765869,0.026278285,-0.0012450769,0.0048140846,-0.0087556308,-0.0090501385,0.0074781077,-0.0002563,-0.0025002846,-0.0010664692,-0.0032444231,-0.00044241538,0.0014711692,-0.0013347769,-0.00056346923,-0.00081760769,0.00041587692
Ma'anyan_(n=7),0.010081571,-0.41767271,-0.069821143,-0.044112571,0.14917071,0.060917571,-0.0048007143,-0.013417,-0.013703,-0.019291143,0.076856,0.0087565714,-0.009323,0.0020251429,0.0075615714,0.0024242857,-0.0015461429,0.0010495714,0.0038068571,0.0026798571,-0.0080931429,-0.010828286,-0.010405714,-0.0020828571,-0.008947
Maba_(n=23),-0.55619909,0.062212261,0.0029186087,-0.015012478,0.00042826087,-0.0060385652,-0.038245652,0.032858217,0.074108696,-0.084565478,-0.01778513,0.016622217,-0.028659174,-0.0024712609,0.012061391,-0.017155957,0.022068913,-0.016254652,0.013591739,-0.015561783,-0.00074856522,0.0014246957,-0.0016557826,-0.0035153043,0.0033164783
Maba_o1_(n=1),-0.564563,0.055854,-0.001508,-0.007752,0.001231,0.003904,-0.031726,0.026537,0.050313,-0.060867,-0.013153,0.017085,-0.018434,-0.001376,0.00855,-0.0179,0.018906,-0.014189,0.011313,-0.014132,-0.001497,-0.002102,-0.001849,0.003856,0.004191
Maba_o2_(n=1),-0.519033,0.069056,-0.00264,-0.014535,-0.005847,-0.002789,-0.031256,0.035075,0.06647,-0.080366,-0.018512,0.015886,-0.023191,-0.000688,0.012758,-0.014585,0.019166,-0.014189,0.016089,-0.01013,-0.003244,0.000247,-0.005053,-0.000964,0.005508
Macedonian_Greece_Florina_(n=23),0.12375787,0.14305748,0.021818217,-0.006652913,0.025880043,-0.00013826087,0.0025773913,0.0019143478,0.0010108696,0.0083659565,-0.00035430435,0.00096747826,-0.0043303478,0.0053440435,-0.013183957,-0.00049386957,0.0082965217,-0.00055395652,0.0047166087,-0.0049143913,-0.0071728261,0.0012475217,0.001994087,-0.00068734783,0.000076391304
Macedonian_North_Macedonia_(n=47),0.12442898,0.1421386,0.024031106,-0.0066676383,0.025994468,-0.0026295957,0.003327234,0.0021624468,0.00046470213,0.0097982766,0.000805,0.0016527872,-0.0017363617,0.0095140638,-0.014937936,-0.0037887234,0.0050865957,0.00067844681,0.0052293191,-0.0045183191,-0.0076537234,0.0003606383,0.0032962128,-0.000016382979,-0.0012450638
Mada_(n=2),-0.5947255,0.059916,0.011125,0.003876,-0.0009235,0.004323,-0.037367,0.034152,0.0118625,-0.025513,-0.0080385,0.0084675,-0.0044595,-0.0004815,0.0036645,-0.008353,0.0119955,-0.0118455,0.0022625,-0.0096295,-0.0027455,-0.003153,0.0035745,-0.0020485,0.0005985
Madhesi_Brahmin_(n=1),0.064879,-0.051792,-0.100314,0.09367,-0.071706,0.047133,0.003525,0.001385,0.007976,0.006925,0.005034,-0.008692,0.000149,0.003578,0.007872,0.00305,0.002217,-0.000127,0.005531,0.003001,-0.001123,0.009892,0.007765,0.004097,0.005868
Magar_(n=17),0.021425588,-0.36941371,-0.029038353,-0.011571,0.010209882,0.020851235,0.0016726471,0.0069091176,0.014304471,0.016476353,-0.067677941,-0.0079428235,0.010371294,-0.0010038235,-0.0093727647,-0.0053426471,0.0048932941,-0.0034951765,-0.009516,0.0058997647,0.0011596471,0.023712235,0.0075108235,0.0042385294,0.035079529
Magar_(Newar_Profile)_(n=20),0.03226875,-0.23032195,-0.0795159,0.044251,-0.0253123,0.03926785,0.0022443,0.00938045,0.0219965,0.0229709,-0.0416932,-0.00304985,0.00523285,-0.0004336,-0.00518445,-0.00275785,0.00050845,-0.00065245,-0.003507,0.00258865,0.00120415,0.0118027,0.00685265,0.00416915,0.0172618
Magar_o1_(n=1),0.021626,-0.418398,-0.000754,-0.03553,0.015387,0.016733,0.004465,0.000923,0.007158,0.018224,-0.088177,-0.010491,0.011001,0.001376,-0.011943,-0.007292,-0.004694,-0.002534,-0.010559,0.010255,0.004118,0.021268,0.001109,0.00012,0.034847
Magar_o2_(n=1),0.015935,-0.353404,-0.054305,0.005491,0.007078,0.036535,0.009635,0.016615,0.024952,0.027153,-0.059109,-0.006894,0.012636,0.000688,-0.011129,-0.014187,0.002738,-0.012796,-0.001006,0.004377,-0.007986,0.022257,0.003944,0.002771,0.030297
Mah_Meri_(n=21),0.0027642857,-0.37502048,-0.090347238,-0.012812333,0.1334901,0.060346667,-0.006904619,-0.012768667,-0.00045761905,-0.0078187619,0.083119571,0.0082425714,-0.010944286,0.0093647619,0.0051057143,-0.0028664762,-0.0047807143,-0.0032456667,-0.00093971429,0.015572857,-0.015080571,0.011664524,-0.013897524,0.004802619,0.027291571
Mah_Meri_o_(n=3),0.0087263333,-0.40079533,-0.064236333,-0.031977,0.12381767,0.054476667,-0.0046216667,-0.007384,-0.0052496667,-0.010266,0.041571333,0.0038466667,-0.0060953333,0.0027983333,0.0031213333,-0.0034473333,-0.011343333,-0.0057853333,-0.0039803333,0.0035853333,-0.0055316667,0.0092736667,-0.004848,0.0029723333,0.018681
Mahali_Jharkhand_(n=5),0.0184394,-0.180155,-0.1743808,0.1165394,-0.033483,0.0648142,-0.003055,0.0125996,0.07097,0.0493858,0.0114646,0.0016188,-0.0034784,0.0109824,-0.0177252,-0.0189338,0.0138992,-0.0004814,-0.003645,0.0189342,0.0021464,0.0098178,-0.001627,0.0115194,-0.000982
Mahali_Odisha_(n=19),0.012999789,-0.18851432,-0.17762389,0.118729,-0.031422842,0.066933789,-0.0043784211,0.011878053,0.075017211,0.047419737,0.012221947,0.0024611053,-0.0031062105,0.015920684,-0.020229474,-0.020600211,0.0099504211,-0.0014667895,-0.0039495789,0.022273737,0.0015039474,0.012983579,-0.0038205263,0.0079274211,0.0019978947
Makassarese_Konjo_Kajang_(n=6),0.0072088333,-0.4040115,-0.083155,-0.015450167,0.1473095,0.0079948333,-0.0041125,-0.0091918333,-0.019259333,-0.017798333,0.056971167,0.0048206667,-0.0072596667,-0.0017433333,0.0090028333,0.0057231667,-0.0046288333,0.0041595,0.0069761667,-0.002126,-0.005116,-0.019187,-0.0081548333,-0.0036148333,-0.0285205
Makhuwa_(n=19),-0.62297184,0.060878316,0.017764421,0.015674,0.000097210526,0.010774053,-0.0083984211,0.017355474,-0.028105895,0.011471263,0.0010256842,0.00013405263,-0.010907,0.00028247368,-0.014307842,0.010565368,-0.0077818421,0.012348842,-0.0092553684,0.0052591579,-0.00054505263,-0.00019515789,0.000019526316,-0.00038689474,0.00011342105
Makrani_(n=5),0.0566838,0.0639786,-0.1009928,0.0210596,-0.0701668,0.0225344,0.004371,0.0000922,-0.0254836,-0.020629,-0.0009092,-0.0075234,0.0087708,-0.0112574,0.0145492,0.0343672,-0.008892,0.0033956,0.0031174,-0.0269632,0.004492,-0.0149126,-0.0017008,-0.0221236,0.015184
Makrani_(Siddi-Mixed)_(n=4),-0.00597575,0.0479835,-0.0920175,0.02656675,-0.06339625,0.028935,0.00346625,0.00617275,-0.016822,-0.01339425,0.00125825,-0.0012365,0.00431125,-0.00712175,0.00726125,0.02850675,-0.0061935,0.0044975,0.0060335,-0.0165705,0.00218375,-0.01270525,0.000524,-0.0124115,0.01107675
Makrani_(Siddi-Mixed)_o_(n=1),-0.203743,0.045699,-0.050911,0.024871,-0.040623,0.022032,-0.010575,0.006923,-0.017998,-0.008018,0.001949,0.00015,-0.003568,0.00055,-0.001357,0.017237,-0.017993,-0.000633,-0.001885,-0.013131,0.000374,-0.00643,-0.001109,-0.011929,0.002155
Malagasy_Mikea_(n=15),-0.39784953,-0.086861533,-0.012998133,-0.0054264,0.043084867,0.027108067,-0.010779133,0.011415,-0.020384267,-0.00036446667,0.0250944,0.0055252667,-0.0090881333,-0.0013486667,-0.0097808667,0.012383867,-0.0072668,0.0069510667,-0.0027654,0.005511,-0.0014639333,-0.0055315333,-0.0034015333,-0.00028926667,-0.0052210667
Malagasy_Sofia_(n=9),-0.38484856,-0.095911,-0.013324889,-0.0053474444,0.047872222,0.028477778,-0.0096091111,0.0095637778,-0.020225222,0.000020333333,0.024899444,0.0053285556,-0.012487222,0.0011162222,-0.0068162222,0.0097525556,-0.0094744444,0.0055321111,-0.0028352222,0.0034877778,-0.0042147778,-0.0041218889,-0.00099955556,0.0031997778,-0.003486
Malagasy_Sofia_o_(n=1),-0.422284,-0.069056,-0.012822,0.005491,0.03416,0.022869,-0.00564,0.007846,-0.027611,0.001276,0.012017,-0.004346,-0.008622,-0.003853,-0.012893,0.015248,0.001173,0.007221,-0.007542,0.001626,-0.010357,-0.004081,-0.004437,0.006266,-0.003233
Malagasy_Temoro_(n=24),-0.39212062,-0.092370875,-0.014644833,-0.0050199583,0.044585167,0.025669458,-0.00988,0.009893875,-0.020247792,-0.00086558333,0.024655958,0.0022855,-0.01112475,0.0033315833,-0.0080470417,0.0091707917,-0.0120225,0.0076645833,-0.0035352917,0.0036162917,-0.00064470833,-0.005348,-0.001668875,-0.0017722917,-0.0037521667
Malagasy_Toliara_(n=9),-0.39724278,-0.089479556,-0.011900333,-0.0066035556,0.044418556,0.027951111,-0.0099748889,0.010486778,-0.018293556,-0.00016222222,0.022806444,0.0047793333,-0.011099889,-0.00081066667,-0.010661667,0.014422667,-0.0033318889,0.0049408889,-0.0043715556,0.0052941111,-0.0034383333,-0.0046163333,-0.0032866667,-0.00060244444,-0.0057214444
Malagasy_Vezo_(n=21),-0.38358376,-0.097394095,-0.015246333,-0.0073520952,0.046059762,0.028221095,-0.011549143,0.0097029524,-0.018767476,-0.0019264286,0.026152238,0.0043105714,-0.010816762,0.000793,-0.0078652381,0.0099379524,-0.0088724286,0.0063525238,-0.0066201429,0.0032098571,-0.0034760476,-0.0051523333,-0.0021949524,-0.0011591429,-0.0049837143
Malay_Malaysia_(n=9),0.014670556,-0.38466,-0.073706111,-0.029213556,0.11550878,0.051966556,-0.0042822222,-0.0088972222,-0.0057493333,-0.0098811111,0.048752667,0.0036133333,-0.0064584444,0.0015902222,0.00374,0.0010755556,-0.00063755556,-0.0013091111,-0.00081,0.0051413333,-0.0064052222,-0.0022256667,-0.0064088889,0.00162,0.0033927778
Malay_Singapore_(n=30),0.0136208,-0.38390397,-0.0780012,-0.0250648,0.12368453,0.0546068,-0.0039401667,-0.0076689,-0.0082218667,-0.0144453,0.063656333,0.0064343,-0.0079880667,0.0029175667,0.0050487333,0.0021876667,-0.0019209333,-0.00084463333,0.0012234,0.0053943333,-0.0082854,-0.0032232,-0.0092641667,0.0012933,0.0044785333
Malayali_Brahmin_Nambudiri_(n=5),0.0569114,-0.0412308,-0.1404398,0.101616,-0.077368,0.0580094,0.0022092,0.008861,0.0251974,0.011845,-0.0061382,-0.0015288,0.0002976,-0.0008532,-0.00076,0.0009282,0.001382,0.0024578,0.0013322,-0.0014758,0.0006738,-0.0014592,-0.0004436,-0.003133,0.000455
Malayali_Christian_(n=2),0.045529,-0.0563615,-0.1555625,0.0996455,-0.071244,0.0557785,-0.00282,0.01373,0.0344625,0.0205015,-0.0018675,0.002173,0.0012635,0.00289,-0.0010175,0.000464,-0.004042,-0.001964,-0.002137,-0.0060025,0.0042425,-0.003524,-0.000678,-0.000422,-0.0002395
Malayali_Christian_Knanaya_(n=17),0.048876882,-0.043249529,-0.15084829,0.083486,-0.074041,0.050561235,0.0012026471,0.0082258824,0.028212235,0.016980059,-0.0043844706,-0.0012694706,0.0032705294,0.0019024118,-0.00035929412,-0.001825,-0.0053534118,0.0012518824,0.0018557647,-0.0047817059,0.0021285294,-0.0049242353,-0.0018268824,-0.0017008824,-0.00063405882
Malayali_Christian_Nasrani_(n=18),0.04711,-0.059070111,-0.15357194,0.098030556,-0.076219111,0.057048556,-0.00069194444,0.010768722,0.033905556,0.019479,-0.0057917222,-0.00028311111,0.0019488889,0.0014527778,0.00064083333,-0.0018194444,-0.0022672222,0.00041527778,0.0026885556,-0.0021121111,0.0045406667,-0.0034553333,-0.0013898889,-0.0020685556,-0.0032663889
Malayali_Ezhava_(n=2),0.0426835,-0.079719,-0.165933,0.1030375,-0.0770915,0.0613555,-0.0005875,0.0083075,0.0415185,0.0287935,-0.0097435,0.000375,0.0014865,0.001514,-0.0046145,0.000862,0.0121255,-0.0002535,-0.005405,0.0051275,0.012041,-0.002226,-0.0028965,0.005603,-0.003293
Malayali_Muslim_Mappila_(n=4),0.04040725,-0.06093175,-0.15207425,0.092055,-0.07278275,0.05333775,0.00193875,0.01488425,0.0341045,0.018907,-0.00462825,0.00164875,-0.00367925,0.00271825,-0.002443,0.00112725,-0.0005865,0.00190025,-0.00135125,0.00275125,0.00371225,0.000402,-0.0002155,0.000994,-0.002365
Malayali_Nair_(n=11),0.051634545,-0.050222545,-0.15019673,0.098250909,-0.077720545,0.057400818,0.000085454545,0.011999364,0.032630727,0.018024727,-0.0089460909,0.00040863636,-0.0012973636,-0.00073818182,-0.00034545455,0.0011811818,-0.000094818182,0.00024172727,0.0010399091,-0.000989,0.001883,-0.002327,0.000661,-0.0041845455,-0.0013065455
Malayali_Nair_Maniyani_(n=2),0.050651,-0.041637,-0.1472655,0.097223,-0.0740135,0.0534075,0.001175,0.009346,0.0255655,0.0204105,-0.007551,0.001349,0.001784,-0.0026835,0.0035965,0.0043755,0.0031945,0.002407,0.003331,-0.004127,0.0064885,-0.0055645,0.005238,-0.006025,0.001916
Malayali_Poduval_(n=4),0.0549195,-0.04316,-0.1461345,0.09455825,-0.07593725,0.05480175,-0.00076375,0.009461,0.027662,0.018998,-0.00373475,0.0003,0.00159825,0.00375025,0.00424125,-0.00053025,-0.004205,-0.000475,-0.00179125,-0.007566,0.0002185,-0.0044205,-0.0013865,-0.00189775,-0.003712
Malayali_Pulaya_Kerala_(n=2),0.023903,-0.116786,-0.183469,0.124356,-0.0703205,0.0603795,-0.0008225,0.011307,0.07097,0.0382695,-0.0034105,0.001049,-0.0001485,0.0088765,-0.011197,-0.014121,0.008605,-0.0023435,-0.0032055,0.0136315,0.006551,0.0057495,0.0028345,0.0114475,-0.0083225
Malayali_Saliya_Kerala_(n=1),0.044391,-0.075149,-0.164425,0.105299,-0.074783,0.058009,-0.00094,0.016845,0.036405,0.024055,0.001137,0.004346,0.000446,0.002064,-0.001493,-0.003182,-0.002608,0.0019,-0.002011,-0.000125,0.008235,0.000124,0.003697,-0.005422,0.005029
Malayali_Thiyya_(n=4),0.0395535,-0.0680405,-0.16565025,0.1010185,-0.07647575,0.0564055,0.00146875,0.01153775,0.039013,0.02574075,-0.000609,0.00063675,-0.001598,0.00705325,-0.00665025,-0.0084525,-0.0040745,0.00145725,0.002074,-0.00143825,0.0015285,0.000433,-0.00277275,0.0020785,-0.00134725
Malayali_Vishwakarma_(n=1),0.026179,-0.120848,-0.199497,0.13986,-0.073244,0.066376,-0.00141,0.011538,0.079764,0.056493,-0.003735,-0.003747,-0.010704,0.011147,-0.028501,-0.005304,0.016428,-0.00152,-0.000126,0.015632,0.005865,0.007914,0.006409,0.005543,-0.013053
Malayan_(n=6),0.0157455,-0.14691317,-0.18642333,0.13296933,-0.059241667,0.0572655,-0.0046216667,0.013537833,0.082320833,0.056037667,0.000704,-0.00027483333,-0.0023786667,0.014679833,-0.021964167,-0.020971167,0.0096916667,0.00046466667,-0.0015925,0.021176833,0.0085473333,0.010118833,-0.0081755,0.0040365,-0.0080233333
Malinke_Mali_(n=49),-0.61155524,0.064351327,0.018956082,0.012709061,0.00090436735,0.010632041,-0.039577857,0.041447224,-0.035040388,0.026197449,0.0053090816,-0.0010704694,0.019216612,-0.00074142857,0.012782714,-0.011097,0.0093078163,-0.00010344898,-0.00064128571,-0.0010642245,-0.0010110204,-0.0010548571,0.00034710204,-0.00068612245,0.00094332653
Malmi_(n=1),0.047806,-0.067025,-0.159145,0.102714,-0.077245,0.059125,0.00235,0.01523,0.04295,0.015855,0.004384,-0.0003,0,0.008808,0.001086,-0.014187,-0.011604,0.006968,0.01081,-0.004127,0.008485,-0.000742,-0.000863,0.002169,-0.002994
Maltese_(n=8),0.091912375,0.14649012,-0.0024985,-0.043403125,0.013271375,-0.017814125,-0.004406375,-0.000923125,0.01109525,0.020524375,0.006150375,0.000973875,-0.002898875,-0.000722625,-0.004258125,0.000878375,-0.000407375,-0.00376875,-0.000487125,-0.002360625,-0.006145375,-0.00259675,0.00281925,0.001189875,0.002904
Mamanwa_(n=1),-0.007968,-0.351373,-0.095034,0.026809,0.118484,-0.022869,0.000235,-0.00923,-0.0045,-0.005285,0.042871,-0.000599,-0.001635,-0.004679,0.001493,0.001326,-0.002868,0.004434,0.00176,-0.004627,0.008485,-0.02337,-0.007148,-0.008555,-0.041433
Manchu_(n=14),0.025285,-0.44625243,0.010343929,-0.063746357,0.047151571,0.020916786,0.0060262143,0.0031152857,-0.012344429,0.0030458571,-0.071346571,-0.0078682143,0.0079215,-0.0072349286,-0.0068732857,0.000464,-0.0024119286,0.00013571429,-0.0031873571,-0.0060654286,0.010579571,0.0036036429,0.010062214,0.0003615,-0.0021640714
Manchu_Aisin-Gioro_(n=38),0.022015763,-0.44333211,0.0096264737,-0.0629425,0.047701184,0.018304105,0.0042238684,0.0025869211,-0.011604079,0.0045559211,-0.072032158,-0.0091576316,0.010668368,-0.0063161579,-0.0068895526,0.00028607895,0.0018391579,0.00056013158,-0.0027388158,-0.0080070789,0.010310763,0.0055253947,0.010261921,0.00076418421,0.0012068947
Manchu_Gejile_(n=3),0.020488,-0.44277067,0.012319333,-0.063523333,0.046265,0.019894333,0.0068936667,0.0040766667,-0.015544,0.0054063333,-0.070909667,-0.0065443333,0.0080773333,-0.006606,-0.0051573333,0.00039766667,-0.00065166667,-0.0021536667,-0.0060333333,-0.006712,0.0089843333,0.0032973333,0.0076413333,-0.0032933333,0.0020753333
Manchu_Guaerjia_(n=1),0.022765,-0.444802,0.004525,-0.065892,0.055087,0.02259,0.000235,-0.000231,-0.012067,0.00893,-0.065605,-0.009442,0.008474,-0.002064,-0.012351,0.001326,0.003651,0.001774,-0.000251,-0.004502,0.009608,0.008285,0.00493,-0.002771,-0.001317
Manchu_Guizhou_Bijie_(n=27),0.018338148,-0.45051893,-0.011914259,-0.063020889,0.079570296,0.035470741,0.0015667037,-0.0034528519,-0.014294037,-0.0013364444,-0.045546852,-0.0057616296,0.0080992222,-0.006142037,-0.0040011852,0.00018655556,0.0034092593,0.000018666667,-0.0035754444,-0.010014037,0.010564704,0.013762111,0.014917519,0.00094162963,0.010972556
Manchu_Guizhou_Jinsha_(n=28),0.018577536,-0.45111279,-0.013993821,-0.063746357,0.078212357,0.034841357,0.0031893571,-0.00090660714,-0.012607464,-0.0011129643,-0.046564857,-0.0065995714,0.0078578571,-0.0077609643,-0.0058069286,-0.00081925,-0.0011269643,-0.00087782143,-0.0041975357,-0.00827625,0.010543893,0.011318536,0.012051893,0.0026508571,0.012471036
Manchu_Hesheli_(n=1),0.022765,-0.44988,0.002263,-0.065246,0.060934,0.021753,0.006815,-0.007615,-0.016157,0.005103,-0.075998,-0.014687,0.008325,-0.005505,-0.007872,0.006099,0.004563,-0.002914,0.001885,-0.010755,0.007736,0.014467,0.011585,0.000602,0.005987
Manchu_Jueercha_(n=2),0.0227645,-0.4473405,0.008674,-0.0650845,0.0517015,0.0232875,0.003525,0.006923,-0.010124,0.004738,-0.074455,-0.0062945,0.00721,-0.0108035,-0.005904,0.001856,0.0025425,0.001774,0.0010685,-0.0085665,0.009733,0.0077905,0.015283,-0.0006025,0.000778
Manchu_Liaoning_(n=96),0.02249199,-0.44796478,0.0087836875,-0.064892719,0.049630948,0.020565208,0.00497175,0.0021729583,-0.011672833,0.004677375,-0.074497406,-0.0083301042,0.010790271,-0.0061098646,-0.0080838854,-0.00063117708,0.00058405208,0.00067172917,-0.0041964583,-0.010185844,0.011212,0.0076304063,0.01097675,0.00028741667,0.00086070833
Manchu_Liaoning_Jinzhou_(n=17),0.020756059,-0.44372653,0.011335824,-0.063726,0.046415824,0.020145706,0.0052669412,0.0034884706,-0.011152471,0.0041271765,-0.071135588,-0.0069997647,0.0096105294,-0.0039021765,-0.0062670588,-0.0013415882,-0.0015492353,0.0016543529,-0.002588,-0.0097841765,0.0092703529,0.0059862941,0.0091277059,0.000078,0.00024658824
Manchu_Tongjia_(n=4),0.02475675,-0.44480225,0.00782525,-0.06710325,0.04693175,0.0227295,0.0041125,0.003519,-0.0146235,-2.5e-7,-0.06532075,-0.00966625,0.008511,-0.006709,-0.00712525,-0.0009945,0.00280325,-0.00076025,-0.00311075,-0.00653425,0.012322,0.00967575,0.01035275,0.00445825,0.00182625
Manchu_Wusu_(n=1),0.025041,-0.439724,0.004903,-0.06783,0.047393,0.013945,0.00094,-0.001615,-0.015748,0.000547,-0.070801,-0.008243,0.002379,-0.007844,-0.008143,0.00305,0.004303,-0.003927,-0.001006,-0.005878,0.011355,-0.00136,0.005793,0.002771,-0.002874
Manchu_Xinbin_(n=1),0.012521,-0.444802,0.009428,-0.064277,0.048009,0.017849,0.00611,0.003,-0.016157,0.011299,-0.067229,-0.009591,0.011596,-0.00289,-0.006922,-0.008751,-0.004563,-0.001267,-0.005782,-0.007128,0.022336,0.011747,0.014297,0.002892,0.00946
Manchu_Yhyegjl_(n=2),0.0261795,-0.442263,0.0032055,-0.062339,0.0509325,0.0143625,0.004465,0.0020765,-0.0133965,0.0067425,-0.0708015,-0.007943,0.0118185,-0.0057115,-0.007329,0.002917,0.006845,0.000697,-0.0057195,-0.005815,0.017282,0.004142,0.003266,0.002289,-0.0017965
Mandaean_Iraq_(n=20),0.08994165,0.1322264,-0.0661482,-0.06692365,-0.03197415,-0.0196272,0.00046785,-0.0055995,-0.01262445,-0.00354465,0.0048757,-0.0052853,0.0117526,0.00189195,-0.00232805,0.011191,-0.00357765,0.0024692,0.0033963,-0.00351095,0.00099955,-0.0005004,-0.002018,-0.001505,0.00127445
Mandan-Arikara-Hidatsa_(n=3),0.059076667,-0.319566,0.11465067,0.081874,-0.106272,-0.018869333,-0.239932,-0.286105,-0.009895,-0.015632667,0.0021013333,-0.004056,0.0042066667,0.014358667,-0.013141667,-0.00025366667,0.0059063333,0.0025333333,0.0069233333,0.002987,0.0021953333,-0.0021866667,0.000797,0.0029733333,0.0031763333
Mandan-Arikara-Hidatsa_(European-Mixed)_(n=2),0.063126,-0.271607,0.1083405,0.0837715,-0.093804,-0.0207455,-0.213202,-0.2533955,-0.0092675,-0.0173525,0.005223,-0.003713,0.0037935,0.010658,-0.010923,-0.000084,0.004502,0.003006,0.0061105,0.0031245,0.001156,-0.001695,-0.000494,0.004041,0.004378
Mandar_(n=24),0.00920075,-0.40756579,-0.077356875,-0.023323292,0.14647604,0.019533917,-0.0036522917,-0.011826417,-0.019310625,-0.019916833,0.061145875,0.0066940417,-0.0083310417,0.00090033333,0.0091440833,0.0057455833,-0.0027055,0.0033626667,0.00460375,-0.0048460833,-0.0036030417,-0.019995792,-0.0086119167,-0.0030877083,-0.034018917
Mandinka_Gambia_(n=232),-0.60661829,0.06361494,0.017609293,0.011757478,0.0011673017,0.008696125,-0.036357884,0.036933491,-0.029231909,0.023308147,0.0042892845,-0.0013074655,0.017472711,-0.001167431,0.014028944,-0.011323823,0.0096652931,-0.000076443966,-0.0023346293,-0.0017648578,-0.00094606034,-0.0030662457,0.0014975345,-0.0010652241,0.0017121121
Mandinka_Gambia_o1_(n=7),-0.57968486,0.066879857,0.016916429,0.005814,0.0038688571,0.0025895714,-0.037769857,0.036328143,-0.021066,0.023456571,0.0040831429,-0.000899,0.018561286,-0.0019267143,0.015433571,-0.011933143,0.0079908571,0.00010871429,-0.0043634286,-0.0042162857,-0.003654,-0.0070305714,0.0034332857,-0.0021,0.00071842857
Mandinka_Gambia_o2_(n=3),-0.56114767,0.070410333,0.02049,0.0023686667,0.002667,0.000093,-0.038150333,0.035921667,-0.014316667,0.024845,0.0044386667,0.001199,0.019375667,-0.0045413333,0.014929333,-0.01074,0.007171,-0.0047296667,-0.012569667,-0.002793,-0.0034103333,-0.0083673333,0.0042316667,-0.000442,0.0020756667
Mandinka_Senegal_(n=19),-0.60661732,0.063764474,0.018141368,0.010846,0.00043726316,0.0091888947,-0.037886421,0.038038947,-0.030377105,0.025666526,0.0052135263,-0.000497,0.018895526,-0.0013905789,0.015372105,-0.010963,0.010183684,0.00010005263,-0.00217,-0.0022182105,-0.0016023684,-0.0043798421,0.00022721053,-0.0013382105,0.001563
Manggarai_Bere_(n=3),-0.004932,-0.36999133,-0.11552467,0.038437,0.155824,-0.057823667,-0.0018016667,-0.006692,-0.017998,-0.016401333,0.05099,0.006544,-0.005104,0.004312,0.005112,0.00221,-0.004694,0.0023226667,0.00025133333,0.0031263333,-0.008485,-0.0086143333,-0.0096546667,0.000241,-0.007664
Manggarai_Cibal_(n=13),-0.0052533846,-0.36832469,-0.11751662,0.042213615,0.15432485,-0.065603615,-0.0044469231,-0.0098161538,-0.017227154,-0.016877769,0.052289077,0.0059831538,-0.0072615385,0.0015986154,0.0039880769,0.0028149231,-0.00061192308,0.00037023077,0.001112,0.0030013846,-0.0065365385,-0.005222,-0.00785,-0.000102,-0.0049558462
Manggarai_Rampasasa_(n=22),-0.0032077727,-0.36826795,-0.11629032,0.041667,0.15306364,-0.064550591,-0.0032045455,-0.0083912727,-0.017868,-0.016343273,0.053986909,0.0064237727,-0.0067572273,0.0013010909,0.0050153182,0.0021577273,0.000059181818,-0.00013240909,0.00028563636,0.0023079545,-0.0075548636,-0.0071943636,-0.0084033636,-0.0020046364,-0.0065970909
Manipuri_Brahmin_(n=20),0.03369165,-0.2565227,-0.07972335,0.0327522,-0.0044161,0.0420986,0.00179775,0.00501905,0.0196855,0.0148795,-0.02848295,-0.00236785,0.0049801,-0.00229155,-0.00850975,-0.0032684,0.00666265,-0.00200795,-0.00596435,0.0042395,-0.00052405,0.01525875,0.0028777,0.0037956,0.0211178
Maniq_(n=9),-0.0049322222,-0.30747956,-0.11523133,0.044825222,0.077074444,0.018592778,-0.0055094444,-0.0027434444,0.026542444,0.011177111,0.047742222,0.005212,-0.0092005556,0.0037923333,-0.0072233333,-0.0052888889,0.0074607778,-0.0019707778,-0.0040222222,0.020704444,-0.0075146667,0.0071582222,-0.0089972222,0.010282444,0.022033889
Manjak_Gambia_(n=45),-0.61231771,0.063504378,0.018713511,0.012151978,-0.000054733333,0.0090671333,-0.033501956,0.035378,-0.030410378,0.023808156,0.0050303333,-0.0013054667,0.0166698,0.00036384444,0.013442444,-0.010583578,0.009066,0.00046728889,-0.0014134667,-0.0023678889,-0.0017025556,-0.0034705111,0.00073666667,-0.0016440444,0.0015301333
Manjak_Gambia_o_(n=2),-0.435373,0.0827655,0.010371,-0.0030685,0.0007695,0.0039045,-0.025146,0.029768,-0.015953,0.023964,0.0047905,0.0007495,0.011224,0.000069,0.009161,-0.010806,0.003651,0.003864,0.003771,-0.001063,-0.000499,-0.0034005,0.001109,-0.0037355,-0.00006
Manjhi_Jharkhand_(n=5),0.0093336,-0.201481,-0.1758138,0.1144722,-0.021173,0.0697228,-0.003525,0.0134302,0.0766964,0.0476728,0.021435,0.0042564,-0.0044598,0.0136796,-0.0252168,-0.0233356,0.011943,-0.0051184,-0.0038716,0.0245116,0.0003744,0.0178306,-0.0104268,0.0095192,0.0025866
Mansi_(n=12),0.0865055,-0.17128592,0.111722,0.062069833,-0.0760655,-0.020754167,0.0092828333,0.014941667,0.00028958333,-0.034032417,0.05107125,-0.0049081667,0.019462167,-0.074006667,-0.024916083,-0.012706417,-0.00024983333,-0.000021083333,-0.0051116667,-0.013235417,-0.0019653333,0.023947333,0.016895333,-0.0030325,-0.0063965
Manx_(n=2),0.1305016,0.13813987,0.063210433,0.043325202,0.04272527,0.01721502,0.0025283804,0.0038118657,0.0088210929,0.0078531485,-0.005728944,0.0063915092,-0.0138033,-0.011105706,0.023245934,0.0064739131,-0.008902479,0.0014023205,0.0013010479,0.0029640873,0.007572362,0.0018389164,-0.00053504611,0.011067557,0.0013940835
Manyika_(n=15),-0.63080753,0.063098067,0.020741733,0.0169898,-0.00057446667,0.011099867,-0.012784733,0.022183667,-0.0297786,0.012732267,0.00083353333,0.0015786,-0.013329933,0.0026423333,-0.0216972,0.015681,-0.015350533,0.0110642,-0.0105922,0.0074535333,-0.0016388,0.0013024,0.0024402,0.00067466667,-0.0015008667
Maonan_Guangxi_(n=16),0.016789,-0.44962556,-0.038089125,-0.067042687,0.12681213,0.059961375,-0.00041125,-0.0099515625,-0.017972438,-0.013565188,0.0015224375,-0.0029036875,0.00029725,-0.006399375,0.00032225,0.00438375,-0.0008066875,-0.0013935,-0.001139125,-0.011372625,0.011721438,0.00457525,0.016037563,0.0018751875,0.0011001875
Maonan_Guangxi_o_(n=1),0.015935,-0.454957,-0.034695,-0.07106,0.109559,0.050758,0.001175,-0.009,-0.019021,-0.011481,-0.012017,-0.005995,0.002527,-0.007156,-0.000136,0.000928,0.000652,-0.004307,-0.001257,-0.010505,0.017594,0.004328,0.012818,-0.002169,0.00934
Maonan_Guizhou_(n=39),0.017015128,-0.4483171,-0.037112538,-0.066115615,0.12276056,0.057887718,-0.0027838462,-0.0090410769,-0.018905385,-0.011653718,-0.00060376923,-0.00069174359,0.0023176154,-0.0048591538,-0.0020951026,0.0031446923,0.0018956667,0.00075361538,-0.0019466667,-0.010905897,0.012778692,0.0047305641,0.016834359,-0.0016961282,0.0020141795
Maonan_Guizhou_o_(n=1),0.017073,-0.447848,-0.021873,-0.068799,0.104019,0.048527,0.0047,-0.002077,-0.02168,-0.012028,-0.023059,-0.002398,0.003122,-0.00234,-0.008415,-0.009944,-0.005867,0.00038,-0.007416,-0.016883,0.017344,0.001607,0.017255,0.003133,0.011616
Maori_(n=10),0.0027576508,-0.38739095,-0.098042671,0.027333972,0.14575997,-0.054488123,-0.0055009814,-0.0085559465,-0.014698107,-0.014049719,0.036005767,0.0028804438,-0.0028356614,-0.0032557278,0.0039994549,0.0042788176,0.00055504315,0.0029668738,0.00267015,-0.0012116272,-0.00092176885,-0.0097748859,-0.003818377,-0.0045634473,-0.022383299
Maori_(European-Mixed)_(n=17),0.033262212,-0.24592968,-0.053579941,0.030319883,0.11565759,-0.035361612,-0.003539414,-0.0047791739,-0.0097161639,-0.0088360936,0.023717269,0.0035274948,-0.0044387304,-0.0051979763,0.008138053,0.0043082733,-0.0019493764,0.002292994,0.0022026854,-0.00061760023,0.0012060054,-0.0069428543,-0.0040108232,-0.0009285953,-0.017979522
Mapuche_(n=2),0.064407,-0.290515,0.1134095,0.0910115,-0.100201,-0.0126385,-0.280765,-0.3359,-0.0118255,-0.015777,0.0016865,-0.003571,0.002448,0.018691,-0.0100635,0.002577,0.005983,0.0011975,0.003563,0.000604,0.00032,0.0026115,-0.000172,0.0023355,0.0019025
Mapuche_Huilliche_Chile_(n=10),0.0554319,-0.3043543,0.1158892,0.0903431,-0.1090356,-0.0187972,-0.2853499,-0.345678,-0.0132533,-0.0142509,-0.0015751,-0.0016335,0.0021257,0.0223774,-0.0087267,0.0035269,0.0045113,0.0018497,0.0009051,0.0004752,-0.00141,0.0016198,-0.0043876,-0.0031931,-0.0036163
Mapuche_Huilliche_Chile_(European-Mixed)_(n=1),0.059188,-0.267084,0.104462,0.085595,-0.098788,-0.016733,-0.266737,-0.314295,-0.012476,-0.011299,-0.006983,0.000599,0.001338,0.022432,-0.005429,0.00305,0.006258,0.0019,-0.006285,0.004002,0.002745,-0.001113,-0.000493,-0.006507,-0.003353
Marathi_(n=7),0.035773143,-0.093428857,-0.16965043,0.12001857,-0.072189286,0.062471429,-0.0010407143,0.015394857,0.054958286,0.036707571,-0.0031087143,0.000085571429,-0.002782,0.0057605714,-0.0084145714,-0.0051708571,0.0093505714,-0.0017372857,-0.0028731429,0.0075034286,0.0041,0.002067,-0.00082742857,0.002496,-0.0050978571
Marathi_Brahmin_Chitpavan_(n=1),0.05805,-0.037575,-0.14142,0.103037,-0.075091,0.056615,-0.003525,0.013846,0.027611,0.010934,-0.007795,0.000599,-0.004162,-0.00234,0,0.000928,-0.00352,-0.00038,0.000754,-0.008379,0.005989,0.000124,-0.003697,0.00241,-0.005149
Marathi_Brahmin_Deshastha_(n=1),0.057741,-0.035779,-0.154417,0.102162,-0.081856,0.064847,-0.000175,0.010776,0.02273,0.01276,-0.007068,0.000537,-0.001018,-0.000264,0.00092,0.002201,0.000635,-0.00035,-0.000546,-0.002794,-0.001699,0.000797,-0.000078,-0.00064,0.003146
Marathi_Chandraseniya_Kayastha_Prabhu_(n=1),0.05572,-0.05082,-0.152746,0.107196,-0.075989,0.060201,-0.001567,0.010474,0.02782,0.018115,-0.008301,0.00124,-0.002319,-0.000509,-0.000493,0.00035,0.001315,-0.00041,-0.000469,-0.001896,-0.000877,0.00005,0.000104,-0.000032,0.004361
Marathi_Mahadev_Koli_(n=5),0.0352854,-0.1078492,-0.1727966,0.1260356,-0.0685666,0.0609096,-0.003055,0.0119534,0.058412,0.0367754,-0.0009418,-0.0018282,0.0009216,0.0104044,-0.0118078,-0.01302,0.0059978,-0.0036484,-0.0015584,0.01028,0.001123,0.0022506,0.0006162,0.004362,-0.0049576
Marathi_Maratha_Karnataka_(n=4),0.04581375,-0.07057925,-0.156128,0.1072365,-0.07170575,0.06079825,-0.0010575,0.010211,0.04202975,0.027244,-0.00300425,0.00142375,0.00107775,-0.00030975,-0.00342675,-0.001094,0.0066495,0.001235,0.0025455,0.003439,0.000312,-0.001855,0.0013555,0.000211,-0.00440075
Marathi_Sunar_(n=1),0.053497,-0.048745,-0.137272,0.097223,-0.076322,0.064145,0.00376,0.014307,0.030474,0.012028,-0.004222,0.002548,-0.004162,-0.001239,0.004886,-0.006232,-0.009127,0.002027,0.003394,0.001876,0.000125,-0.004575,-0.007148,0.009158,0.00479
Marathi_Yadav_Gawli_(n=1),0.039838,-0.088351,-0.158391,0.113697,-0.07386,0.059961,-0.001175,0.007846,0.049086,0.016037,-0.004222,-0.003597,0.000149,-0.003853,0.003257,-0.003447,0.002999,0.001014,-0.008296,0.000125,0.005366,-0.002226,0.012695,-0.00253,-0.006706
Mardini_Arab_(Mardelli)_(n=18),0.088782,0.11644739,-0.054242333,-0.047678389,-0.032313556,-0.011357056,0.0022325556,-0.0038075556,-0.019838778,-0.0082512222,0.0016509444,-0.0019815,0.0032953333,0.0012997222,-0.0012517222,0.0030421111,-0.0060485,0.00075305556,0.0038686111,-0.0052594444,-0.0016568333,-0.00087244444,-0.0016363889,-0.0028115556,0.0035259444
Mari_(n=9),0.10244078,-0.04773,0.093442222,0.063056778,-0.028723333,0.0011775556,0.012142333,0.016948111,-0.0046358889,-0.039545111,0.026234778,-0.013621222,0.032408,-0.038794222,-0.035302444,-0.023217889,-0.0010141111,-0.0094312222,-0.039748333,-0.032876889,0.014266444,0.0046851111,-0.048285667,0.0098808889,-0.0015034444
Marquesan_Hiva_Oa_(European-Mixed)_(n=8),0.014939125,-0.33779038,-0.073774125,0.0188955,0.13421725,-0.047028,-0.00942975,-0.0132975,-0.02298325,-0.017699625,0.036781,0.0040465,-0.004775625,-0.00579725,0.01002625,0.008502375,-0.001043,0.004925125,0.0040065,-0.010505125,0.003447125,-0.018733375,-0.00231075,-0.00805825,-0.044023
Marquesan_Hiva_Oa_(European+East_Asian-Mixed)_(n=1),0.011382,-0.378792,-0.068259,0.006783,0.134794,-0.039324,-0.00752,-0.016384,-0.024134,-0.017495,0.026145,0.003297,-0.001338,-0.002064,0.01045,0.009149,0.000391,0.001774,0.007039,-0.006503,0.004617,-0.026091,-0.006409,-0.007712,-0.040116
Marquesan_Nuku_Hiva_(East_Asian-Mixed)_(n=1),0.011382,-0.403165,-0.071276,0.010982,0.137256,-0.043786,-0.011045,-0.011307,-0.02577,-0.020228,0.031991,0.003597,0,0.001376,0.012351,0.004641,-0.013821,0.005321,0.000251,-0.014507,0.008485,-0.019537,-0.003451,-0.003856,-0.045505
Marquesan_Nuku_Hiva_(European-Mixed)_(n=4),0.00910575,-0.35188075,-0.07401,0.01655375,0.13641,-0.04964225,-0.01081025,-0.013615,-0.02428725,-0.018907,0.03203125,0.00138625,-0.002007,-0.0020985,0.0098735,0.00782275,-0.00104275,0.00484575,0.00502775,-0.01050525,0.002402,-0.0211755,-0.0055155,-0.00707925,-0.0436785
Marquesan_Nuku_Hiva_(European+East_Asian-Mixed)_(n=4),0.01138225,-0.3488345,-0.05958475,0.0085595,0.12302325,-0.033955,-0.0081075,-0.0124035,-0.02219075,-0.016811,0.020055,0.00176075,-0.0042,-0.00354375,0.00814325,0.0057345,-0.001206,0.00462425,0.003928,-0.007222,0.00583375,-0.01647675,-0.0046525,-0.00189775,-0.03574525
Marquesan_Tahuata_(East_Asian-Mixed)_(n=1),0.007968,-0.398088,-0.070899,-0.001615,0.131409,-0.028168,-0.0094,-0.018692,-0.02127,-0.01549,0.025657,0.008393,0.002527,0.00234,0.00475,0.008751,0.000261,0.00038,0.003017,-0.007879,0.004367,-0.018548,-0.000863,-0.002048,-0.034129
Marquesan_Tahuata_(European-Mixed)_(n=5),0.0186672,-0.3347186,-0.0701444,0.0191216,0.1305474,-0.0418338,-0.0098704,-0.0123224,-0.0241338,-0.0154538,0.0330948,0.0035972,-0.0038058,-0.0033856,0.0093648,0.0097058,0.000365,0.0060558,0.0049272,-0.0081538,0.0043922,-0.01835,-0.0036232,-0.0054224,-0.0448822
Masai_Kenya_(n=64),-0.43873466,0.075228547,-0.011926406,-0.038714578,-0.00081740625,-0.018210719,-0.0091028438,0.0040094375,0.10000581,-0.091337328,-0.014904188,0.0076010312,-0.027156047,-0.0023374531,0.0142485,-0.019161234,0.024314625,-0.0015321406,0.017110672,-0.016584062,-0.0010996563,0.0010007812,-0.0039361406,-0.0022630313,0.0040489531
Masai_Kenya_o1_(n=2),-0.475781,0.071595,-0.00528,-0.028101,0.001077,-0.011574,-0.0142185,0.0101535,0.0701515,-0.061231,-0.0120165,0.0071935,-0.0230425,-0.0033715,0.002986,-0.00716,0.0140165,0.002914,0.007605,-0.009942,-0.001747,-0.001978,-0.0011705,0.0039765,0.00479
Masai_Kenya_o2_(n=2),-0.5104965,0.0695635,0.000377,-0.020026,0.0003075,-0.009064,-0.0135135,0.011538,0.042848,-0.040912,-0.005359,0.0050955,-0.019623,-0.0001375,-0.0084145,0.004972,0.002738,0.00095,-0.0040855,-0.00025,0.000499,-0.0007415,0.0027115,-0.000241,0.0022155
Mauritanian_Arab_Beidan_(n=5),-0.0901324,0.1322062,-0.003528,-0.069558,0.0234872,-0.0322962,-0.0283572,0.012174,0.0624822,0.026636,0.0060412,-0.0075242,0.0220612,-0.016445,0.017451,-0.0155956,-0.0001038,-0.0211658,-0.0389812,0.0068012,-0.0142878,-0.0324956,0.0218846,-0.0026146,0.0060938
Mauritian_(n=1),-0.06133,-0.060337,-0.037849,0.034812,0.010888,0.039352,0.00008,0.002359,0.0162,0.022006,-0.011143,0.003922,-0.007131,-0.002946,0.005287,-0.001241,0.000732,0.000185,-0.001365,-0.000715,0.003549,0.00169,0.000683,0.00157,0.004498
Maya_(n=10),0.0545212,-0.2966361,0.1117787,0.0922165,-0.1066046,-0.0175421,-0.2792398,-0.3324554,-0.012885,-0.0154538,-0.0008282,-0.000989,0.0013973,0.0185379,-0.0090525,0.0043887,0.0069625,-0.0012036,-0.0010432,-0.0020384,-0.001959,0.0063807,0.0018488,-0.0008675,-0.0009219
Maya_(European-Mixed)_(n=6),0.058618833,-0.235095,0.10251383,0.072029,-0.084169333,-0.012457333,-0.23826167,-0.28214217,-0.0088285,-0.0066516667,-0.0023816667,0.00024983333,-0.00091683333,0.011812667,-0.0033705,0.004862,0.010343833,-0.0025336667,-0.0026396667,-0.00043766667,-0.0012685,0.005276,-0.00045183333,-0.00064266667,-0.0017163333
Maya_(European+SSA-Mixed)_(n=3),0.0387,-0.21698467,0.097674,0.071598333,-0.081040667,-0.01506,-0.228352,-0.26745033,-0.0058626667,-0.0064996667,-0.0014613333,-0.00064933333,0.0020316667,0.011468333,-0.003031,0.0069833333,0.0038246667,0.00025333333,-0.001215,-0.001584,0.00041566667,0.0077486667,-0.0016023333,-0.00040166667,-0.00027933333
Maya_(SSA-Mixed)_(n=2),0.0278865,-0.2777475,0.105217,0.085272,-0.1017115,-0.0145025,-0.2668545,-0.311641,-0.0115555,-0.0151255,-0.004547,-0.0004495,0.002379,0.013074,-0.007872,0.0039775,0.0025425,0.0006335,0.000377,-0.00444,-0.00418,0.006554,-0.002527,0.0047595,-0.000958
Maya_Tzotzil_(n=17),0.053764706,-0.31457518,0.11539888,0.093024,-0.10977612,-0.017406235,-0.28734894,-0.33978676,-0.013125765,-0.016379824,-0.0041648824,-0.0019217059,0.0036728235,0.020991588,-0.010434588,0.0019185882,0.0059745882,-0.00060352941,-0.00022917647,-0.0014565294,-0.0025542941,0.0074481765,-0.0011309412,0.0018641176,-0.0012187059
Mazandarani_(n=13),0.089745077,0.10030315,-0.077077538,-0.021665846,-0.057809538,0.0047624615,0.0075201538,-0.0060174615,-0.040826154,-0.021027154,-0.0010991538,-0.0012104615,-0.00044592308,0.00029646154,0.0059091538,0.011198846,-0.0047039231,0.0043073077,0.0043509231,-0.013775769,-0.00062384615,-0.00779,-0.0010903077,-0.0060341538,0.0066045385
Mbo_(n=21),-0.62998381,0.064268476,0.021729333,0.017195905,-4.76e-8,0.012364286,-0.026197952,0.02950419,-0.037262333,0.020314952,0.00043285714,-0.0030257619,0.005245619,0.0015007619,-0.0011956667,0.0025570476,-0.0020923333,0.00048271429,-0.00059257143,0.0015364762,0.0017765714,0.0018547143,0.001414381,-0.0011475714,-0.00099219048
Mbukushu_(n=8),-0.62688075,0.06207425,0.020836,0.01687675,-0.0005,0.012131625,-0.0008225,0.011047625,-0.0265625,0.014465,-0.000060875,-0.00177975,-0.003344875,0.000567625,-0.00933075,0.0059665,-0.005574,0.015883625,-0.00741625,0.00098475,0.00012475,-0.000911875,-0.000123375,-0.000271,0.000688625
Mbuti_(n=5),-0.647426,0.0591038,0.0254932,0.0374034,-0.001108,0.0066378,0.3663348,-0.293434,0.0177118,0.02985,-0.0089316,0.2198242,0.1264506,0.0010182,0.010342,-0.0014052,0.0009386,-0.0518664,0.014229,0.003727,0.0061144,-0.0018548,-0.0043878,0.0025304,-0.0006944
Mbuti_(low_res)_(n=25),-0.64223548,0.058982,0.02765048,0.03284264,-0.00403756,0.0052208,0.30113324,-0.2408576,0.01127348,0.01635016,-0.00854812,0.12726068,0.07185676,-0.00122208,0.00452768,-0.00099704,0.00175236,-0.02168904,0.00533976,-0.00171084,0.00109812,-0.00054412,-0.0027608,0.00196648,-0.0040906
Meena_Rajasthan_(n=3),0.059946667,-0.035205,-0.13098667,0.10142233,-0.076014333,0.05866,0.0012533333,0.0098456667,0.018339,0.0072286667,-0.0089313333,0.000899,-0.0010403333,-0.003532,0.0047956667,0.0072923333,-0.0057803333,0.0022803333,-0.0046926667,-0.0054193333,-0.0081106667,-0.0072543333,0.0033686667,-0.004217,-0.00083833333
Meena_Rajasthan_o_(n=2),0.039269,-0.0893665,-0.161785,0.1193495,-0.0695515,0.06275,-0.0066975,0.0062305,0.054301,0.0345335,-0.003248,-0.0002245,0.0071355,0.000826,-0.0084145,-0.008221,0.0005215,0.00171,-0.006222,0.007003,-0.0047415,0.0008655,0.003266,0.0081335,-0.0026345
Mende_Sierra_Leone_(n=86),-0.62552414,0.062750209,0.021381907,0.017167826,0.00037933721,0.011197837,-0.024992988,0.028313674,-0.040938058,0.029344233,0.0054683721,-0.0045465581,0.018352744,0.00056175581,0.011634128,-0.0089112674,0.0085537907,0.0066732442,0.00087548837,-0.0012869419,0.00024672093,0.00048162791,-0.0010605116,-0.000863,0.00033697674
Mendriq_(n=11),-0.003725,-0.33032409,-0.10579964,0.024048818,0.093192273,0.035038818,-0.0067936364,-0.0085589091,0.019392364,-0.00092790909,0.062608091,0.0073027273,-0.0089060909,0.0092332727,-0.0027884545,-0.0024107273,0.0018373636,-0.0018772727,-0.00083409091,0.018929636,-0.011865364,0.0090716364,-0.014722636,0.0046114545,0.024298273
Mendriq_o1_(n=3),0.001897,-0.36829867,-0.092897333,-0.0050603333,0.124844,0.057451333,-0.008695,-0.012538,0.0010226667,-0.0096586667,0.077513333,0.0072436667,-0.0086223333,0.0056886667,0.010043333,-0.0026963333,0.0056933333,-0.0031673333,-0.00176,0.017717,-0.017552333,0.010881667,-0.01101,0.010925,0.034447667
Mendriq_o2_(n=1),0.015935,-0.34528,-0.087869,-0.004199,0.101865,0.056336,-0.00705,-0.003692,-0.003272,-0.013485,0.050503,0.002847,-0.003271,-0.003303,0.003122,-0.002254,0.001695,0.005701,0.007668,0.004377,-0.003369,-0.005935,-0.012078,-0.000241,0.00491
Mentawai_(n=27),0.011382407,-0.43035878,-0.062629889,-0.049263481,0.14529204,0.065580593,-0.0055355556,-0.015093333,-0.01949037,-0.019796259,0.063962963,0.0084813333,-0.0072072593,0.0021000741,0.010375111,0.0068406296,-0.0024241852,0.0047015556,0.007770037,-0.0043075926,-0.0021027778,-0.021881926,-0.011772444,-0.0016868519,-0.042701778
Mexican_Euro-Mestizo_(n=199),0.095945075,0.076466412,0.044869025,0.0078487186,0.01516703,-0.005939005,-0.047212211,-0.050610889,0.01644896,0.018967457,0.0010877337,0.0030386332,-0.0056343869,-0.005745598,0.0049763618,0.0011531307,-0.0019588191,-0.00060250754,-0.0019428492,-0.00022530151,0.0012407538,-0.001001804,-0.00038653769,-0.00024774874,0.00061574874
Mexican_Indo-Mestizo_(n=46),0.053848565,-0.2185145,0.098577087,0.074928935,-0.075780065,-0.011496565,-0.22333535,-0.26594537,-0.0060697174,-0.0095861304,0.0066856087,-0.00077541304,-0.00021221739,0.01007787,-0.0061498478,0.0018454783,0.0038386522,0.00075523913,0.002518087,-0.00046273913,-0.000045043478,-0.00066326087,0.00069676087,0.0013892609,0.0014027174
Mexican_Mestizo_(n=772),0.060246648,-0.056022149,0.068090938,0.037271678,-0.025665262,-0.0085826076,-0.12381138,-0.1442682,0.0060931919,0.0079938772,0.0027372128,0.0017681108,-0.0039998361,0.0011450514,0.00020146863,0.0012148884,0.00088924497,0.00012986188,-0.000027459575,-0.00015392865,0.00084519278,-0.001132742,-0.000054533376,0.00033895791,0.0012936402
Mhallami_(n=12),0.092671,0.11940933,-0.058076667,-0.05063025,-0.030262,-0.013479833,0.0026241667,-0.0058459167,-0.0185945,-0.0059834167,0.0023545833,0.00047458333,0.0037040833,-0.00120425,-0.000045083333,0.0091705833,-0.0014016667,0.00135125,0.0025558333,-0.0048773333,-0.000156,0.00048433333,-0.00059575,-0.00150625,0.0025944167
Mi'kmaq_(European-Mixed)_(n=1),0.103479,-0.002299,0.068014,0.044409,-0.009069,0.002698,-0.061027,-0.072679,-0.001464,-0.004614,0.004418,0.002405,-0.006385,-0.008948,0.006567,-0.000726,-0.003333,0.000445,0.000209,0.001154,0.002026,0.002232,-0.000011,0.00804,-0.000964
Miao_Guangxi_Baise_Longlin_(n=10),0.0174149,-0.4489655,-0.0282086,-0.0654398,0.1071278,0.0471604,0.0009635,-0.0074304,-0.0164642,-0.0051937,-0.021484,-0.0038667,0.0057831,-0.0074454,-0.0026329,0.0007824,0.0007694,-0.0015458,-0.0057569,-0.0141192,0.0119039,0.0121056,0.0186226,0.0003736,0.0115436
Miao_Guangxi_Baise_Xilin_(n=10),0.0187809,-0.4465283,-0.0285105,-0.0620806,0.1019882,0.0431724,0.0007755,-0.0100611,-0.0160346,-0.0057587,-0.0238062,-0.0040913,0.005426,-0.0071426,-0.0008142,-0.0010342,0.0008213,-0.0003927,-0.0055433,-0.0135565,0.0128148,0.0127362,0.0186473,-0.0001205,0.0116155
Miao_Guangxi_Guilin_Longsheng_(n=10),0.0162767,-0.449778,-0.0275674,-0.0680884,0.110205,0.0494473,0.001786,-0.0057458,-0.0183048,-0.0086744,-0.0179764,-0.0026677,0.0038653,-0.0066611,-0.0004071,-0.0001459,0.0000259,0.0011782,-0.0022877,-0.014432,0.0154479,0.0061083,0.0184625,-0.0022894,0.0003233
Miao_Guangxi_Guilin_Ziyuan_(n=8),0.01522375,-0.45064112,-0.0234285,-0.067385875,0.10359625,0.0464005,0.000675625,-0.005451875,-0.018534875,-0.00612775,-0.025089125,-0.005001625,0.0060765,-0.008687625,-0.003291125,0.00263525,0.000619375,0.002264625,-0.0029695,-0.0109585,0.018451625,0.00649175,0.014419875,0.000783125,0.001257375
Miao_Guangxi_Guilin_Ziyuan_o_(n=2),0.019919,-0.457496,-0.0109365,-0.067184,0.082169,0.034164,-0.00188,-0.0077305,-0.015953,0.0001825,-0.0482295,-0.0059195,0.008102,-0.0041975,-0.002307,0.0037125,0.004368,0.0015835,-0.001634,-0.0127565,0.0160345,0.0048845,0.012941,0.0042175,-0.0016765
Miao_Guangxi_Hechi_Huanjiang_(n=8),0.018923,-0.44924488,-0.029179625,-0.06694175,0.11302113,0.04908475,0.0010575,-0.0060575,-0.017716875,-0.007039,-0.0158735,-0.002866125,0.00401375,-0.00591775,0.0007635,0.002933625,0.000929,-0.00057,-0.004729375,-0.013788,0.00914025,0.010541375,0.018903125,-0.0013405,0.008921125
Miao_Guangxi_Liuzhou_Rongshui_(n=10),0.016049,-0.4510981,-0.0321307,-0.0655044,0.1155908,0.0518178,-0.000893,-0.0077997,-0.018673,-0.0114626,-0.0115619,-0.0039115,0.0029883,-0.0054772,-0.0018458,0.0027446,-0.0006519,-0.0003546,-0.0038086,-0.0139943,0.0116419,0.0077159,0.0174766,-0.0009638,0.0032333
Miao_Guangxi_Liuzhou_Sanjiang_(n=9),0.016947,-0.45292622,-0.033060778,-0.068081222,0.11571367,0.050510222,-0.00054833333,-0.0098457778,-0.018588889,-0.0075326667,-0.011349111,-0.0035467778,0.0038982222,-0.0066058889,0.000015222222,0.00050077778,0.00076788889,-0.00067566667,-0.0046088889,-0.012853333,0.011965111,0.0077214444,0.016706778,0.00022755556,0.0058277778
Miao_Guizhou_Qiandongnan_Leishan_(n=49),0.01732902,-0.45081216,-0.02936151,-0.065898592,0.10930769,0.047126796,0.00012467347,-0.0085616327,-0.01973451,-0.0068989592,-0.019877653,-0.004031102,0.0050150612,-0.0056228163,-0.002888898,0.0010092857,0.00040714286,-0.00016291837,-0.0038247755,-0.01307,0.012798776,0.010543327,0.017845694,-0.00043528571,0.0080230816
Miao_Guizhou_Qiandongnan_Leishan_o_(n=1),0.022765,-0.455973,-0.023004,-0.07106,0.096326,0.047133,-0.003525,-0.002538,-0.016771,-0.002734,-0.040272,-0.005395,0.008325,-0.007432,0.001086,0.002121,0.007302,0.007981,-0.003142,-0.014757,0.017968,0.016446,0.023417,0.000843,0.0097
Miao_Guizhou_Qianxinan_Ceheng_(n=30),0.0155179,-0.45160603,-0.0267001,-0.067130167,0.10511707,0.046184267,0.00055616667,-0.0052613333,-0.017629933,-0.0062993667,-0.021408233,-0.0039215,0.0050693333,-0.0060415667,-0.0027823,0.0009547,0.00033473333,-0.00024493333,-0.0050489,-0.015061467,0.012415633,0.011475,0.019526633,-0.0021488333,0.0107335
Miao_Guizhou_Qianxinan_Wangmo_(n=16),0.018282688,-0.449118,-0.029321,-0.06355025,0.11173225,0.053180937,-0.0007343125,-0.007961375,-0.017819063,-0.0086335,-0.015152875,-0.0011334375,0.0039488125,-0.0051265,-0.0027314375,-0.00009925,-0.0009534375,0.0014173125,-0.0041086875,-0.011810312,0.012540375,0.0058579375,0.017262375,0.000948875,0.0076714375
Miao_Guizhou_Tongren_Songtao_(n=25),0.01898568,-0.4502044,-0.01697044,-0.0641478,0.08927204,0.03848692,0.0037318,-0.00361836,-0.01415312,-0.00421324,-0.04168184,-0.00565296,0.00647564,-0.00484984,-0.00403364,0.00030224,0.0006936,-0.00075,-0.00618444,-0.01034492,0.01188908,0.01337428,0.0172202,0.00147,0.01133772
Miao_Guizhou_Tongren_Songtao_o_(n=1),0.021626,-0.454957,-0.023759,-0.070091,0.105866,0.042391,0.000705,-0.010153,-0.018203,-0.011481,-0.049204,-0.013638,0.017542,-0.011698,0.004614,-0.002784,-0.008866,0.002914,-0.022249,-0.017383,0.011979,0.026585,0.03414,0.011086,0.019639
Micronesian_(European-Mixed)_(n=3),0.015176333,-0.332417,-0.087743333,0.037145,0.149156,-0.080227333,-0.0036033333,-0.0073073333,-0.026656333,-0.018649,0.032748333,0.0024976667,-0.0013376667,-0.002936,0.0089573333,0.0036686667,-0.008866,0.0041383333,0.00331,-0.0082956667,-0.000208,-0.020361667,0.002999,-0.00080366667,-0.043628667
Micronesian_(Japanese-Mixed)_(n=2),-0.001138,-0.3945335,-0.0944685,0.029716,0.134794,-0.086038,0.00235,-0.0038075,-0.019225,-0.0090205,0.0164825,0.0030725,0.0010405,-0.0015825,0.0069215,0.00358,-0.0049545,0.004371,0.00132,-0.007441,0.007549,-0.024483,0.001602,-0.0034345,-0.039637
Micronesian_Central_(n=3),-0.00075866667,-0.38420867,-0.10747933,0.038437,0.157876,-0.082551333,-0.0033683333,-0.0083073333,-0.025702,-0.022718667,0.030367,0.0015986667,-0.0041623333,-0.0016056667,0.010722,0.003359,-0.0014776667,0.004772,0.0065783333,-0.008504,0.00012466667,-0.026297,0.0032453333,-0.0085953333,-0.0477
Micronesian_Western_(n=2),-0.0073985,-0.355943,-0.1304835,0.0773585,0.1640305,-0.142513,-0.0003525,0.0003465,-0.021475,-0.0187705,0.0365375,-0.000075,-0.001041,0.0005505,0.0090255,0.000265,-0.0029985,0.0031675,-0.001131,-0.0047525,0.003868,-0.0213915,-0.00493,-0.0025305,-0.042451
Mijikenda_Chonyi_(n=47),-0.59178334,0.062487468,0.013913362,0.0096418936,0.0011458511,0.0091025532,-0.013915745,0.020370638,-0.015095553,0.00026753191,-0.00078431915,0.0039698511,-0.015976255,0.0011594894,-0.018177851,0.014522702,-0.010544511,0.0070136809,-0.0065924468,0.0046059362,0.000034510638,-0.00086031915,0.0025226596,-0.00058957447,-0.00096561702
Mijikenda_Giriama_(n=46),-0.5930927,0.063779565,0.014707717,0.0075062391,-0.00022078261,0.0077543913,-0.015235,0.020517587,-0.013062826,-0.0015251957,-0.00072732609,0.0036782174,-0.014927435,0.00078084783,-0.016814587,0.013189804,-0.010853065,0.0083311522,-0.0076758043,0.0028464783,0.000016282609,-0.0006236087,0.0017281087,-0.00047154348,-0.00083828261
Mijikenda_Kambe_(n=35),-0.58999397,0.0630788,0.015020171,0.0096254,-0.00072097143,0.0082790571,-0.011670029,0.019818943,-0.015567171,-0.000578,-0.00022271429,0.0038965429,-0.014827886,0.00059374286,-0.0181128,0.0135696,-0.010847914,0.0075904286,-0.0078291429,0.0045127143,-0.00035642857,-0.0010352,0.0020916857,-0.00045097143,-0.001998
Mijikenda_Kambe_o1_(n=5),-0.5652454,0.0658064,0.0103332,-0.0007752,-2e-7,0.0037372,-0.0099174,0.017584,0.0045404,-0.0147976,-0.000942,0.0053954,-0.0191476,0.00011,-0.0163678,0.010236,-0.0078232,0.0102364,-0.0127962,0.0045522,0.0008986,-0.0023492,0.001553,0.0002168,0.0006946
Mijikenda_Kambe_o2_(n=2),-0.472935,0.0787035,0.0028285,-0.008721,-0.002616,0.0020915,-0.012808,0.011538,-0.0021475,-0.0006375,0.00138,0.0015735,-0.009514,0.0038535,-0.0147255,0.0194905,-0.008345,0.007791,-0.0040225,0.007003,0.002932,0.0026585,0.004745,-0.0040965,-0.001916
Mijikenda_Kauma_(n=95),-0.59026268,0.063796568,0.014076505,0.008653,-0.00068675789,0.0088892421,-0.012794558,0.021074432,-0.013922653,-0.0011471789,-0.00017948421,0.0032686632,-0.015006926,0.00069534737,-0.017523579,0.014083811,-0.011427168,0.0073159684,-0.0082166947,0.0039624421,0.00073812632,-0.00042044211,0.0019005789,0.00024723158,-0.00061389474
Mijikenda_Kauma_o_(n=2),-0.537814,0.073626,0.0069765,-0.0117895,-0.0001535,-0.0020915,-0.010928,0.016499,0.022293,-0.027335,-0.0023545,0.004121,-0.0169475,-0.00117,-0.005768,0.0082205,-0.0018255,0.0039275,-0.002828,0.000563,0.0026205,0.0027205,0.000431,-0.0009635,0.0021555
Mingrelian_(n=2),0.1109775,0.136081,-0.0646765,-0.05168,-0.0410845,-0.005299,0.0130435,-0.004269,-0.065959,-0.020775,-0.003654,0.0130385,-0.02884,0.0046795,0.0046825,-0.021148,0.0143425,-0.0072845,-0.0076675,0.0236365,0.0162215,-0.000618,-0.003328,-0.008796,-0.000419
Mingrelian_Abasha_(n=16),0.10962575,0.13417675,-0.0597265,-0.04998425,-0.042007813,-0.0079833125,0.008416125,-0.0056105,-0.061894,-0.020251062,0.000751,0.012860438,-0.023441937,0.0055308125,0.00275675,-0.025714062,0.004922,-0.0053765,-0.0098359375,0.016617188,0.013772625,0.001460625,-0.0009089375,-0.011198687,-0.0019384375
Mingrelian_Akhalsopeli_(n=7),0.10992057,0.13317957,-0.059800429,-0.046835,-0.041941714,-0.0081674286,0.010004571,-0.0040217143,-0.063402571,-0.019134857,0.0021342857,0.0098698571,-0.023807,0.0054655714,0.00056214286,-0.028677286,0.0040792857,-0.0053027143,-0.0092117143,0.015811,0.014296143,0.00081257143,-0.002148,-0.012170286,-0.00022228571
Mingrelian_Chkhorotsqu_(n=29),0.10903466,0.13128341,-0.060755414,-0.048695034,-0.040909414,-0.0073472069,0.012714966,-0.0061032069,-0.064305103,-0.020642966,0.00082310345,0.012144379,-0.025913138,0.0056330345,0.0013665172,-0.026298483,0.007225,-0.0049757931,-0.011351828,0.017301448,0.014706759,0.0023535862,-0.000476,-0.010213207,-0.0013874138
Mingrelian_Didi-Chqoni_(n=6),0.11097733,0.13608083,-0.057259667,-0.051464667,-0.039904833,-0.0089243333,0.012064,-0.0067305,-0.065072833,-0.020167667,-0.0006225,0.014287167,-0.026511,0.004771,0.0031895,-0.0219215,0.014429,-0.0036106667,-0.012067,0.019405,0.017635333,0.003215,-0.00082166667,-0.013837167,-0.0016566667
Mingrelian_Jgali_(n=16),0.10969706,0.1295435,-0.058312188,-0.049641062,-0.039564938,-0.0074603125,0.010531375,-0.0062016875,-0.06405425,-0.020091375,0.0004059375,0.013413,-0.026517313,0.0044296875,0.0025786875,-0.023833125,0.013641437,-0.0055901875,-0.011148062,0.019431187,0.014895625,0.00193975,-0.0001694375,-0.0094515625,-0.000621125
Mingrelian_Jvari_(n=25),0.11049956,0.13140936,-0.05822748,-0.04766188,-0.0407214,-0.00606864,0.01124292,-0.00466136,-0.063615,-0.01975444,-0.0010522,0.0124868,-0.02732376,0.00542228,0.00286096,-0.02862876,0.00789604,-0.00615204,-0.01297204,0.0195794,0.013611,0.00354148,-0.00032044,-0.00987588,-0.00232308
Mingrelian_Khabume_(n=16),0.10912781,0.13252663,-0.059420125,-0.048732625,-0.039853375,-0.0050200625,0.010575437,-0.00405275,-0.063785812,-0.019476437,0.0019588125,0.012963437,-0.024751937,0.0055910625,0.0026125625,-0.025954375,0.00778225,-0.0041409375,-0.011933562,0.01866525,0.015145063,0.00241125,-0.000439125,-0.011033062,-0.0007333125
Mingrelian_Kheta_(n=9),0.10787911,0.13450111,-0.061764,-0.047839889,-0.041922222,-0.0048342222,0.011881222,-0.0059484444,-0.061993667,-0.019357444,0.000036,0.012005889,-0.027849222,0.0070187778,0.0010857778,-0.029641222,0.0040563333,-0.0067848889,-0.011326889,0.019954111,0.013420667,0.0042315556,0.00095866667,-0.013522444,0.00050577778
Mingrelian_Khobi_(n=23),0.11090326,0.13034091,-0.059306261,-0.046694565,-0.04115813,-0.0066691304,0.010820609,-0.006039913,-0.064914174,-0.01954687,-0.00060017391,0.01109013,-0.024115391,0.0054151304,0.0021066087,-0.024044826,0.011728957,-0.0069347826,-0.011269174,0.019612652,0.015071174,0.0030645217,-0.00080921739,-0.011164304,-0.002040913
Mingrelian_Kurzu_(n=7),0.109758,0.13361457,-0.060608714,-0.046327429,-0.040754714,-0.0054981429,0.011347571,-0.0058018571,-0.067463714,-0.021894429,0.0019021429,0.013231143,-0.028287857,0.006311,0.003587,-0.029093857,0.005029,-0.0061897143,-0.011115286,0.018330143,0.015704286,0.0026674286,-0.00036957143,-0.010621,0.00039342857
Mingrelian_Letsurtsume_(n=20),0.10932695,0.13217105,-0.0592834,-0.04862765,-0.04082285,-0.0079903,0.0108574,-0.006219,-0.0640466,-0.01909835,-0.0000975,0.0131207,-0.02549535,0.00615175,0.0014318,-0.0266438,0.0096484,-0.0055299,-0.0122179,0.0187152,0.0142747,0.0031655,-0.0013002,-0.01091095,-0.00211955
Mingrelian_Lia_(n=6),0.10813183,0.13134167,-0.0581395,-0.046135167,-0.041853833,-0.0056241667,0.010027167,-0.0066151667,-0.062073,-0.0182235,0.0013803333,0.011664667,-0.024875833,0.00367,0.0026468333,-0.020617667,0.014168333,-0.0046875,-0.0089453333,0.021406,0.015327,0.006327,5.42e-20,-0.015022,0.000039833333
Mingrelian_Martvili_(n=28),0.10857911,0.13325189,-0.059760214,-0.04901525,-0.041623143,-0.0070818571,0.011574286,-0.0046398571,-0.062642643,-0.019395107,0.0012121429,0.012877821,-0.025702357,0.0065173571,0.0015365,-0.025997071,0.0082328214,-0.0050947143,-0.011249893,0.016927679,0.014581393,0.0040319286,-0.00019364286,-0.012738286,-0.00295525
Mingrelian_Mukhuri_(n=12),0.11078775,0.13498067,-0.0572595,-0.049365167,-0.0413925,-0.0080414167,0.011985583,-0.0052499167,-0.06447625,-0.020698917,0.00071725,0.012426417,-0.025643917,0.00704175,0.00126675,-0.029854667,0.00501975,-0.0050041667,-0.0103805,0.01582025,0.013798583,0.00100975,0.00036975,-0.012582,-0.0011375833
Mingrelian_Nojikhevi_(n=8),0.10941238,0.13443062,-0.05826525,-0.049419,-0.04016125,-0.007565,0.011574375,-0.00749975,-0.061689625,-0.02006875,0.000527875,0.01416225,-0.025643875,0.0051435,0.00149275,-0.026169875,0.007741625,-0.005891125,-0.0120985,0.0171645,0.013398375,0.005162375,-0.00033875,-0.0098355,0.000209625
Mingrelian_Nokalakevi_(n=9),0.11091411,0.13280889,-0.060842,-0.048808889,-0.039152444,-0.0084904444,0.010418889,-0.0067945556,-0.062720444,-0.019863778,0.00090211111,0.010557111,-0.025619111,0.0040368889,0.00095011111,-0.023468444,0.010141,-0.0062358889,-0.009567,0.019245222,0.014197333,0.0027615556,-0.001698,-0.0089703333,-0.00071844444
Mingrelian_Norio_(n=5),0.1085874,0.1297846,-0.0578504,-0.0449616,-0.043762,-0.0073626,0.0084132,-0.0068766,-0.0624206,-0.0197544,-0.0011044,0.0104904,-0.025183,0.0049268,0.0015474,-0.025298,0.0058934,-0.007272,-0.013123,0.0155322,0.0162964,0.0046494,-0.0005916,-0.010917,0.000982
Mingrelian_Nosiri_(n=16),0.108203,0.13354206,-0.05748725,-0.049620875,-0.040026625,-0.009918125,0.013381063,-0.00572575,-0.062929438,-0.020843312,0.0012584375,0.01262625,-0.025588313,0.00505775,0.00155225,-0.022556688,0.007309625,-0.0049883125,-0.011525063,0.016781437,0.014232625,0.0024653125,-0.0006624375,-0.010588813,-0.0020431875
Mingrelian_Obuji_(n=16),0.11097744,0.130559,-0.0597265,-0.047581937,-0.0412,-0.0063796875,0.010854563,-0.0058843125,-0.065422063,-0.020364875,0.0006293125,0.010818562,-0.028208375,0.0039653125,0.002222375,-0.024827375,0.014912687,-0.00785475,-0.012184875,0.021174187,0.014068937,0.00279775,0.000362,-0.010972813,-0.00082325
Mingrelian_Poti_(n=11),0.10792491,0.13294191,-0.059345091,-0.048596818,-0.038944182,-0.0086454545,0.012477,-0.0061465455,-0.062417,-0.019333636,-0.00087118182,0.011226455,-0.025799364,0.0032904545,0.00057990909,-0.025879091,0.009601,-0.0059773636,-0.0090502727,0.018508909,0.014576545,0.0026191818,0.00034736364,-0.010713364,-0.0010452727
Mingrelian_Potskhoetseri_(n=10),0.1094978,0.1306986,-0.0572847,-0.0470934,-0.038838,-0.0065539,0.0133253,-0.0032536,-0.0619094,-0.0187154,0.0000325,0.0124089,-0.0255845,0.0055735,0.0017371,-0.0267832,0.0089313,-0.0058785,-0.0130978,0.0204223,0.0163087,0.0053047,0.0016885,-0.0105074,-0.0037838
Mingrelian_Salkhino_(n=6),0.11173633,0.13303417,-0.058516833,-0.051249333,-0.0415975,-0.010133333,0.010810333,-0.0086533333,-0.062277333,-0.021412667,0.0014071667,0.0094915,-0.022943167,0.0085785,0.0016965,-0.027424,0.0079753333,-0.0049198333,-0.012067,0.017716833,0.012769167,0.0028028333,1.67e-7,-0.0097401667,-0.0017365
Mingrelian_Senaki_(n=19),0.10980926,0.13223263,-0.057580316,-0.048518,-0.041157263,-0.0083080526,0.010934158,-0.0061212105,-0.063058,-0.018444263,0.0017435789,0.012241789,-0.024896737,0.0057801579,0.0016001579,-0.023873105,0.0079808947,-0.0035872632,-0.010710737,0.017356947,0.016943895,0.002857,0.000077789474,-0.011390158,-0.00092642105
Mingrelian_Sujuna_(n=8),0.11183125,0.133669,-0.061282125,-0.0499035,-0.040469,-0.008366875,0.011163,-0.005278625,-0.064374,-0.021048375,-0.005582125,0.0135255,-0.0238785,0.00755225,0.000661625,-0.024578875,0.00627475,-0.0041965,-0.009317375,0.016382875,0.014536875,0.00276675,0.000385125,-0.01183875,-0.000763375
Mingrelian_Taleri_(n=7),0.10943286,0.132599,-0.059854429,-0.047111857,-0.040930857,-0.0087252857,0.010307,-0.0064611429,-0.062029286,-0.018718286,0.0026214286,0.011625286,-0.027311,0.0055441429,0.00098871429,-0.025154143,0.0059044286,-0.0047234286,-0.011582286,0.019277143,0.014563429,0.0042571429,0.000052714286,-0.011034143,-0.001916
Mingrelian_Tbilisi_(n=2),0.1069935,0.1284645,-0.0573225,-0.0418285,-0.0403155,-0.0050205,0.0082255,-0.005654,-0.0614595,-0.016128,0.0007305,0.012664,-0.0266845,0.0044035,-0.00095,-0.027645,-0.00665,-0.003801,-0.012507,0.01482,0.0091715,0.0023495,0.0003085,-0.010423,-0.001018
Mingrelian_Teklati_(n=12),0.1103135,0.13404992,-0.0606535,-0.04788475,-0.042289833,-0.0064375833,0.010144417,-0.005615,-0.062720667,-0.0190285,0.00196225,0.013138333,-0.024293583,0.0025919167,-0.00087091667,-0.02567825,0.010778417,-0.0051095833,-0.010055917,0.016435,0.01495275,0.002535,0.00050308333,-0.010583667,-0.00033933333
Mingrelian_Tsalenjikha_(n=38),0.10938992,0.13017487,-0.057868132,-0.046716,-0.040655263,-0.0063704211,0.0116145,-0.0060118421,-0.064387342,-0.020089184,-0.00012386842,0.012778079,-0.026168211,0.0042264737,0.0016644211,-0.024644237,0.0107395,-0.0053543158,-0.011306158,0.018528658,0.015364289,0.0030522368,-0.0000455,-0.0095350789,-0.0018277895
Mingrelian_Zana_(n=6),0.10680383,0.12964917,-0.0589565,-0.047211833,-0.042879667,-0.0086456667,0.009087,-0.0055768333,-0.063436333,-0.019742333,0.0010825,0.010241,-0.0241325,0.0062161667,0.0019226667,-0.025611833,0.0082578333,-0.0066298333,-0.011271,0.016153333,0.013788333,0.0057085,-0.0031016667,-0.012270833,-0.0025946667
Mingrelian_Zugdidi_(n=58),0.11050655,0.12974266,-0.057484914,-0.047631362,-0.040941276,-0.0064962069,0.010198586,-0.0060832414,-0.063349517,-0.020209328,0.0014503276,0.012069534,-0.026174569,0.0048785345,0.0015748621,-0.024830776,0.010343121,-0.0059412931,-0.0108685,0.019132017,0.014306672,0.0030849483,-0.00039513793,-0.010339879,-0.001069431
Mixe_(n=12),0.055204167,-0.31853783,0.12121283,0.094746667,-0.10848183,-0.015083333,-0.27848767,-0.33490908,-0.01279975,-0.01429025,-0.0060760833,-0.0046583333,0.0012140833,0.019003333,-0.0074986667,0.0043421667,0.00402025,0.00050683333,0.00084833333,-0.0015006667,0.00052,0.0057704167,0.0031224167,-0.0019478333,-0.001048
Mixtec_(n=9),0.047932111,-0.299017,0.11028689,0.093993,-0.10234389,-0.016764333,-0.26989656,-0.32560167,-0.012817,-0.013910667,-0.0061527778,-0.0048622222,0.0024611111,0.016621778,-0.0091986667,0.0035356667,0.0064467778,0.00022533333,0.0024721111,0.00063911111,-0.0038821111,0.0052207778,0.00073933333,0.00097744444,0.00037255556
Mixtec_(European-Mixed)_(n=2),0.0534965,-0.276732,0.112005,0.086564,-0.099403,-0.015757,-0.260862,-0.308179,-0.01176,-0.0156725,-0.0031665,-0.0053205,-0.000446,0.0234645,-0.0080075,0.003116,0.0022165,0.0048775,0.0001885,-0.002376,-0.001123,0.004142,-0.0019105,-0.001687,-0.001138
Mizo_(n=112),0.011748143,-0.41238655,-0.026496098,-0.033142107,0.053457661,0.024303411,0.0034369018,0.0016730089,0.0021037054,0.009455125,-0.045506509,-0.0046498482,0.0051699464,-0.00097691071,-0.0098554821,-0.0049449018,0.0059685893,-0.0027441964,-0.008374625,0.011073357,-0.0044263214,0.031714687,0.0049243661,0.0039677589,0.047454009
Mlabri_(n=10),0.0081953,-0.4122032,-0.0737648,-0.0337212,0.1391645,0.0600173,-0.001739,-0.0079842,-0.0069128,-0.0161097,0.0695185,0.0087523,-0.012874,0.0051882,0.0032572,-0.0052374,0.0003652,-0.005929,-0.0034944,0.0135066,-0.0215994,0.0188448,-0.0039932,0.0056513,0.0422956
Mogush_(n=14),0.052196071,-0.33055486,0.084959857,-0.0093208571,-0.077310929,-0.037072571,0.015544429,0.01973,0.0043827857,0.0043215714,0.00032478571,-0.0012203571,-0.0014654286,-0.012307357,-0.0010277857,-0.0014962857,-0.0023933571,0.00026242857,0.0083677857,0.012568429,-0.024439071,-0.0013426429,-0.0049914286,-0.0029608571,-0.0017961429
Mohawk_(European-Mixed)_(n=5),0.1015804,-0.0324654,0.0791434,0.0587374,-0.0140018,0.0049456,-0.088165,-0.1054148,-0.0019478,-0.0054888,-0.0034524,0.0014122,-0.0052388,-0.000187,0.0074508,0.003161,-0.0026982,0.0010408,0.0025434,0.0023856,0.0026558,0.0029562,-0.0003262,0.008029,0.0006684
Moken_(low_res)_(n=23),0.010887478,-0.36272065,-0.07352213,-0.020419217,0.098787652,0.056748217,-0.0024521739,-0.0051971304,-0.0014404783,-0.0090483478,0.037314043,0.0034534348,-0.004576087,0.004033,0.001793913,-0.0017467826,0.00092969565,-0.0017681304,-0.0059953043,0.0016802174,-0.0040255217,0.0074299565,-0.0021971304,0.0021793913,0.01545813
Moken_(low_res)_o_(n=1),0.029594,-0.227479,-0.117662,0.055233,0.028621,0.073348,-0.00705,-0.015461,0.016157,0.01549,0.01835,0.003147,-0.00669,0.020231,-0.009908,-0.004906,-0.009388,0.001014,0.007668,0.004502,0.00025,0.004451,0.007148,-0.005181,0.002036
Moldovan_(n=36),0.12507894,0.12485372,0.044343083,0.027257611,0.029133556,0.010791583,0.0079902778,0.0076983889,-0.0014031667,-0.0043736111,-0.0025531944,-0.0032679722,0.0058639444,0.014790611,-0.011276111,-0.0031453333,0.0043135278,-0.00049263889,0.0032298333,-0.00093791667,-0.0041246389,-0.00085180556,0.0042690833,-0.00038155556,0.00013641667
Moldovan_Stefan_Voda_(n=10),0.121563,0.1372996,0.0264361,-0.0015504,0.0230812,0.0000838,0.0045121,0.0031846,-0.0010635,0.0033896,-0.0003408,0.0020532,0.0025124,0.0098675,-0.0115634,-0.0019095,0.0080316,-0.0003673,0.0044121,-0.0005879,-0.004804,0.0017806,0.0020213,0.0001568,-0.000048
Mon_Thailand_(n=10),0.0177562,-0.3794018,-0.0562664,-0.024871,0.0789994,0.0486664,0.0007285,-0.0029768,-0.0014111,0.0001459,-0.0007309,-0.0006444,0.000565,0.0019543,-0.0023343,0.0018828,0.002738,-0.0033699,-0.0049902,0.0012506,0.0007113,0.0114997,0.0068035,-0.0005423,0.02001
Mongol_Baarin_Inner_Mongolia_(n=1),0.03187,-0.400119,0.047894,-0.043605,-0.00677,-0.006693,0.00658,0.013615,-0.006749,0.006925,-0.05505,-0.01169,0.007136,0.004266,-0.012758,-0.011535,-0.004172,0.004054,0.00264,0.0005,0.002246,0.000989,0.003451,-0.005663,0.003353
Mongol_Chakhar_Inner_Mongolia_(n=3),0.038699667,-0.37608433,0.054808333,-0.039406,-0.026158667,-0.018685667,0.014257667,0.012768333,-0.0029996667,0.0095976667,-0.048121333,-0.0061943333,0.0011893333,-0.00018366667,0.003031,0.0039333333,0.0031293333,-0.0034203333,0.0019693333,0.006503,-0.013351667,0.0032563333,-0.012406667,0.0042576667,0.0021953333
Mongol_Chakhar_Xinjiang_(n=1),0.040976,-0.356451,0.046386,-0.031008,-0.038161,-0.022311,0.014806,0.016845,-0.000205,0.005832,-0.043682,-0.006145,-0.001933,0.005918,-0.002443,-0.010342,-0.014603,0.001394,0.005656,-0.000625,-0.007612,-0.012736,-0.011216,0.001084,0.000838
Mongol_Guizhou_Bijie_(n=26),0.019349885,-0.45030919,-0.014519115,-0.067432462,0.087081308,0.039087577,0.00098519231,-0.0033104615,-0.015449462,-0.0021587308,-0.044344654,-0.0057813846,0.0075359231,-0.0064523846,-0.0051834615,0.0012494231,0.0014543846,0.00079915385,-0.0021465385,-0.010413577,0.014445769,0.007481,0.015154654,-0.0011400385,0.0047438462
Mongol_Inner_Mongolia_Baotu_(Inner_Mongolia_Profile)_(n=19),0.034805737,-0.39947716,0.036124211,-0.04539,0.0010529474,-0.0059153684,0.0094868947,0.0096190526,-0.0035737895,0.0070881053,-0.056135105,-0.0067202632,0.0043503684,-0.0010721053,-0.0043287895,0.00087231579,-0.0010842105,0.00040668421,-0.0013296842,0.0028105263,-0.0022657368,0.000097631579,-0.0033145789,-0.000222,0.0025903158
Mongol_Inner_Mongolia_Baotu_(Outer_Mongolia_Profile)_(n=19),0.039179158,-0.37959421,0.053590789,-0.036516,-0.031034053,-0.019507684,0.011181737,0.015910211,-0.00034452632,0.0084307895,-0.039802263,-0.0017747895,0.0026601579,-0.000079736842,-0.00055010526,0.000949,-0.00053521053,0.00068678947,0.0036386316,0.0069310526,-0.0092468421,-0.0067488421,-0.010313842,0.00011415789,0.0014685789
Mongol_Khalkha_Mongolia_(n=26),0.040275885,-0.36875435,0.061195,-0.032498769,-0.040575577,-0.024177615,0.015565038,0.015594077,-0.00050338462,0.0093921538,-0.034713654,-0.0039714615,0.00013153846,0.0012861154,0.00029226923,-0.00061184615,-0.0024723462,0.00049211538,0.0037467692,0.010610808,-0.010932731,-0.0058497692,-0.0130975,-0.00076473077,0.0016626538
Mongol_Khalkha_Mongolia_o_(n=1),0.037562,-0.399103,0.040729,-0.05491,-0.001846,-0.003068,0.013631,0.013384,-0.000614,0.009294,-0.048229,-0.003297,0.001338,0.006606,0.002579,0.002121,-0.001043,0.005194,0.01433,0.006878,-0.000125,-0.003957,-0.00037,0.006989,0.006227
Mongol_Khalkha_Sartuul_Mongolia_(n=7),0.040325857,-0.36573586,0.060446857,-0.030454286,-0.039084,-0.021195714,0.015141714,0.017570571,0.0024835714,0.0088254286,-0.035400714,-0.004175,0.0011892857,0.00049157143,0.0014541429,-0.0043375714,-0.0062584286,0.000018,0.0037708571,0.010701571,-0.0093228571,-0.0045222857,-0.012782714,-0.0021171429,0.00073557143
Mongol_Khorchin_Inner_Mongolia_(n=6),0.0299735,-0.420937,0.0280325,-0.053833333,0.016874667,0.0040905,0.0074025,0.0064613333,-0.011010167,0.0036448333,-0.060137833,-0.005745,0.0072843333,-0.0038076667,-0.0034606667,-0.0031823333,-0.00039133333,0.000739,0.0019691667,0.000125,0.002371,0.000041,0.0027731667,0.0014658333,0.00095816667
Mongol_Mongolia_(n=56),0.042582125,-0.36263471,0.062373089,-0.03060425,-0.044233446,-0.027261554,0.014491054,0.017335821,0.00030683929,0.0086888036,-0.032718339,-0.0023844821,-0.000039821429,0.0023445,0.0015802143,0.001063125,-0.0016018393,0.00042755357,0.0045251786,0.0092521786,-0.012611679,-0.0067390357,-0.013271232,-0.001157625,0.0014048571
Mongol_Naiman_Inner_Mongolia_(n=2),0.0261795,-0.4072275,0.0352605,-0.046835,0.004462,-0.0104585,0.015041,0.011769,-0.001636,0.013394,-0.0533445,-0.008767,0.0077305,-0.008395,-0.0070575,-0.0055685,0.0022165,-0.0002535,0.0001255,0.003627,-0.003182,0.0025965,0.0009245,-0.0030125,0.006706
Mongol_Oirat_Bayad_Mongolia_(n=8),0.046809625,-0.332459,0.060575,-0.024588375,-0.0460085,-0.026564375,0.013895,0.016499375,0.002530875,0.00779075,-0.029838875,-0.001442375,-0.002508625,0.00178925,0.00581875,0.001856375,0.00195575,0.00150425,0.007966125,0.012193375,-0.01815525,-0.00743475,-0.015745,-0.000753125,-0.002365
Mongol_Oirat_Dorbet_Mongolia_(n=8),0.0482325,-0.33093563,0.063450625,-0.024548,-0.05116325,-0.0260415,0.012954875,0.01730675,0.0009715,0.007244,-0.034182625,-0.00286625,0.000278625,0.001187,0.00276525,0.0004805,-0.0014505,-0.001219375,0.002246875,0.012975125,-0.016159,-0.00774375,-0.016592375,-0.003900875,0.00155675
Mongol_Oirat_Khoton_Mongolia_(n=9),0.046414556,-0.33264233,0.061889667,-0.024619778,-0.046196667,-0.026835444,0.013970111,0.015230111,0.0036586667,0.0044747778,-0.029067444,0.00015011111,0.0022134444,-0.0011163333,0.0039056667,-0.00027988889,-0.0062728889,-0.0010135556,0.0050977778,0.0090322222,-0.015680667,-0.0094802222,-0.012009778,-0.0036014444,0.0010776667
Mongol_Oirat_Olot_Inner_Mongolia_(n=5),0.0498544,-0.3144078,0.054079,-0.0187986,-0.046347,-0.0186298,0.014618,0.0158762,-0.0040086,0.003681,-0.0282232,-0.0000898,0.0014272,-0.003881,0.0051574,0.0014848,0.001695,-0.0009882,-0.000201,0.0071282,-0.0165462,-0.00413,-0.010205,-0.0010604,0.0020116
Mongol_Oirat_Olot_Mongolia_(n=10),0.0456431,-0.3504593,0.0623005,-0.0272935,-0.048409,-0.0237614,0.0159574,0.0173762,-0.0001637,0.0058862,-0.0336793,-0.0030125,0.0014866,0.0016653,0.0035695,-0.0001328,-0.0023599,0.000418,0.0039218,0.0106925,-0.0132141,-0.0092863,-0.0121523,-0.0017594,0.002407
Mongol_Oirat_Olot_Xinjiang_(n=7),0.049594286,-0.31815086,0.056244857,-0.016565286,-0.048624286,-0.021793429,0.014335857,0.016087143,-0.0026878571,0.0018744286,-0.027698714,-0.000064142857,0.0016564286,-0.001573,0.0055642857,0.0041482857,-0.002496,-0.0034568571,0.002101,0.012059429,-0.012638286,-0.007649,-0.011620429,-0.0021001429,0.0015567143
Mongol_Oirat_Torgut_Mongolia_(n=7),0.043740571,-0.33526971,0.058561286,-0.025747714,-0.048052857,-0.026454714,0.012825,0.015988429,-0.00017542857,0.005337,-0.030505857,-0.003768,-0.00031857143,0.0020052857,0.0049245714,0.0023678571,0.00042828571,-0.00065142857,0.0051895714,0.012148571,-0.016881,-0.00537,-0.014912857,-0.0015318571,0.00034214286
Mongol_Ordos_Inner_Mongolia_(n=1),0.033009,-0.401134,0.031301,-0.052003,-0.004001,0.001394,0.011986,-0.002538,-0.009408,0.00656,-0.054887,-0.01124,0.005798,-0.003853,-0.003257,0.004508,0.00326,-0.003041,0.001006,0.001376,-0.007861,-0.004081,-0.00037,0.003856,-0.000958
Montenegrin_(n=8),0.12628637,0.1370375,0.038839875,0.013695875,0.032349125,0.005910375,0.0043965,0.004841125,0.000796875,0.003784625,-0.0017655,-0.000222875,-0.0004805,0.009244625,-0.014546875,0.002814375,0.01019425,-0.001102125,0.00644775,0.00017825,-0.004586,-0.00027275,0.004108125,0.0000425,-0.000133875
Mordvin_(n=29),0.12606893,0.079911621,0.074422862,0.066114759,0.022359517,0.020897621,0.0089465172,0.012325897,-0.0058254828,-0.028146069,0.0010751379,-0.0099635517,0.01972569,0.014868069,-0.011611103,-0.00024686207,0.002355931,-0.0015901034,0.00016031034,-0.001574,-0.0026805862,-0.0028737586,0.0024564138,-0.004769931,0.0019117931
Mordvin_Erzya_(n=12),0.127387,0.081919417,0.07281575,0.067237833,0.02364525,0.0202195,0.0105755,0.012961083,-0.0045335,-0.0284745,0.00079841667,-0.010565417,0.017690667,0.012133583,-0.012158167,0.000022083333,0.0043244167,-0.00020075,0.0014664167,0.0012296667,-0.00258925,-0.0021845833,0.0035125,-0.0064666667,0.00154675
Mordvin_Moksha_(n=11),0.126654,0.088258636,0.071858636,0.062632636,0.024060364,0.020485818,0.0098276364,0.013090273,-0.0039416364,-0.027716545,0.0016977273,-0.0064441818,0.017852818,0.014638091,-0.012695909,-0.0018803636,0.0032240909,-0.0010825455,-0.000343,-0.0025467273,-0.0020644545,-0.0034398182,0.0035518182,-0.000997,0.0010340909
Moroccan_Arab_(n=24),-0.067772292,0.13058021,-0.008390875,-0.071248417,0.021721833,-0.031828417,-0.026644167,0.0059998333,0.057292167,0.026128083,0.007314125,-0.0077619167,0.024299667,-0.013349333,0.01663125,-0.010132083,-0.0032759167,-0.015514,-0.035766417,0.0097024583,-0.011406917,-0.030624708,0.020361542,-0.002063375,0.004660125
Moroccan_Arab_Casablanca_(n=9),-0.080182,0.12942344,-0.011565,-0.070916444,0.021371444,-0.03325,-0.027913889,0.0092815556,0.055607778,0.025857222,0.0094004444,-0.0083258889,0.025668889,-0.015383222,0.015291111,-0.0072482222,-0.003187,-0.017215556,-0.038267889,0.0080872222,-0.010121,-0.028577556,0.020363333,-0.0017272222,0.005322
Moroccan_Arab_Errachidia_(n=2),-0.054635,0.140143,-0.0035825,-0.0712215,0.028159,-0.0387655,-0.0310215,0.0063455,0.081503,0.0350805,0.004628,-0.0062195,0.0230425,-0.017134,0.0231405,-0.0149165,0.002412,-0.0218535,-0.0558725,0.0080035,-0.018093,-0.045875,0.030812,-0.0075915,0.013711
Moroccan_Arab_Fassi_(n=7),0.023902857,0.13840214,-0.015785286,-0.056109714,0.013672571,-0.022032429,-0.0093667143,0.00023085714,0.026997,0.026736714,0.0069597143,-0.0020552857,0.009769,-0.011304714,0.005332,-0.0043751429,-0.0032782857,-0.006443,-0.015802,0.0017862857,-0.0059894286,-0.015085714,0.0082047143,-0.0038901429,0.0037121429
Moroccan_Arab_Jebala_(n=3),-0.018627333,0.13440378,0.0027125833,-0.061301583,0.032238267,-0.027116,-0.02581925,0.0019085,0.058322083,0.03163675,0.0025803333,-0.0051626667,0.01697375,-0.015115333,0.017762075,-0.00024183333,0.0053344083,-0.019284417,-0.042860767,0.01221935,-0.01172925,-0.039929667,0.023763217,-0.0034095417,0.0012479333
Moroccan_Arab_Jebala_Chefchaouen_(n=8),-0.027175375,0.13595388,0.003347125,-0.0625005,0.031967375,-0.0310265,-0.027584375,0.008422875,0.066802625,0.036789,0.005602375,-0.00535775,0.02064525,-0.01826925,0.01881425,-0.01188325,1.25e-7,-0.02136275,-0.0458325,0.008847875,-0.0135385,-0.035550125,0.024218,-0.00644675,0.005822625
Moroccan_Arab_Morisco_Tetouan_(n=3),0.052359,0.14149733,0.010685,-0.038975333,0.030159333,-0.013758667,-0.00423,0.0016923333,0.031837667,0.030372667,0.0040596667,0.00039966667,-0.0013876667,-0.0081196667,0.008686,-0.0074693333,-0.0063453333,-0.006377,-0.011983,-0.0024593333,-0.0017883333,-0.014384667,0.005793,-0.0054623333,0.0072646667
Moroccan_Arab_Oujda_(n=4),-0.033578,0.136081,-0.013765,-0.06936425,0.02285025,-0.034164,-0.0243235,0.00311525,0.056295,0.0299325,0.005846,-0.00932925,0.01850825,-0.01338375,0.0104505,-0.0098115,0.004759,-0.01200375,-0.03689225,0.00662825,-0.008017,-0.0351175,0.017532,-0.00114475,0.002844
Moroccan_Arab_Zagora_(n=2),-0.0808145,0.1325265,-0.0109365,-0.0715445,0.0250815,-0.0345825,-0.0287885,0.008077,0.05788,0.020866,0.0119355,-0.0126635,0.036645,-0.0169275,0.01364,-0.0014585,0.001695,-0.0177365,-0.032556,0.014132,-0.010669,-0.0254725,0.021753,-0.0020485,0.0039515
Moroccan_Arab-Berber_(n=3),-0.019729333,0.13946633,-0.0015086667,-0.060401,0.029748667,-0.031607667,-0.026399667,0.0021536667,0.059175667,0.037115667,0.006225,-0.0068436667,0.014023333,-0.017707667,0.015426667,-0.0086183333,0.0026076667,-0.021114667,-0.043575333,0.010838333,-0.010689333,-0.030871667,0.020705667,0.001205,0.0054286667
Moroccan_Jew_(n=35),0.076891314,0.14665731,-0.020428371,-0.062677429,0.010991629,-0.0239978,-0.0076134571,-0.0026906857,0.019781971,0.022872486,0.0055116286,-0.0014120857,0.005473,-0.0044014857,0.001239,-0.0021296857,-0.002704,-0.0039641714,-0.0097704286,-0.0019642857,-0.0023892571,-0.0066982286,0.0049876857,-0.0024533714,0.0017156857
Moroccan_Jew_(Toshav-Shifted)_(n=1),0.07057,0.144205,-0.021119,-0.059432,0.003385,-0.023148,-0.00658,-0.006,0.020043,0.010934,0.014777,-0.005695,0.016501,0.003716,0,0.003447,-0.006389,-0.003421,-0.012947,-0.001251,0.00836,-0.006554,-0.004683,-0.007109,0.007664
Mossi_(n=50),-0.62065464,0.06440476,0.01982906,0.01377918,-0.00020924,0.01171904,-0.04630172,0.0473473,-0.0406388,0.02845796,0.00418964,0.00181634,0.02273324,0.00053944,0.01277936,-0.00957028,0.00977622,-0.00221198,0.00210926,-0.00225106,0.00092586,0.00130576,-0.00016022,-0.0004,0.00062506
Mountain_Jew_Azerbaijan_(n=6),0.09559515,0.13149567,-0.0589797,-0.06238755,-0.030436067,-0.016019567,-0.00059656667,-0.0048036167,-0.018375767,-0.0029408833,0.0060824833,-0.0045694833,0.0052585667,0.00250905,-0.0038052833,0.0056686667,-0.0093497333,0.0026024667,0.0045260333,-0.0041107333,-0.0005423,0.00101735,-0.00063948333,0.00048523333,0.00180625
Mountain_Jew_Chechnya_(n=1),0.087644,0.136081,-0.054305,-0.054587,-0.027697,-0.017849,-0.00047,-0.003923,-0.016975,-0.003827,0.007307,-0.006294,0.010704,0.00289,-0.000407,0.009546,-0.007823,0.005574,0.004274,-0.006503,-0.000499,-0.004575,0.002835,-0.001205,0.012095
Mountain_Jew_Ciscaucasia_(n=2),0.095042,0.1325265,-0.0588305,-0.05814,-0.037238,-0.0138055,-0.0005875,-0.011653,-0.014521,-0.0045555,0.0043845,-0.0024725,0.0088455,-0.0088765,-0.0011535,0.0107395,-0.000326,0.004624,0.003771,-0.007066,-0.002059,-0.000185,-0.0059155,0.0010845,0.005269
Mountain_Jew_Dagestan_(n=17),0.094683647,0.131509,-0.057970235,-0.062590765,-0.029783765,-0.017937882,0.0021112353,-0.0069755294,-0.018529941,-0.0044263529,0.0065874706,-0.0036265882,0.0082451765,0.0020743529,-0.0015324706,0.004948,-0.005855,0.0022582353,0.0053981176,-0.0056824706,0.00014264706,0.0019355882,-0.0022178824,-0.00048282353,0.00031641176
Mountain_Jew_Dagestan_o_(n=1),0.098685,0.136607,-0.040307,-0.053823,-0.021134,-0.015652,0.002059,-0.003983,-0.017237,-0.007549,0.00458,-0.003875,0.009692,0.00477,-0.003768,0.006094,-0.000962,0.001449,0.001972,0.000339,0.000717,0.00113,0.00005,0.003922,-0.000898
Mountain_Jew_Kabardino-Balkaria_(n=1),0.09675,0.133034,-0.054682,-0.061047,-0.034468,-0.024542,0.003055,-0.006231,-0.020861,-0.009841,0.008931,-0.01139,0.003865,-0.000138,0.001764,0.002519,-0.010561,0.009882,0.004902,-0.004502,0.003119,0.000247,-0.004314,0.001928,0.003233
Mulam_(n=16),0.016290938,-0.44810238,-0.034506625,-0.06742625,0.11627175,0.054732375,-0.000734375,-0.0079324375,-0.020120125,-0.01149225,-0.0066985,-0.0036811875,0.0022485,-0.0063564375,-0.0017304375,0.002229125,0.0028929375,-0.0002613125,-0.0045486875,-0.011317813,0.013484062,0.0060975625,0.016623125,-0.000256,-0.00088325
Mulam_o_(n=1),0.025041,-0.453942,-0.045254,-0.063631,0.126485,0.061077,0.00047,-0.012923,-0.026384,-0.01713,0.000812,0.000899,-0.005798,-0.002615,0.005429,-0.001724,0.001825,0.000253,-0.001634,-0.008129,0.008984,0.006059,0.010599,-0.000241,-0.001317
Mulao_Guizhou_Majiang_(n=38),0.015456,-0.44939845,-0.0316285,-0.067167,0.11025537,0.050354447,0.00090289474,-0.0076818947,-0.017874289,-0.0074957368,-0.015089316,-0.0032023947,0.0043932632,-0.0051463421,-0.0023572368,0.0009665,0.0016675526,0.00034010526,-0.0032416842,-0.011564737,0.013055974,0.0086752895,0.0152405,-0.0018803684,0.0059117105
Mulao_Guizhou_Majiang_o_(n=1),0.015935,-0.458004,-0.017348,-0.067184,0.092017,0.048527,-0.00188,0.002077,-0.014112,-0.007654,-0.040272,-0.007194,0.007136,-0.001101,-0.001764,-0.01074,-0.007693,0.003801,-0.009553,-0.008879,0.015972,0.010016,0.018857,-0.007591,0.017364
Mumbai_Jew_(n=6),0.062982333,0.006601,-0.1197985,0.042259167,-0.055805333,0.028586333,0.00066583333,0.0061151667,0.0201455,0.014882833,-0.0011908333,-0.0014736667,0.0035926667,0.0045186667,-0.0039361667,-0.002674,-0.0052151667,0.0016048333,0.0022206667,-0.0033973333,0.00054083333,-0.003256,0.0006575,0.0039763333,-0.0024946667
Munda_(n=5),0.0040976,-0.2250414,-0.1742296,0.1151182,-0.0062778,0.0619694,-0.006627,0.0125072,0.0739556,0.0475272,0.0255274,0.0046458,-0.0040734,0.0181662,-0.0222038,-0.0203922,0.0130906,-0.0022804,-0.0057568,0.0288388,0.0040928,0.0183254,-0.0063596,0.009977,0.0059396
Mursi_(n=2),-0.525294,0.056362,-0.0062225,-0.017119,-0.002616,-0.012132,-0.0024675,0.0040385,0.098376,-0.105788,-0.020055,0.019108,-0.039098,0.0005505,0.009704,-0.021811,0.0162325,0.0003165,0.016278,-0.019885,-0.003182,0.0045135,-0.006655,-0.0037355,0.0008985
Murut_Brunei_(n=18),0.014544222,-0.43498511,-0.062727722,-0.056381444,0.14893383,0.068669111,-0.0054312222,-0.013640444,-0.019373,-0.024429722,0.0746715,0.0084757222,-0.0098528333,0.0015367778,0.014295889,0.0069166667,-0.0029915556,0.0061375,0.0069623333,-0.0089417778,-0.0045336667,-0.025802222,-0.0087847222,-0.0064465,-0.046649222
Mwani_(n=5),-0.613962,0.0660092,0.0178002,0.0136952,0.0003696,0.010263,-0.0109984,0.0187838,-0.0231928,0.009294,0.000747,0.0015286,-0.0120414,0.0011558,-0.014305,0.0100502,-0.0133516,0.0094764,-0.0098548,0.0030266,-0.0009732,-0.0021268,0.0017746,0.0013734,0.0012694
Mzigua_(n=50),-0.59909654,0.06418136,0.01623122,0.00877268,-0.00041238,0.00880178,-0.01327344,0.02051454,-0.01412858,-0.00096218,-0.00103272,0.0035518,-0.0154429,0.00066064,-0.01842,0.01497472,-0.01247774,0.00674242,-0.00735338,0.00441708,0.0001323,-0.0008285,0.00246492,0.00035668,-0.00120468
Naga_Chakhesang_(n=5),0.0188946,-0.4328188,-0.0026398,-0.0446386,0.0340368,0.0092032,0.004982,0.0034616,-0.0005316,0.0139228,-0.074796,-0.0109702,0.0085032,-0.003358,-0.008849,-0.0039512,0.0036508,-0.0035978,-0.008321,0.0019008,0.0042176,0.0303194,0.008775,-0.0001928,0.0380086
Naga_India_(n=5),0.0191222,-0.4389118,0.0018102,-0.0466412,0.0340986,0.0084782,0.004935,0.0018462,0.0010636,0.010096,-0.0811616,-0.0104008,0.0138552,-0.0039636,-0.010912,-0.0020948,0.0029204,-0.0031926,-0.0070892,0.006178,0.0006988,0.0268822,0.0076906,-0.0017832,0.0412178
Naga_Myanmar_(n=28),0.016870179,-0.4326155,-0.0037173214,-0.045185393,0.041271321,0.015378821,0.0054973571,0.0034613571,0.00018996429,0.011546,-0.072692,-0.010067821,0.011181393,-0.0026443571,-0.012908036,-0.0021925714,0.0048428214,-0.00280075,-0.0073937143,0.0060475714,0.0012612143,0.029301286,0.0078658214,0.0027800357,0.043148393
Naga_Myanmar_o1_(n=1),0.021626,-0.375746,-0.050534,-0.012274,0.048317,0.043786,0.002115,0.007154,0.0045,0.008747,-0.025008,0.000749,0.000743,-0.001239,-0.004072,-0.002121,0.005737,-0.00038,-0.005656,0.015632,-0.009358,0.020526,0.002095,0.001807,0.03353
Naga_Myanmar_o2_(n=1),0.014797,-0.424491,-0.01961,-0.036822,0.054472,0.026774,0.00705,0.007615,0.00225,0.01385,-0.041734,-0.002398,0.004608,-0.001239,-0.003936,0.002254,0.01369,-0.002154,-0.001634,0.005378,-0.001497,0.027327,0.008997,0.006868,0.048858
Nagpuri_Tanti_Jharkhand_(n=2),0.0318705,-0.138112,-0.1704585,0.122418,-0.058934,0.067631,-0.005875,0.0116535,0.065141,0.0397275,0.00203,0.001049,-0.0046085,0.0075005,-0.014929,-0.010143,0.0073015,0.0002535,0.000063,0.0108175,0.000811,0.0123035,-0.002588,0.0059645,-0.000838
Nahua_(n=1),0.056912,-0.304659,0.109742,0.089471,-0.106789,-0.012271,-0.272377,-0.320756,-0.013703,-0.016037,-0.007632,-0.000899,-0.000297,0.018029,-0.004479,0.012994,0.003129,0.001647,0.003142,-0.003377,-0.005989,0.004822,-0.00419,0.00253,0.00491
Nama_(n=10),-0.5410014,0.0647908,0.0111629,0.0078812,0.0019079,-0.0036256,0.1375987,-0.1042342,0.0224362,-0.0055035,0.0020136,-0.0350838,-0.0120119,0.0042801,0.0136127,-0.0139881,0.0198966,0.1585888,-0.0518631,-1e-7,-0.0182553,-0.0001113,0.0038823,-0.0015543,-0.0005269
Namibian_Bantu_(n=5),-0.6219294,0.0641812,0.0212698,0.015181,-0.0003078,0.0118806,-0.0045594,0.0147686,-0.0293696,0.013449,0.0030206,-0.0036868,-0.0051138,0.0021742,-0.0082788,0.005277,-0.0025294,0.0115286,-0.0081704,0.0013758,0.000524,-0.001014,0.0019964,-0.0032292,-0.0023946
Namibian_Bantu_(Coloured-Mixed)_(n=4),-0.51732625,0.068802,0.020553,0.0208335,0.00207725,0.00934275,0.011163,-0.00005775,-0.01942975,0.011982,0.00154275,-0.00532,-0.00572325,0.00471375,-0.001459,0.003348,-0.00319425,0.02926525,-0.00942725,0.00553375,-0.00227725,-0.002411,0.002927,-0.001235,0.000359
Namibian_Bantu_o_(n=3),-0.606677,0.063301,0.018856,0.015827,-0.00020533333,0.002138,0.077788333,-0.056536,-0.0036133333,0.006135,0.0027063333,-0.019582667,-0.012785,0.003441,0.0019453333,-0.0056133333,0.006302,0.10734733,-0.034064,0.0025426667,-0.013767,0.00082433333,0.0046013333,-0.002731,0.002435
Nanai_(n=10),0.0300493,-0.4469345,0.086436,-0.041344,-0.0663202,-0.0483039,0.0179079,0.0224067,0.0126191,0.0194447,-0.0225721,0.0003295,-0.000996,0.0025735,-0.0077226,-0.0076901,-0.0018775,0.0085894,0.0171956,0.0167955,0.0087969,-0.0303075,-0.0142721,0.0045426,0.0021674
Narikuravar_(n=9),0.041735,-0.081468,-0.16387989,0.11391233,-0.077689667,0.062564444,-0.00078333333,0.015435222,0.048108556,0.028186,-0.004529,0.0017983333,-0.00069388889,0.0041438889,-0.0041317778,-0.0038746667,0.001724,-0.0025621111,0.00096366667,0.0028208889,0.0017052222,0.00072811111,-0.00032866667,0.0017002222,-0.0039116667
Naro_(n=1),-0.59871,0.063978,0.016593,0.021964,0.002462,-0.006693,0.223495,-0.170531,0.023316,-0.003645,0.006496,-0.056949,-0.022745,0.009358,0.019272,-0.025457,0.024121,0.253504,-0.088743,0.004752,-0.031569,-0.001113,0.006039,-0.002771,0.002036
Narragansett_(SSA+European-Mixed)_(n=3),-0.37721133,0.010942667,0.041991667,0.030433333,-0.007828,0.007427,-0.057687,-0.022289,-0.0245,0.013947,0.0057716667,-0.0034356667,0.008541,0.0021936667,0.005006,-0.003745,0.003021,0.0057786667,-0.00090333333,0.000696,0.00047566667,-0.00070166667,0.00076633333,0.0023063333,0.0011713333
Nasioi_(n=16),-0.030163,-0.27019425,-0.18731106,0.18457531,0.15406713,-0.28704812,0.00381875,-0.0012835625,-0.018816125,-0.0068338125,0.0098954375,0.000121625,-0.0012358125,0.0006623125,-0.0018406875,-0.001939,-0.0005705,0.00180525,0.0027733125,0.000359625,-0.00022625,-0.004915125,-0.002880875,-0.00223675,-0.013224688
Navajo_(n=15),0.055244733,-0.317634,0.11187447,0.0814198,-0.10768447,-0.021239,-0.2274748,-0.27221607,-0.0082295333,-0.017137667,0.0064433333,-0.0030425333,0.003892,0.0096089333,-0.012784867,-0.00095113333,0.0031850667,0.003804,0.0068264667,0.0023922,0.0025642,-0.0027672,-0.00011066667,0.0034248667,0.0049289333
Naxi_(n=5),0.0216264,-0.435256,-0.0020364,-0.0511632,0.0514556,0.0209166,0.006251,0.0042,-0.0020862,0.0063782,-0.0699568,-0.0087222,0.0093656,-0.003468,-0.0067318,-0.005887,0.001382,-0.0001522,-0.0086734,0.0002002,0.00564,0.022752,0.0104022,0.0018558,0.0281172
Ndau_(n=18),-0.62406672,0.0627935,0.020217778,0.015719333,-0.00080344444,0.012147222,-0.015850444,0.025127222,-0.030121722,0.011126444,0.00029777778,0.0016402778,-0.012272833,0.0013915556,-0.018556056,0.013899889,-0.015124556,0.0089386667,-0.0096717222,0.0058986667,0.0018370556,-0.0017517778,0.0015336667,-0.00047538889,-0.0014835556
Negidal_(n=3),0.028455667,-0.452249,0.095160333,-0.038329333,-0.080630667,-0.051223,0.013239,0.017153,0.012407667,0.013121,-0.011367,0.0012986667,-0.005352,-0.0012846667,-0.011084,-0.0079553333,-0.0012603333,0.011993333,0.024678667,0.018759333,0.018176333,-0.038332333,-0.013762667,0.011567667,0.003393
Negidal_(European-Mixed)_(n=1),0.079676,-0.168578,0.081835,0.016796,-0.025851,-0.015618,0.018566,0.01823,0.003272,-0.00492,-0.005521,-0.007643,0.003419,0.005092,-0.013301,-0.010872,-0.005476,0,0.015461,0.00963,0.004742,-0.011994,0.001602,0.004217,0.003832
Nenets_Forest_(n=30),0.067383267,-0.28871507,0.13169053,0.036294433,-0.1226075,-0.055824667,0.017547567,0.0259143,0.013355467,-0.0143723,0.0785527,0.0019033,0.011803667,-0.066517667,-0.022810067,-0.012900967,-0.0040592333,0.0061359,0.0102192,-0.0096170667,0.0070584,0.021235267,0.036123933,-0.0072136333,-0.0048378
Nenets_Tundra_(n=18),0.066839444,-0.28412244,0.13052567,0.036301611,-0.12256989,-0.053361056,0.016973111,0.027191278,0.012907833,-0.014538444,0.076439722,0.0021980556,0.011166111,-0.0627635,-0.022401389,-0.012898056,-0.0023325,0.0068410556,0.0086451667,-0.0092474444,0.0088941667,0.018053333,0.031305056,-0.0035546111,-0.0016897778
Nenets_Tundra_(European-Mixed)_(n=2),0.0819525,-0.1888885,0.121433,0.0457045,-0.079861,-0.03765,0.016921,0.026191,0.011044,-0.0155815,0.0574855,-0.0017235,0.0097375,-0.046585,-0.0234795,-0.0048395,0.003129,0.0022805,0.00044,-0.0073785,0.0054905,0.0115615,0.01898,-0.0026505,0.0022755
Nenets_Tundra_(European-Mixed)_o_(n=1),0.112685,-0.032497,0.102954,0.066538,-0.028621,-0.003347,0.010575,0.010615,-0.009204,-0.031162,0.022085,-0.000899,0.017393,-0.019818,-0.007193,-0.004773,-0.008084,0.0019,-0.006411,0.002126,0.003244,0.0115,0.00456,-0.003494,0.001796
Newar_(n=21),0.034201238,-0.24338852,-0.072030095,0.036514381,-0.01978381,0.037570571,0.0027752857,0.007263381,0.021027095,0.021512571,-0.043349905,-0.0026833333,0.0077868571,-0.003427381,-0.0087700476,-0.0070397619,0.00113,-0.0017798095,-0.003621381,0.0023344762,-0.00067742857,0.012353476,0.0033218095,0.00084909524,0.015476048
Ngadha_Bena_(n=31),-0.0081511935,-0.34396955,-0.13464416,0.078593194,0.15333884,-0.12695829,-0.0029791935,-0.0055829677,-0.020590903,-0.016007387,0.039759,0.0030020323,-0.0054572581,0.0012474516,0.0032660645,0.0020744516,-0.0016025806,0.00071519355,0.0023477742,0.0021099032,-0.0038923548,-0.010662,-0.0075737419,0.0000039032258,-0.0096956774
Nganasan_(n=62),0.045400694,-0.40860324,0.15469853,0.0014430806,-0.158784,-0.088484726,0.027954694,0.041819613,0.028963177,0.013135661,0.10039789,0.0094730968,-0.0045509839,-0.027262565,-0.020434645,-0.0095165323,0.0029,0.013976645,0.025005758,-0.00059708065,0.042173597,-0.012738226,0.032434048,-0.00053637097,0.013491097
Nganasan_(European-Mixed)_(n=1),0.088782,-0.142174,0.116907,0.031331,-0.064935,-0.029562,0.015041,0.024691,0.011862,-0.002734,0.044007,-0.003447,0.006838,-0.003303,-0.016694,0.002121,0.00691,0.012289,0.010936,0.004752,0.015722,-0.004328,0.024403,-0.003253,0.008263
Ngoni_Malawi_(n=4),-0.62744975,0.06321675,0.01961025,0.01364675,0.00230775,0.0124805,-0.01374825,0.0218645,-0.0266905,0.009932,-0.00312575,0.0032225,-0.01341675,0.000516,-0.015404,0.0124635,-0.012354,0.0063975,-0.0087045,0.00303275,0.0011855,0.00278225,0.00265,0.0003915,-0.004251
Ngumba_(n=2),-0.630011,0.062963,0.020176,0.020672,0.001077,0.0089245,-0.007285,0.0134995,-0.029758,0.0174035,0.004141,-0.009891,-0.0028245,0.0002755,-0.0029855,0.003779,0.0009775,-0.003294,-0.0010685,0.006816,0.0046165,-0.0019785,-0.005546,-0.0010845,-0.000359
Ni-Vanuatu_(n=12),-0.02978375,-0.27622408,-0.19544275,0.19555058,0.16631317,-0.30847633,-0.00170375,0.0027885,-0.023895167,-0.0082461667,0.0092425833,-0.00074941667,0.00075566667,-0.0010549167,-0.0026579167,0.0011713333,-0.0012171667,0.00014775,0.0016969167,-0.005878,-0.0004055,-0.0069143333,0.00137625,-0.001938,-0.01537775
Ni-Vanuatu_(European-Mixed)_(n=2),-0.004553,-0.2112305,-0.162916,0.1787815,0.1474125,-0.2728945,-0.0066975,0.001846,-0.0185095,-0.008383,0.005034,0.0008995,-0.001264,-0.0026835,-0.0036645,0.0031825,0.002673,0.0029135,0.0039595,-0.0005,0.000624,-0.004142,0.0009245,0.000542,-0.0111365
Nias_Gomo_(n=15),0.0121412,-0.4309906,-0.0594594,-0.051636933,0.14218033,0.062806267,-0.0045746667,-0.013476467,-0.019088933,-0.0192926,0.067921733,0.0084724,-0.011288333,-0.0000918,0.011382467,0.0072924,-0.0047635333,0.0051012,0.0065196,-0.0049523333,-0.0051409333,-0.023559867,-0.013171,-0.0036469333,-0.045049733
Nias_Hilitobara_(n=13),0.011644923,-0.431522,-0.060165,-0.050934615,0.14258277,0.060176077,-0.0073212308,-0.014679923,-0.019288154,-0.018503923,0.067666,0.009234,-0.0090912308,0.000741,0.0083728462,0.0049873077,-0.0025877692,0.0045315385,0.0057918462,-0.0058103846,-0.0046168462,-0.022856769,-0.011822308,-0.0047178462,-0.043321846
Nicaraguan_Euro-Mestizo_(n=2),0.066613,0.082768,0.053284,0.021234,0.021564,0.00193,-0.0440645,-0.044283,0.0134235,0.017112,-0.0021325,0.0033955,-0.0061545,-0.002353,0.006541,-0.0003155,-0.0006535,-0.0015395,-0.002304,-0.000618,0.000385,-0.0026265,0.0017075,0.000097,0.0011915
Nicaraguan_Indo-Mestizo_(n=1),0.001359,-0.21675,0.102748,0.078339,-0.081534,-0.010857,-0.224896,-0.272077,-0.009571,-0.009915,-0.00217,-0.000664,0.003341,0.013983,-0.007751,0.000892,0.007428,0.000374,0.001983,-0.000164,-0.002316,0.004228,-0.001153,-0.000696,0.000292
Nicaraguan_Mestizo_(n=15),0.0137716,-0.031606667,0.0615144,0.033750933,-0.018942667,-0.0065764667,-0.11374533,-0.12502793,0.0033726667,0.010501267,-0.0033750667,-0.00023573333,-0.0027140667,0.0036213333,0.0016748,-0.00028446667,0.00096633333,0.0014121333,-0.0023139333,0.0011526,-0.0010145333,0.0019575333,-0.0009338,-0.001064,0.0016095333
Nicobarese_(n=6),0.010813167,-0.37388417,-0.0941545,-0.018088,0.1362305,0.0778105,-0.0053661667,-0.007038,-0.0028975,-0.0180415,0.093265167,0.010815333,-0.012908833,0.0060553333,0.0058585,-0.0064306667,-0.0021948333,-0.0045606667,-0.0040851667,0.018112833,-0.0212335,0.014323,-0.013577833,0.0069285,0.040076
Nihali_(n=1),0.007968,-0.199044,-0.184789,0.129524,-0.028005,0.059404,-0.004465,0.023307,0.087945,0.056675,0.012991,0.005845,-0.001487,0.018166,-0.020765,-0.017369,0.020731,-0.00152,-0.008422,0.032641,0.004243,0.015333,-0.006779,0.009881,-0.006706
Nisga'a_(European-Mixed)_(n=1),0.094221,-0.086578,0.08176,0.060444,-0.03324,-0.000447,-0.099914,-0.116153,0.003037,-0.003207,0.002763,-0.003086,-0.002383,0.003882,-0.004988,-0.003267,0.0017,0.004443,0.004612,0.000205,-0.000201,-0.001056,-0.000127,0.004521,-0.000743
Nivkh_(n=10),0.0278866,-0.441349,0.0710874,-0.037468,-0.0568722,-0.0374828,0.0033841,0.0052151,0.0098171,0.0186609,-0.033663,0.0002398,0.0011446,0.0020231,-0.0142914,-0.0091884,0.0012778,0.0106926,0.0247626,0.0150447,0.0190041,-0.0461966,-0.018364,0.008965,-0.0134717
Nivkh_o_(n=1),0.020488,-0.451911,0.091263,-0.043928,-0.081554,-0.049643,0.005875,0.014307,0.015953,0.016401,-0.016076,0.003447,0.00223,0.002202,-0.019544,-0.012463,-0.002999,0.009755,0.024637,0.02026,0.02533,-0.044886,-0.010846,0.01205,0.008143
Nogai_Astrakhan_(n=6),0.0756925,-0.176025,0.051477,-0.004522,-0.025389167,-0.012782667,0.0072068333,0.0142685,-0.0077376667,-0.0034016667,-0.019540667,-0.0026225,0.0035925,-0.0032798333,0.0026918333,0.0007955,0.0019775,-0.0014358333,0.0006495,0.0048773333,-0.0084018333,-0.0015663333,-0.01253,-0.00010033333,0.00081833333
Nogai_Dagestan_(n=3),0.072088,-0.16350033,0.037963333,-0.007106,-0.032211,-0.01097,0.0083036667,0.0071536667,-0.0084536667,-0.0039486667,-0.022897,-0.0016983333,0.00079266667,0.0040826667,-0.002986,-0.004508,0.00060833333,0.002069,0.0024303333,0.0078373333,-0.0086933333,-0.0015253333,-0.004437,0.0039763333,-0.00023966667
Nogai_Dagestan_(Ciscaucasian_Profile)_(n=3),0.11534067,0.098845,-0.019359,0.019164667,-0.035391333,0.015246,0.0096353333,-0.0034613333,-0.055698667,-0.040577667,-0.0052506667,0.0061446667,-0.0087213333,-0.0096796667,0.010948333,-0.0041986667,0.000739,-0.000929,-0.0041896667,0.0062113333,-0.00020766667,0.0056883333,0.0038616667,0.0077116667,-0.0044306667
Nogai_Dobruja_(n=1),0.0774,-0.144205,0.039975,0.002584,-0.018773,-0.013108,0.00564,0.012923,-0.009613,-0.001822,-0.013478,0.003297,0.000595,0.001651,-0.001493,-0.000398,-0.005476,0.000127,-0.002388,0.005878,-0.011979,-0.009398,-0.006039,-0.007832,0.003233
Nogai_Karachay-Cherkessia_(n=11),0.096832455,-0.0064734545,0.0052549091,-0.0058106364,-0.029323182,-0.0017983636,0.0084086364,0.0023286364,-0.034810727,-0.019774182,-0.0089611818,0.0023864545,-0.0073018182,-0.0017775455,0.0032295455,-0.0071975455,0.0028649091,-0.0019976364,-0.0038310909,0.0099858182,0.00070209091,-0.00083809091,-0.000032363636,-0.00092809091,-0.000013818182
Nogai_Stavropol_(n=7),0.072846857,-0.164806,0.036365286,-0.0045681429,-0.030335429,-0.011833,0.012892,0.012757714,-0.010343143,-0.0032022857,-0.020484143,-0.0033398571,-0.000021285714,-0.0034012857,0.0023461429,-0.00011357143,0.00027942857,0.00050657143,-0.0026937143,0.003162,-0.010695429,-0.0019431429,-0.0092785714,0.0012222857,-0.0036781429
Nogai_Stavropol_o_(n=3),0.088023333,-0.089028,0.036832,0.0079673333,-0.024414667,-0.0040903333,0.011985333,0.0080763333,-0.017929667,-0.013910667,-0.012504,-0.0017986667,0.00024766667,0.004817,0.005519,-0.0047293333,-0.0060843333,-0.0039273333,0.0017596667,0.0085043333,-0.0075283333,-0.001896,-0.0052176667,0.00092366667,-0.00075833333
Northern_Irish_Mixed_(Ulster_Irish+Ulster_Scot)_(n=2),0.13488,0.1345575,0.0558135,0.049742,0.0366225,0.019104,0.009635,0.0071535,0.004397,-0.001458,-0.005684,0.005845,-0.0127845,-0.020712,0.0259225,0.020021,0.001108,0.0010135,-0.0063475,0.0070655,0.002059,0.0051935,0.0017255,0.017653,0.00461
Northern_Straits_Salish_(European-Mixed)_(n=1),0.1266,0.079193,0.071717,0.049289,0.021568,0.012354,-0.030637,-0.036719,0.002269,0.000333,-0.00504,0.002613,-0.007368,-0.002083,0.0141,0.004011,-0.005245,0.001518,0.002818,0.003692,0.004722,0.002775,-0.00153,0.009344,-0.000764
Norwegian_(n=49),0.13229029,0.12857851,0.068281898,0.055147306,0.040327673,0.019738571,0.0047336327,0.0063434286,0.0054219592,-0.0028822449,-0.0045072245,0.0039027143,-0.0087558367,-0.010248694,0.019920408,0.0072870408,-0.0066096735,0.0036558163,0.003165551,0.0055536327,0.0063382449,0.0032755102,0.00047028571,0.013161286,-0.00066712245
Norwegian_Bergen_(n=8),0.133173,0.127449,0.0687775,0.055111875,0.04000725,0.020951875,0.0043475,0.006144,0.0046785,-0.001275625,-0.002679375,0.004065,-0.006782625,-0.00989175,0.021172375,0.008585125,-0.00586725,0.002834625,0.000769875,0.001657,0.00531875,0.005023375,0.003743625,0.016463,0.0016165
Norwegian_Nordland_(n=2),0.132035,0.1198325,0.0729725,0.0631465,0.0410845,0.0242635,0.0076375,0.010153,0.003477,-0.0103875,-0.001543,0.004871,-0.008474,-0.0051605,0.0211725,0.002983,-0.012191,0.003167,0.0015085,0.00469,0.0087345,0.0029675,0.0061625,0.0146405,0.001257
Nuba_(n=14),-0.55033471,0.0583205,-0.00061957143,-0.017003643,-0.0025937857,-0.0091834286,-0.024256357,0.021905714,0.088763286,-0.10461657,-0.021029286,0.018026857,-0.038078286,-0.0029,0.0110225,-0.018003786,0.022984929,-0.012008357,0.019510143,-0.018053143,-0.0016487143,0.0035152143,-0.0036445714,-0.0063175,0.0036180714
Nuba_Koalib_(n=25),-0.54862736,0.05829144,-0.00203648,-0.01594328,-0.00147724,-0.00813244,-0.0237172,0.02158068,0.09183108,-0.104618,-0.01972688,0.02026204,-0.037962,-0.00078168,0.01430488,-0.02068404,0.02332832,-0.01241548,0.02206756,-0.02062992,-0.0003844,0.00524772,-0.00148888,-0.00359068,0.00442588
Nubian_Danagla_(n=10),-0.2385733,0.1010453,-0.0303961,-0.0692189,-0.0015696,-0.0282238,-0.020258,0.009438,0.08183,-0.0523382,-0.0050666,-0.0010941,0.0067492,0.0002891,0.0094869,-0.008141,0.0101438,-0.0079814,0.0024637,-0.0022261,0.0015972,-0.0005688,-0.0008997,0.0002048,-0.0003232
Nubian_Nobiin_Halfawi_(n=5),-0.189174,0.109677,-0.03379,-0.0742254,0.000677,-0.0335784,-0.019459,0.0042922,0.0771466,-0.0469806,-0.0020786,-0.0037168,0.0103468,-0.0028626,0.0067046,-0.0027048,0.011917,-0.0079814,0.0021622,0.0004752,-0.0002746,0.003314,-0.0008134,0.000723,-0.0027784
Nubian_Nobiin_Mahas_(n=13),-0.22501962,0.10413077,-0.032867462,-0.074538462,-0.0023199231,-0.030635154,-0.022217538,0.0091061538,0.081306077,-0.051867154,-0.0028104615,-0.0065019231,0.0097087692,0.000688,0.011327462,-0.0071497692,0.0059073077,-0.0060420769,0.0025139231,-0.00078876923,-0.0016989231,0.000028538462,0.0010713077,-0.0011029231,0.000055307692
Nuer_(n=14),-0.5769205,0.054258429,0.00018871429,-0.0083749286,-0.0022201429,-0.0052791429,-0.012505929,0.015015786,0.0868495,-0.10521529,-0.021597786,0.024556714,-0.045681214,-0.0015926429,0.0074257857,-0.016242286,0.024055786,-0.012388286,0.018890571,-0.019518286,-0.00097157143,0.003692,-0.0057575714,-0.0036147857,0.0040628571
Nuer_o_(n=1),-0.580498,0.049761,0.003017,-0.005814,-0.002154,-0.000558,0.01034,0.004384,0.065857,-0.092029,-0.01023,0.021581,-0.028394,-0.000275,0.002986,-0.020817,0.017732,-0.006588,0.013827,-0.02126,-0.004118,0.006925,-0.009983,-0.004579,0.008143
Nuristani_(n=4),0.08622075,0.0266575,-0.079761,0.06322725,-0.07355225,0.0393235,-0.00017625,-0.002423,-0.03016725,-0.02660625,-0.008079,-0.00033725,-0.00115225,-0.01613625,0.01384325,0.017535,0.00273825,-0.00034825,-0.004148,-0.008035,-0.00411775,-0.006801,0.00323525,-0.002621,0.004191
Nyah_Kur_(n=10),0.0094474,-0.379808,-0.0750846,-0.0247418,0.1202686,0.0622483,-0.0072617,-0.0102227,-0.0005931,-0.0096038,0.0582487,0.0049007,-0.007225,0.0057938,0.0026602,-0.0022407,0.0009779,-0.0030278,-0.001873,0.0131062,-0.0071622,0.0126003,-0.0047696,0.004145,0.0315181
Nyaneka_(n=13),-0.62628977,0.063665769,0.021002538,0.016920231,-0.000213,0.0095253077,-0.0095993077,0.018229923,-0.031544,0.014775077,0.0016236923,-0.0015793077,-0.003625,0.00068807692,-0.0091141538,0.0065683846,-0.0032294615,0.0092969231,-0.0059464615,0.0045694615,0.00089261538,-0.00069430769,0.0010713077,-0.00028730769,0.00049730769
Nyanja_(n=16),-0.62552912,0.06194725,0.020317375,0.016170188,0.0009425,0.011051188,-0.015084875,0.022470187,-0.0286205,0.01185675,0.0006090625,0.0020420625,-0.012441125,0.0012471875,-0.01808475,0.014311437,-0.011873063,0.0087731875,-0.0088539375,0.00594025,0.0003976875,0.0000461875,0.0020258125,-0.0007906875,-0.001624
Nyishi_(n=7),0.019187286,-0.42623214,0.001293,-0.041943857,0.032709286,0.013386571,0.0090647143,0.0070875714,-0.0010517143,0.012444286,-0.078503143,-0.011218571,0.0095354286,-0.0012581429,-0.007775,-0.002292,0.00244,-0.0056828571,-0.010468714,0.007146,0.0037075714,0.029482143,0.0082751429,0.0016352857,0.034077286
Odia_(Utkala)_Brahmin_(n=2),0.0529395,-0.0533305,-0.1374775,0.1092305,-0.0684195,0.063088,-0.0007615,0.0095725,0.0297575,0.015118,-0.003389,-0.000313,-0.000362,-0.001057,0.00031,0.0013055,0.0004905,0.001215,-0.0005005,-0.0018875,-0.000906,-0.0007975,0.0004335,0.0002145,0.004049
Odia_Khandayat_(n=1),0.035285,-0.094444,-0.153111,0.109175,-0.058472,0.070002,-0.003995,0.007384,0.044177,0.026606,-0.004709,0.00015,-0.002081,0.007294,-0.003529,-0.016309,-0.004955,0.002534,-0.002388,0.003752,0.007487,0.006183,-0.001849,0.008676,0.005269
Ogiek_Kenya_(n=2),-0.4336665,0.0751495,-0.009051,-0.038114,0.004924,-0.018407,0.0010575,-0.0008075,0.0918315,-0.0774505,-0.0107985,0.0077185,-0.0228195,0.0017205,0.0086185,-0.0177005,0.009583,0.002597,0.008799,-0.013819,0.006114,0.003586,-0.003944,-0.003434,0.0011375
Ohlone_(European-Mixed)_(n=1),0.082105,0.068673,0.010917,-0.027001,-0.016563,-0.019059,-0.05187,-0.070756,0.005125,0.005287,0.006489,-0.001429,-0.000293,-0.00019,0.003723,0.002899,-0.000321,0.005417,-0.00409,0.001204,0.000863,-0.000993,0.00048,-0.00074,-0.000023
Oji-Cree_(n=1),0.060479,-0.317997,0.110749,0.081378,-0.110006,-0.018961,-0.222569,-0.264425,-0.007097,-0.014338,0.004996,-0.003927,0.004983,0.007991,-0.012991,-0.000867,0.004689,0.001946,0.005727,0.001517,-0.000473,-0.000466,-0.000449,0.001925,0.001097
Ojibwe_(n=2),0.057646,-0.3003605,0.104763,0.07829,-0.0994485,-0.0179025,-0.21302,-0.253558,-0.0093,-0.016818,0.006128,-0.003675,0.003814,0.010567,-0.0118025,0.0015275,0.0051015,0.0036225,0.0081675,0.002644,0.0031515,-0.003422,0.0022065,0.003007,0.0053035
Ojibwe_(European-Mixed)_(n=27),0.07202763,-0.20996167,0.099416111,0.078716148,-0.077091704,-0.0084204074,-0.16505663,-0.19679619,-0.0089248519,-0.018712926,0.004389037,-0.0038812963,0.0034633704,0.0005877037,-0.0045609259,0.0024199259,0.0016398889,0.0018856667,0.004715963,0.0019792963,-0.000021851852,-0.0010061852,0.001131,0.0033024444,0.0030485926
Omani_Arab_(n=2),0.020488,0.120848,-0.061848,-0.075582,-0.025543,-0.0204985,-0.00705,-0.006692,0.0202475,-0.007745,0.008444,-0.0203815,0.0390235,0.0016515,0.000136,0.0174355,-0.0188405,0.004054,-0.0013195,0.0108175,0.011792,0.007419,-0.007395,-0.000181,0.0016165
Oneida_(European-Mixed)_(n=2),0.0625345,-0.127188,0.09028,0.0698205,-0.047149,-0.000946,-0.137117,-0.1619055,-0.0079275,-0.0106455,0.0033415,-0.0010745,0.000391,0.003056,0.000059,0.000595,-0.0003975,0.001781,0.0035145,0.0024835,0.0013125,0.0021115,0.000711,0.007013,0.0004915
Onge_(n=40),-0.022309375,-0.24349855,-0.131568,0.09481665,0.0296439,-0.003520925,-0.00884805,0.006270925,0.0534217,0.02351755,0.0231769,0.00328585,-0.001661325,0.009502825,-0.01318855,-0.013988225,0.0103069,-0.000877325,-0.00620015,0.0312024,-0.002467525,0.008430025,-0.014737275,0.001578475,0.004316975
Onondaga_(European-Mixed)_(n=1),0.104255,0.00387,0.072761,0.050166,-0.001348,0.006577,-0.068146,-0.07899,0.001586,0.001778,-0.003764,-0.000184,-0.005236,-0.002009,0.006648,0.003441,-0.00283,0.001931,0.001887,-0.001524,0.000325,0.004277,-0.000746,0.005704,0.00072
Ormur_(n=3),0.092496333,0.056082333,-0.070755333,0.0491,-0.059304667,0.033152333,0.0057243333,0.00017766667,-0.028766667,-0.024998333,-0.0025843333,0.001177,0.00096666667,-0.011428333,0.0086406667,0.0098196667,-0.0010833333,-0.00076733333,0.0028673333,-0.0087706667,-0.0031143333,-0.008474,0.0025976667,-0.0012443333,0.00516
Oromo_Ethiopia_(n=119),-0.28729336,0.094717328,-0.029497782,-0.070777714,0.00073446218,-0.033330933,-0.0086084202,-0.0038221176,0.10714298,-0.074536101,-0.0054092773,-0.0091997731,0.0072431681,0.00019890756,0.023389521,-0.01646,0.014933933,0.0036452269,0.0071743277,-0.0016530504,0.0029537983,0.0047580756,-0.0038641597,0.0019329748,-0.0018254118
Oroqen_(n=3),0.030732,-0.43701633,0.070899,-0.041451667,-0.04647,-0.036069667,0.019114333,0.023537333,0.007363,0.014214667,-0.027118667,-0.002148,-0.0017343333,0.00022966667,-0.0081886667,-0.012463667,-0.0052153333,0.005743,0.010642667,0.0093793333,0.011188667,-0.014055,-0.0052996667,0.0014056667,0.0055483333
Ossetian_North_Ossetia_(n=12),0.10680392,0.094841958,-0.033736542,-0.025697333,-0.036801708,0.00169425,0.009878125,-0.00178275,-0.057882042,-0.028870667,-0.001897375,0.0087910833,-0.021144458,0.0020929583,0.0077304583,-0.0202895,0.0048785,-0.0058550417,-0.011878458,0.016960083,0.0084380833,0.000727375,-0.001494375,-0.0095113333,-0.0017382917
Ottawa_(European-Mixed)_(n=4),0.0675995,-0.2266875,0.09976525,0.07188425,-0.07518725,-0.01236925,-0.17816325,-0.211713,-0.00529025,-0.01314125,0.0031325,-0.003013,0.00257575,0.00990775,-0.008792,0.0005255,0.0037315,0.00221225,0.005042,0.00274825,0.001615,-0.00200875,-0.00059575,0.003016,0.00504475
Ovambo_Angola_(n=1),-0.610872,0.059953,0.018778,0.015461,-0.002645,0.00903,-0.010223,0.010897,-0.016598,0.007503,0.002024,-0.011726,-0.003725,-0.000043,0.00053,-0.004486,0.002065,-0.004764,-0.001212,-0.002423,0.001245,-0.000697,0.000639,0.000012,0.000291
Ovambo_Namibia_(n=9),-0.62893589,0.061947222,0.021747333,0.017585556,-0.00044444444,0.011248778,-0.011985556,0.019050444,-0.032519444,0.015652,0.0029408889,-0.0012322222,-0.0043606667,0.00062688889,-0.0093797778,0.0090897778,-0.003593,0.0068128889,-0.0052653333,0.0023065556,0.0028005556,0.0010854444,0.0024648889,-0.000053555556,-0.0011574444
Ovambo_Namibia_o_(n=1),-0.604401,0.060932,0.013953,0.01615,0.001231,0.000279,0.063688,-0.043383,-0.009204,0.005649,0.007957,-0.013938,-0.008474,0.004266,0.007329,0.000928,0.012126,0.084881,-0.030042,-0.002501,-0.004367,0.000989,0.006162,0.002651,-0.002994
Pahari_Jat_Muslim_(n=8),0.069432125,0.0011425,-0.10917625,0.078771625,-0.073244375,0.04674925,0.004435625,0.005192,-0.002275375,-0.004533125,-0.005866375,-0.00230425,0.001486625,-0.008137,0.009534125,0.015595875,0.001271125,0.0005225,-0.0006755,-0.012584125,-0.003306625,-0.008640375,0.000755,-0.00456375,0.005029375
Pahari_Mirpur_(n=2),0.072847,-0.0121865,-0.11521,0.073967,-0.070782,0.047272,0.000235,0.010615,-0.0002045,0.0003645,-0.0070635,0.0008995,-0.0016355,-0.0123175,0.008686,0.0124635,0.0036505,0.00171,-0.0032055,-0.0024385,-0.0040555,-0.0080375,-0.0033275,0.002892,0.0026945
Pahari_Rajput_Muslim_Jammu_(n=3),0.068293667,-0.016586667,-0.10974233,0.07752,-0.075501333,0.049178,-0.0036033333,0.0031536667,-0.001159,-0.002612,-0.008282,-0.001199,-0.0045093333,-0.0067436667,0.0019003333,0.001061,-0.014603,0.003336,0.00083766667,-0.01384,-0.0066546667,-0.0053996667,0.00016433333,-0.005864,0.003712
Paiute-Shoshone_(European-Mixed)_(n=2),0.07649,-0.1931555,0.100813,0.080725,-0.067012,-0.0067365,-0.1938165,-0.2305995,-0.0064035,-0.012823,-0.0006815,-0.0025615,0.0009985,0.0123145,-0.0056755,0.0020815,0.0039,0.0027175,0.0054855,0.0042455,0.0033245,-0.001574,-0.0005865,0.003875,0.0042325
Palaung_(De'ang)_Yunnan_(low_res)_(n=64),0.014619156,-0.41808084,-0.038478078,-0.040324531,0.084506125,0.040901047,0.0015973125,-0.00395175,-0.0045123125,-0.000008515625,-0.01232625,-0.0021144219,0.0015492656,-0.0016213125,-0.0047099219,-0.00060285937,0.002108625,-0.0028662813,-0.003529375,0.0051489531,-0.0022928281,0.020922453,0.0065841406,-0.00000565625,0.035324266
Palestinian_Arab_Christian_(n=24),0.084784875,0.14659458,-0.053305542,-0.085640583,-0.012178833,-0.031584458,-0.002395375,-0.0042453333,0.0079980833,0.010399542,0.0078512083,-0.0078538333,0.014452833,0.001318625,-0.006834,0.0054434167,-0.0014909583,0.004436,0.0025777917,-0.00094283333,-0.00038945833,0.0027579583,0.000057791667,0.002832625,-0.00098166667
Palestinian_Arab_Muslim_(n=84),0.05032737,0.13410006,-0.046796924,-0.074504631,-0.011999305,-0.026661538,-0.0049461796,-0.0028118493,0.013190459,0.00228534,0.0069458005,-0.007330494,0.016799785,0.00011077135,-0.0018807025,0.0067929004,-0.0018330955,-0.00021493603,-0.00032292836,0.0016514648,0.0006860719,0.0025788642,0.00051731588,0.0024879494,0.00038924114
Palestinian_Arab_Muslim_(African-Mixed)_(n=23),0.025933111,0.13193177,-0.044457037,-0.075531759,-0.010810406,-0.027283268,-0.0079577296,-0.0022115713,0.017634102,0.0013666461,0.0052425722,-0.0074492861,0.017602344,0.00061246609,-0.0017861643,0.0046819913,-0.0026411991,-0.0015710104,-0.00099243304,0.0011247287,0.00040493739,0.0006437713,0.00095786435,0.001951807,-0.0014005896
Palestinian_Arab_Muslim_Gaza_(n=4),0.039291,0.1343115,-0.0466865,-0.07482275,-0.01181,-0.0269655,-0.00645725,-0.0052975,0.01432625,-0.00156575,0.003413,-0.009078,0.01622475,0.000171,0.0012095,0.012376,0.008191,-0.0023665,-0.0024365,0.00403725,-0.0003485,0.00029525,0.00401375,-0.0001785,-0.00137575
Palestinian_Arab_Muslim_Gaza_(African-Mixed)_(n=4),0.019919,0.12617925,-0.04214325,-0.07065625,-0.00646275,-0.0251,-0.00740275,-0.00403825,0.0198385,0.00095675,0.00653625,-0.00929175,0.0111125,0.00426625,-0.0006445,0.00049725,-0.006128,0.00123525,-0.0012255,0.0010005,-0.00311975,0.00058725,0.0015095,0.005573,0.00098775
Paliyan_Tamil_Nadu_(n=95),0.010663421,-0.14670662,-0.18311794,0.1307922,-0.054277221,0.055399411,-0.0027878737,0.015268979,0.081742811,0.053982158,0.000088863158,0.0020713158,-0.0021219684,0.013369632,-0.022720979,-0.018474568,0.012216253,0.00060136842,-0.0020190947,0.022779368,0.0086505368,0.013122832,-0.0078787684,0.0058193263,-0.0055222
Palula_(n=1),0.079,0.011,-0.0855,0.0703,-0.0712,0.0362,0.0048,0.0053,-0.0179,-0.0214,0.0002,-0.0029,-0.0008,-0.0152,0.012,0.0119,0.0017,-0.0013,-0.0006,-0.0045,-0.0043,-0.0034,-0.0056,-0.0067,-0.0041
Pamiri_Ishkashim_(n=8),0.09219675,0.025134375,-0.04435875,0.051397375,-0.052009625,0.025901875,0.003525,-0.002855875,-0.02709925,-0.024920625,-0.008383375,-0.0012925,-0.001877,-0.01236875,0.0138435,0.015032375,-0.002298,0.001409375,0.00039275,-0.006440625,-0.008297875,-0.000015375,0.00134025,0.001867625,0.003382875
Pamiri_Rushan_(n=8),0.0997375,0.046206625,-0.02630425,0.042837875,-0.04393125,0.025936875,0.005434375,-0.00164425,-0.030346125,-0.0294765,-0.008403625,-0.00086175,-0.002099875,-0.01396875,0.016914,0.013971625,-0.00299875,-0.001900375,0.00064425,-0.008941875,-0.00898425,-0.0034005,0.00143275,0.00143075,0.000553625
Pamiri_Sarikoli_(n=50),0.08707468,-0.00316844,-0.03671644,0.04737764,-0.0495846,0.02845242,0.00445094,-0.0001338,-0.0241706,-0.02333354,-0.01029874,-0.00038966,-0.00111196,-0.01343746,0.01493742,0.01171826,-0.00275634,0.00062584,0.00143798,-0.00756114,-0.00589956,-0.00264118,0.00159978,-0.00022652,0.00162374
Pamiri_Shugnan_(n=8),0.095896,0.040113375,-0.0311125,0.045583375,-0.04866275,0.02523975,0.001028125,-0.003749875,-0.02784075,-0.028519875,-0.004343875,-0.001367625,0.000594375,-0.016652375,0.01419975,0.01682225,-0.002526,0.001742,0.00216825,-0.008566625,-0.005646375,-0.00455975,0.00141725,0.003117875,0.004295875
Panamanian_Euro-Mestizo_(n=8),0.0632525,0.07170275,0.060181875,0.03814925,0.018735875,0.008269125,-0.045774875,-0.047227625,0.002502375,0.009532,-0.0039525,0.00355175,-0.00947075,-0.002807375,0.011682375,0.003006375,-0.005173,0.001017125,0.00159275,0.001951875,0.00329175,0.003105,-0.0010095,0.00705925,0.00032025
Panamanian_Indo-Mestizo_(n=5),-0.0184064,-0.205759,0.0933146,0.076165,-0.075715,-0.0087944,-0.2211438,-0.2583212,-0.013123,-0.0056174,-0.0044856,-0.0017142,0.0028636,0.0149908,-0.0047888,0.0019828,0.0043416,0.0003872,0.001344,0.0006054,-0.0020168,0.0034116,-0.0002662,0.0022426,0.0034316
Panamanian_Mestizo_(n=82),0.0074221829,-0.040753354,0.066392232,0.038464951,-0.020773317,-0.006235561,-0.11734106,-0.13670251,0.0023146098,0.0097560732,0.004180061,0.0020242561,-0.0039136463,0.00076328049,0.001235939,0.0006882561,0.00055559756,0.00020585366,-0.0002655122,-0.00052180488,0.0012174146,-0.0010558537,0.000125,0.00039108537,0.0010961829
Panamanian_Mestizo_(Highly_SSA-Mixed)_(n=8),-0.204276,-0.031039125,0.057191875,0.037776375,-0.02321275,-0.000533375,-0.099328125,-0.11562225,-0.011737875,0.013535,0.005356,0.001131125,0.000961625,0.003061,0.00052475,-0.000650625,0.001654375,0.000044,-0.0008355,-0.00073625,0.000977375,-0.002128625,0.000699375,0.0003415,0.00115325
Panika_Jharkhand_(n=4),0.02304925,-0.15283725,-0.17913225,0.12072225,-0.0417,0.0705595,-0.00675625,0.01153775,0.0705095,0.04369125,0.00584575,0,-0.0023785,0.009565,-0.02144375,-0.021612,0.0089965,0,-0.00144525,0.01700825,-0.00106075,0.012427,-0.004314,0.00701875,-0.002305
Panika_Madhya_Pradesh_(n=6),0.018780833,-0.14589783,-0.17699533,0.12107217,-0.0504195,0.06368,-0.0033685,0.010768667,0.064493167,0.044222667,0.0069286667,0.0031721667,-0.0037413333,0.0095876667,-0.016965167,-0.0214355,0.0024558333,0.0017738333,-0.000901,0.013277167,0.0024331667,0.0071926667,0.00055466667,0.0032333333,-0.0055281667
Paniya_(n=16),0.0051930625,-0.17536925,-0.18867825,0.1419595,-0.046739375,0.05271025,-0.0069179375,0.017177125,0.091422125,0.05854325,0.0052573125,0.0002903125,-0.003883875,0.015284688,-0.024217687,-0.02994025,0.012582063,-0.0002296875,-0.0033074375,0.030819563,0.00721375,0.014274125,-0.010275813,0.007493375,-0.007918375
Paniya_o_(n=5),0.0193496,-0.132019,-0.1789812,0.1253896,-0.0549024,0.0523198,-0.001316,0.015553,0.0706426,0.0428254,0.0036048,0.0002698,-0.0002082,0.010294,-0.0177524,-0.0193582,0.0043026,-0.0017738,-0.0032934,0.019134,0.007936,0.0089274,-0.0066554,0.0024342,-0.0063706
Pantar_(n=27),-0.018211741,-0.32293837,-0.16146356,0.12892581,0.16308456,-0.21287615,-0.0031594444,-0.0017178889,-0.022899148,-0.013701444,0.023570407,0.0040186296,-0.0042175556,-0.0020847778,0.0012064444,0.0016648148,-0.00028007407,0.0018534815,0.0028352222,-0.0037471481,-0.0018440741,-0.011321074,-0.0022138889,-0.00041055556,-0.019599
Papuan_Coastal_(n=10),-0.0349438,-0.2604833,-0.2347199,0.2584979,0.1985293,-0.4306351,-0.0019035,0.0029075,-0.0354646,-0.0114444,-0.0065767,0.0019483,0.0038948,-0.002147,0.0009363,-0.0005702,-0.0031943,-0.0026098,-0.0000878,-0.0039895,0.0009357,-0.0036848,0.0037343,-0.0000362,-0.0058437
Papuan_Coastal_o_(n=1),-0.01935,-0.359497,-0.138403,0.080104,0.174494,-0.17347,-0.012691,-0.009923,-0.035383,-0.01221,0.033127,0.007493,-0.008622,0.008808,0.00285,0.004243,-0.012778,0.00266,0.006034,-0.02051,0.009358,-0.010016,0.006286,-0.005784,-0.031973
Papuan_Highland_(n=7),-0.043578,-0.23864957,-0.26172157,0.30791243,0.21032514,-0.516386,0.0019135714,0.005769,-0.043914286,-0.012184,-0.015821286,0.0014987143,0.0014441429,-0.0032242857,0.0019,-0.0024435714,-0.0021047143,-0.00010871429,-0.00012557143,-0.0048595714,0.0017647143,0.0043808571,-0.00047542857,-0.00055085714,0.0049438571
Papuan_Highland_o_(n=6),-0.033198333,-0.27063867,-0.22250117,0.23503733,0.1891635,-0.3952345,-0.0057186667,0.003346,-0.035791833,-0.016067167,-0.003329,-0.00074916667,0.00109,-0.0044038333,-0.0020358333,-0.0024085,-0.0051285,-0.0017315,0.0027445,-0.0068783333,0.001747,-0.005214,0.0025266667,-0.000462,-0.009121
Papuan_Koinambe_(n=1),-0.043253,-0.243727,-0.261345,0.308466,0.21204,-0.508975,0.00094,0.004615,-0.041314,-0.014943,-0.019811,0.000749,0.000595,-0.000688,-0.000407,-0.000796,-0.006519,-0.003674,-0.000126,0.002751,0.001872,0.001484,0.004437,-0.000964,0.00012
Papuan_Kosipe_(n=1),-0.043253,-0.242712,-0.255688,0.297807,0.205885,-0.491405,0.002585,0.004846,-0.03845,-0.012392,-0.01429,0.002997,0.00223,-0.005505,-0.00095,0.00305,-0.002868,0.001647,0.001131,-0.002501,0.002745,0.001237,0.001725,-0.004579,0.00491
Papuan_Middle_Sepik_(n=5),-0.0459844,-0.2410866,-0.2637584,0.3092414,0.2069308,-0.509589,-0.001974,0.0070152,-0.041273,-0.0119546,-0.018902,0.000869,0.0013974,-0.00311,0.0001628,-0.0003186,-0.0021906,-0.0018498,-0.001081,-0.0015256,0.0023458,0.0018052,0.0012324,0.0018314,0.0016048
Paraguayan_Euro-Mestizo_(n=23),0.095579087,0.068279957,0.052775087,0.016575304,0.013984609,-0.0024923913,-0.053031696,-0.05910187,0.013067435,0.017001913,0.00013078261,0.0035470435,-0.0071967826,-0.0028299565,0.0037832609,-0.00046578261,-0.001256087,-0.00048569565,-0.0014163478,-0.00051095652,0.0018278696,-0.0015513043,-0.00022978261,-0.0006686087,0.00096547826
Paraguayan_Mestizo_(n=100),0.07098362,-0.01696658,0.0644936,0.03220399,-0.0131793,-0.00680139,-0.10765346,-0.124969,0.00954096,0.01136371,0.00260661,0.00238888,-0.00529468,0.00065111,0.00114067,0.00052537,0.00053473,-0.00002927,-0.00032318,-0.00001633,0.00175713,-0.00123836,-0.00006091,0.00026717,0.0012324
Parhaiya_Jharkhand_(n=5),0.0118374,-0.1992468,-0.1875798,0.1283612,-0.0355758,0.0710054,-0.0043242,0.0161992,0.0847546,0.054124,0.0125038,0.0046158,-0.0027054,0.0115052,-0.0270354,-0.0253244,0.0095704,0.002914,0.0019106,0.0197346,0.0071622,0.0121924,-0.0003698,0.0076878,0.0010536
Parsi_India_(n=30),0.079410467,0.065535433,-0.092042533,0.0030685,-0.053599667,0.015236733,0.0033997,-0.000099966667,-0.010655733,-0.0065240667,-0.0024466333,-0.0037117,0.0058274667,-0.0012891333,0.0030128667,0.0095729333,-0.0037072333,0.0025972333,0.0032975333,-0.0081789667,0.00039526667,-0.0040517333,-0.0015117333,-0.0030727,0.0028101333
Parsi_Pakistan_(n=23),0.080665913,0.067598913,-0.089443087,0.0025137826,-0.05279913,0.013362565,0.0017778261,0.00014043478,-0.011257609,-0.008897913,-0.00060717391,-0.0026846087,0.0063212609,-0.0018787826,0.0045613478,0.0089296957,-0.0044274783,0.001680087,0.0024373478,-0.0085150435,4.35e-8,-0.0043332174,-0.0015806957,-0.0021585217,0.0018795217
Pashayi_(n=2),0.0859365,0.0360515,-0.082401,0.0489345,-0.071244,0.0345825,0.0045825,0.000577,-0.0307805,-0.0219595,-0.010474,0.0041215,-0.001338,-0.013418,0.0124185,0.017038,0.000391,-0.00171,-0.001697,-0.0053775,-0.003057,-0.0019785,0.0024645,0.0071695,0.011376
Pashtun_Afghanistan_Baghlan_(n=14),0.085204643,0.031263714,-0.073215214,0.044574,-0.062297214,0.031992571,0.0037096429,0.000033071429,-0.022979714,-0.017963429,-0.0048832857,0.000835,-0.00041414286,-0.0062421429,0.010944857,0.013372571,-0.0042189286,0.0011672143,0.0028102143,-0.011174929,-0.0045098571,-0.0061031429,0.0012851429,-0.0017902143,0.0038832857
Pashtun_Afghanistan_Kabul_(n=2),0.088023335,0.023526165,-0.066184665,0.0379525,-0.059395665,0.029283335,0.003681665,0.001923165,-0.023349665,-0.016431665,-0.005981165,0.002522665,-0.004187165,-0.014129335,0.010428,0.018562665,0.006671335,-0.000528,-0.001864835,-0.009046165,-0.003369335,-0.007811,0.001478835,-0.0015465,0.004470335
Pashtun_Afghanistan_Kandahar_(n=2),0.0871888,0.03970707,-0.0737143,0.0345933,-0.06312953,0.029302,0.00461383,0.0010073,-0.02309097,-0.0238002,-0.00690157,0.0005447,-0.000882,-0.00358743,0.01431873,0.01713963,-0.0000346,0.00151573,0.0061339,-0.01244783,-0.00717873,-0.0080454,0.00845897,-0.00736643,0.0034164
Pashtun_Afghanistan_Kunduz_(n=21),0.082819762,0.024227714,-0.076824857,0.046465857,-0.06281019,0.030877286,0.0043531429,0.0024065238,-0.02028681,-0.01739919,-0.005923381,-0.00098485714,0.0010335238,-0.0076412381,0.0096169048,0.012072048,-0.0023966667,-0.000030095238,0.0021548095,-0.012041476,-0.0040524286,-0.0051756667,0.00088619048,-0.0028631429,0.0061699048
Pashtun_Afghanistan_North_(n=2),0.084229,0.0238645,-0.0678815,0.0389215,-0.054933,0.026913,0.0062275,0.0043845,-0.025361,-0.017586,-0.0069015,-0.0004495,0.002156,-0.0097715,0.013436,0.012994,0.000391,0.0020905,0.004274,-0.008379,0.0018095,-0.005441,-0.002958,-0.000904,0.0079035
Pashtun_Bettani_(n=7),0.086342857,0.034818,-0.078979714,0.05168,-0.065770429,0.033068429,0.00141,-0.00056042857,-0.019196,-0.015464,-0.0036654286,0.000064285714,-0.00038228571,-0.010066143,0.0090154286,0.019415,0.0045634286,0.00095928571,0.0014904286,-0.0065387143,-0.0012837143,-0.0091678571,0.0014437143,-0.0038731429,0.0058504286
Pashtun_Durrani_(n=13),0.084510692,0.031986769,-0.070639,0.041880769,-0.059964231,0.029277154,0.0025480769,-0.00076038462,-0.018191462,-0.016505231,-0.0038987692,-0.0017178462,-0.0000038461538,-0.0072623077,0.011884462,0.011365538,-0.004351,0.00047246154,0.001773,-0.0095656154,-0.0026421538,-0.0064729231,0.0018681538,-0.0032449231,0.0031310769
Pashtun_Gandapur_(n=2),0.08366,0.0416365,-0.078064,0.0518415,-0.0620115,0.0343035,0.0031725,0.0001155,-0.0211685,-0.0197725,-0.0001625,-0.0019485,0.006392,-0.006262,0.013776,0.011005,-0.017667,0.0043075,0.003771,-0.018321,0.000811,-0.0093975,0.0036355,-0.0065065,0.004251
Pashtun_Ghilji_(n=17),0.084898529,0.034996824,-0.070676882,0.046512,-0.060572235,0.032056176,0.0041470588,0.00031217647,-0.023568353,-0.018137765,-0.0059701176,0.0012694706,-0.0016090588,-0.010507765,0.012286824,0.017236588,0.00014564706,0.00011188235,0.00084294118,-0.012020588,-0.0017909412,-0.0057825294,0.0016312941,-0.0032745882,0.0044940588
Pashtun_Ghoryakhel_(n=5),0.0792208,0.0199044,-0.091188,0.0608532,-0.0688744,0.0428934,0.004982,0.005169,-0.0089582,-0.010752,-0.0029878,0.0003596,-0.0007136,-0.0106244,0.0087402,0.010554,-0.000052,-0.003978,0.0008548,-0.0076038,-0.0004244,-0.006331,0.0038946,-0.0009158,0.0032572
Pashtun_India_Madhya_Pradesh_(n=2),0.0631715,-0.0203105,-0.112759,0.0828495,-0.06632,0.047272,0.00235,0.0062305,0.006647,0.0025515,-0.0081195,-0.001124,0.00223,-0.0041285,-0.001493,-0.0013925,0.0012385,-0.0002535,0.002011,-0.0040015,-0.0021835,-0.00068,0.0006775,0.005121,0.001497
Pashtun_India_Uttar_Pradesh_(n=5),0.0614646,-0.0369652,-0.1246762,0.0903754,-0.0703516,0.0536028,0.001974,0.0089998,0.019266,0.0082734,-0.007145,-0.0013786,-0.0035676,-0.0002476,0.0006244,0.0034208,0.0006778,-0.0004308,-0.0004272,-0.0040768,-0.0019216,-0.0055396,0.0007394,0.002699,-0.0013652
Pashtun_India_Uttar_Pradesh_o_(n=4),0.077969,0.00710875,-0.09380875,0.062016,-0.067397,0.03995125,0.0008225,0.003519,-0.00572675,-0.01088875,-0.00511525,0.00007475,0.00052025,-0.0086015,0.00936475,0.00928125,0.00244475,0.0013305,0.00232525,-0.0111615,-0.00545925,-0.00506975,0.0010785,-0.00126525,0.0030535
Pashtun_India_Uttarakhand_(n=1),0.05805,-0.028435,-0.122941,0.083657,-0.07109,0.044344,0.00658,0.009461,0.014317,0.009659,-0.007795,-0.004496,0.005054,-0.003303,-0.000679,0.011535,0.01356,0.005574,-0.001006,-0.005002,-0.000374,-0.007543,-0.004437,0.003735,-0.006227
Pashtun_Jadun_(n=1),0.09675,0.031481,-0.078064,0.050388,-0.060934,0.034861,0.00376,0.001846,-0.023111,-0.020046,-0.003248,0.002997,0.003717,-0.009496,0.015201,0.028109,0.008996,-0.00114,0.004274,-0.011005,-0.000998,-0.007419,0.005176,-0.008555,0.007424
Pashtun_Jafar_(n=1),0.078538,0.040621,-0.084852,0.05168,-0.058165,0.040439,0.002585,0.000692,-0.018407,-0.018041,-0.00341,0.000899,-0.002825,-0.010046,0.011943,0.012596,-0.004172,0.009882,0.012444,-0.019009,-0.008485,-0.012984,0.004067,-0.004217,0.012813
Pashtun_Kakakhel_(n=3),0.078538,0.026065333,-0.087492,0.059539667,-0.064012,0.035419333,0.0027416667,0.00023066667,-0.016157667,-0.017008667,-0.0052503333,0.0013486667,-0.002676,-0.0063763333,0.009636,0.015027,-0.002738,0.0026183333,0.002011,-0.010505,-0.0059896667,-0.0045753333,0.005094,-0.0027713333,0.0010376667
Pashtun_Kakar_(n=1),0.087644,0.054839,-0.078441,0.040698,-0.067089,0.025379,0.00376,-0.003231,-0.028429,-0.015855,-0.004384,-0.002698,0.004757,0.004129,0.015065,0.006629,-0.020992,0.001647,0.007919,-0.015007,-0.005241,-0.009645,0.004314,-0.004579,0.001317
Pashtun_Karlani_(n=31),0.084001419,0.037844516,-0.076587806,0.052514484,-0.061123903,0.033909,0.0023562258,0.0019643226,-0.020175323,-0.015741,-0.0045241935,0.0013208065,-0.0013696774,-0.0090796129,0.012277935,0.011202806,-0.0047862903,0.0011079032,0.0023092258,-0.010574323,-0.0033577742,-0.0067877419,-0.00012551613,-0.00094980645,0.0040228387
Pashtun_Karlani_o1_(n=2),0.0779685,0.014725,-0.1014455,0.064923,-0.0710905,0.0476905,0.0071675,0.006346,-0.0027615,-0.0079275,-0.001705,-0.002173,0.000892,-0.008808,0.0056325,0.006762,-0.0161025,0.0019005,-0.002954,-0.008629,-0.0101075,-0.0100775,0.000801,-0.004097,0.00473
Pashtun_Karlani_Uthmankhel_(n=31),0.081879194,0.023324419,-0.083428839,0.055618516,-0.064696935,0.036597548,0.0020240323,0.0015855484,-0.016500419,-0.014525968,-0.0046672581,-0.00082177419,0.0011509032,-0.0068589355,0.011002065,0.012082806,-0.0029568065,0.0010870968,0.0029114194,-0.0097143548,-0.0047174516,-0.0059193548,0.0014432903,-0.0014459355,0.0041640968
Pashtun_Kasabgar_Chamar_(n=1),0.079676,0.014217,-0.095412,0.07106,-0.06155,0.03765,0.011045,-0.000923,-0.005522,-0.016037,-0.004384,-0.000599,0.003568,-0.003578,0.001357,0.005569,-0.008866,-0.002027,0.003897,-0.011881,-0.009982,-0.008161,0.003328,-0.006748,0.007065
Pashtun_Kasabgar_Dum_(n=1),0.068294,0.010155,-0.111251,0.075582,-0.076322,0.042391,0.003995,0.003923,-0.004704,-0.006743,-0.008119,0,-0.004608,-0.004266,0.006922,-0.004375,-0.018254,0.001647,0.001006,-0.008379,-0.003244,-0.00779,-0.004807,-0.000843,0.005269
Pashtun_Kasabgar_Ingar_(n=2),0.0773995,0.0030465,-0.0978625,0.069122,-0.0673975,0.04016,0.005875,0.003346,-0.0083855,-0.007745,-0.0061705,-0.0016485,-0.001189,-0.0095645,0.010111,0.0140545,0.003064,0.0025335,0.002074,-0.007316,-0.001872,-0.0059355,0.007888,0.0032535,0.00473
Pashtun_Kasabgar_Julaha_(n=1),0.071709,0.015233,-0.095789,0.070737,-0.070475,0.041276,0.00141,0.005307,-0.011249,-0.009112,-0.00341,-0.008093,-0.002081,-0.007707,0.013165,-0.003315,-0.01708,-0.005574,-0.004902,-0.012131,-0.006988,-0.002102,0.008997,-0.003856,0.002994
Pashtun_Kasabgar_Kolal_(n=1),0.064879,0.006093,-0.112759,0.066215,-0.071398,0.05271,0.006815,0.006,-0.002045,0.002187,-0.01088,-0.002548,0.002379,-0.003716,0.011265,0.001724,-0.021644,0.002154,-0.000628,-0.011881,-0.006239,-0.006059,0.002465,-0.006386,0.007664
Pashtun_Kasabgar_Nai_(n=1),0.069432,-0.015233,-0.114268,0.079135,-0.075091,0.042391,0.00423,0.004154,0.004295,0.004191,-0.002273,0.002997,-0.014123,-0.000963,-0.000271,0.005171,-0.000261,-0.002407,-0.004148,-0.003001,0.003494,0.001113,0.001725,0.001084,0.002994
Pashtun_Kasabgar_Paracha_(n=1),0.072847,-0.001016,-0.109365,0.074936,-0.077245,0.048527,0.00423,0.008077,-0.006749,-0.007289,-0.005521,-0.00015,-0.00223,-0.007432,0.008958,0.014054,0.010822,0.006461,0.004525,-0.010005,-0.001248,-0.00915,0.002218,0.000723,0.00479
Pashtun_Kasabgar_Shah_Khel_(n=1),0.066017,-0.015233,-0.109742,0.075259,-0.061858,0.047133,-0.000235,0.005307,0.013908,0.011299,-0.003897,0.002997,0,-0.001239,0.005157,-0.003713,-0.014342,-0.003041,0.00088,-0.008379,0.00025,0.003462,0.001602,0.00241,0.002036
Pashtun_Kasabgar_Teelyan_(n=1),0.066017,-0.010155,-0.107857,0.076228,-0.068013,0.047969,0.00282,-0.000462,-0.008181,-0.005285,0.00065,0,-0.002973,-0.012386,0.00285,0.018032,0.005737,0.002407,0.003645,-0.006003,-0.00025,-0.004081,0.002711,-0.001687,0.000599
Pashtun_Kasabgar_Zargar_(n=2),0.070001,-0.004062,-0.1065365,0.0731595,-0.0710905,0.0490845,0.008225,0.005192,-0.005727,-0.0028245,-0.0035725,0.0004495,0.004757,-0.0128675,0.005225,0.01538,0.0061285,-0.0053205,0.002011,-0.005503,-0.003743,-0.008408,0.001664,-0.0004215,0.0017365
Pashtun_Kasi_(n=1),0.071709,0.026404,-0.071653,0.044251,-0.071398,0.028726,0.005875,0.009461,-0.019634,-0.01877,-0.001461,0.004046,0.001784,-0.00812,0.008415,0.026253,0.001695,-0.003167,0.002263,-0.012631,-0.010606,-0.015951,-0.00419,-0.005663,0.001557
Pashtun_Lodi_(n=12),0.085177667,0.04316,-0.07664975,0.048719167,-0.060011083,0.036558,0.0040146667,0.0014038333,-0.02060575,-0.01655325,-0.0048716667,0.0012738333,0.00081758333,-0.0056540833,0.01271275,0.011402833,-0.00780125,-0.000042166667,0.0010998333,-0.0116305,-0.0027970833,-0.00701725,0.0025059167,-0.0058941667,0.0042010833
Pashtun_Mandokhel_(n=1),0.079676,0.053823,-0.069767,0.052003,-0.053241,0.031794,0.002585,0.001615,-0.029042,-0.024602,0.00065,0.002548,-0.001635,-0.007844,0.016015,0.011933,-0.013299,0.001774,0.000377,-0.016383,-0.006364,-0.005688,0.000123,-0.001566,0.008382
Pashtun_Mashwani_(n=1),0.079676,0.044683,-0.095034,0.037791,-0.07109,0.028447,0.005405,-0.002538,-0.026179,-0.015672,0.004709,-0.003147,-0.002973,-0.020506,0.014251,0.030098,0.004172,-0.007221,-0.001006,-0.018259,-0.00861,-0.014838,-0.007272,-0.015544,0.009939
Pashtun_Mohmand_(n=3),0.081194,0.024372333,-0.078692667,0.048557667,-0.065448,0.031235667,0.0021933333,0.0023846667,-0.021270667,-0.012878,-0.0040593333,0.00069933333,-0.0018336667,-0.0099086667,0.012169667,0.011093333,-0.006476,0.005659,0.0048183333,-0.014590333,-0.0089843333,-0.006224,0.0013146667,-0.003615,0.0059076667
Pashtun_Pakistan_Kurram_(n=8),0.07441175,0.008505,-0.09527025,0.06710325,-0.06724325,0.0415545,0.00572825,0.005769125,-0.008001875,-0.00747175,-0.00345075,-0.000730625,0.000446,-0.0071735,0.0089405,0.00817075,-0.006030125,0.002676125,0.001744125,-0.012678,-0.004445125,-0.005888875,0.000339,-0.003434125,0.003083625
Pashtun_Rodhbari_(n=2),0.077969,0.022342,-0.0897545,0.056202,-0.066474,0.0379295,-0.000705,0.005192,-0.013601,-0.013394,-0.001543,0.001274,-0.001561,-0.0018575,0.0105185,0.003514,-0.0124515,0.004941,-0.0001885,-0.004815,-0.004492,-0.001298,-0.000308,-0.0000605,0.003652
Pashtun_Safi_(n=6),0.082998667,0.0223415,-0.083160167,0.056053,-0.067397167,0.035976833,0.0003525,0.0009615,-0.0177935,-0.013941167,-0.0058458333,0.00084916667,0.0034688333,-0.012684167,0.0094778333,0.017104,0.0053675,-0.0015626667,0.000063,-0.011088667,-0.0067796667,-0.005379,0.0018281667,0.0006025,0.0043508333
Pashtun_Sakzai_(n=1),0.073985,0.025388,-0.067505,0.040375,-0.059088,0.021196,0.003525,-0.000923,-0.022089,-0.018406,-0.008607,0.000599,0,-0.006055,0.012486,0.012463,-0.004824,0.000507,0.005405,-0.010755,-0.003494,-0.005935,0.002465,-0.00241,-0.000838
Pashtun_Sherani_(n=1),0.08992,0.063978,-0.075801,0.041344,-0.056318,0.031515,-0.003055,0.001154,-0.030679,-0.021504,-0.005521,-0.003297,0.000446,-0.007294,0.017236,0.024131,0.005085,-0.004434,-0.001131,-0.015507,-0.000749,-0.012736,0.010969,0.003856,0.006826
Pashtun_Shinwari_(n=2),0.0785375,0.0182795,-0.0812695,0.061047,-0.063858,0.037929,0.0024675,0.004154,-0.01401,-0.0126655,-0.007551,-0.004271,0.006913,-0.014313,0.0095,0.0176345,0.0011085,0.000127,0.0023255,-0.008379,-0.005989,-0.002844,0.000616,0.0031325,0.0079035
Pashtun_Syed_(n=2),0.082522,0.0233575,-0.082212,0.053618,-0.070013,0.0337455,0.0027025,-0.0017305,-0.0130895,-0.012939,-0.0030855,0.002173,0.008102,-0.0112165,0.0093645,0.0156455,0.006389,0.0029135,-0.0011315,-0.006503,-0.008672,-0.001546,-0.0016635,-0.005181,0.002036
Pashtun_Tareen_(n=2),0.079107,0.03859,-0.0873035,0.050388,-0.063704,0.031375,0.0027025,0.000923,-0.0224975,-0.015946,-0.002355,0.0002995,-0.0002975,-0.0146565,0.011197,0.021148,-0.003781,-0.002977,0.005279,-0.0125685,-0.0034935,-0.0080995,0.0023415,-0.0045185,0.0079035
Pashtun_Tarkalani_(n=34),0.081721491,0.025068624,-0.085084403,0.054478068,-0.063991388,0.035531485,0.0032279265,0.0016902471,-0.017269265,-0.015604241,-0.0061313176,-0.00076193529,0.0012610588,-0.0090775676,0.012908582,0.015426459,0.0015878912,0.0010021824,0.0023009412,-0.0096435647,-0.0038221382,-0.0055537559,0.0014138794,-0.0016363206,0.0048469353
Pashtun_Yusufzai_(n=41),0.07928822,0.019855585,-0.088993341,0.058529293,-0.065394463,0.037963317,0.0035873415,0.0029717805,-0.014204927,-0.01297961,-0.0052042683,0.000095170732,-0.00086539024,-0.0086355122,0.010920512,0.013597927,-0.00083619512,0.00013743902,0.0018570244,-0.0081602927,-0.0035940488,-0.005495,0.0026392683,-0.0030246098,0.0035950244
Passamaquoddy_(European-Mixed)_(n=4),0.0981,-0.051875,0.085175,0.090275,-0.039425,0.009575,-0.079675,-0.0923,-0.005425,-0.0207,0.008525,-0.001975,0.00375,-0.028375,0.010225,0.005525,-0.0066,-0.0007,-0.000175,-0.001225,-0.00515,0.00295,0.005475,0.0022,-0.002175
Pattapu_Kapu_(n=5),0.031415,-0.090179,-0.1738526,0.1151182,-0.0739212,0.0630852,0.000611,0.0098304,0.0563258,0.0283922,-0.0004546,-0.0018284,-0.0012786,0.0081474,-0.0058902,-0.0066562,0.0046938,0.0020018,0.0009302,0.0056028,0.0026202,0.001014,-0.0068772,0.001446,-0.00673
Pedi_(low_res)_(n=8),-0.6247465,0.065120875,0.018384625,0.015867375,0.001115625,0.01035375,0.01213225,0.00253825,-0.025872375,0.01321225,0.002659125,0.000018625,-0.012171625,0.006175875,-0.01464075,0.011750875,-0.010544875,0.037278,-0.020850125,0.003908125,-0.005147125,-0.002921375,0.002033625,0.002424875,0.001930875
Pedi_(low_res)_o1_(n=1),-0.624889,0.06804,0.022627,0.013243,-0.012002,-0.001116,0.058518,-0.035306,-0.017385,0.010023,-0.004222,-0.016935,-0.005203,0.009083,0.009093,-0.006629,-0.009388,0.081714,-0.029916,-0.001876,-0.009733,-0.008408,0.008751,-0.003133,0.002395
Pedi_(low_res)_o2_(n=1),-0.531554,0.090382,0.016216,0.00969,-0.001231,0.009482,0.040892,-0.009692,-0.024543,0.015126,-0.000974,0.003447,-0.013082,0.013487,-0.00285,0.008353,-0.016168,0.034713,-0.014832,0.004127,0.000749,0.000989,0.005669,-0.002651,-0.011017
Penobscot_(European-Mixed)_(n=1),0.1048,-0.0088,0.0777,0.0746,-0.0192,0.0134,-0.0586,-0.0732,-0.0048,-0.0167,0.0003,0.0013,-0.0024,-0.0179,0.0101,0.0075,-0.0075,-0.0013,-0.0024,0.0006,-0.0046,0.0056,0.0054,-0.001,-0.0038
Persian_Achomi_(n=1),0.079676,0.108662,-0.064111,-0.023579,-0.042162,0.000837,-0.000235,-0.005538,-0.021884,-0.012574,-0.000974,0.00015,0.005798,0.003853,0.00855,0.003978,-0.018515,-0.000127,0.006788,-0.01063,-0.002745,0.002597,-0.002342,-0.005543,0.000599
Persian_Bandari_(n=9),0.042999889,0.075375111,-0.085815889,0.004199,-0.057172889,0.014936222,0.0021672222,-0.00094877778,-0.021452333,-0.016927667,0.0011366667,-0.00096577778,0.0033696667,-0.0029054444,0.010405222,0.020300889,-0.0048676667,0.005363,0.0042037778,-0.016271778,0.00036033333,-0.0099471111,0.0029167778,-0.0093184444,0.0054017778
Persian_Bandari_o_(n=1),-0.043253,0.079211,-0.063356,0.00646,-0.035391,0.012829,0.004465,-0.004615,-0.015748,-0.022233,-0.003248,-0.000899,0.003271,0.003441,0.001493,0.012596,-0.007562,-0.000253,-0.002388,-0.012006,-0.006114,-0.009027,-0.002711,-0.010363,0.008382
Persian_Bushehr_(n=2),0.069789333,0.10495867,-0.070508333,-0.031811,-0.053263667,-0.0014635,-0.00089833335,-0.0040321667,-0.030608834,-0.017006,0.0027745,-0.00030883335,0.0040635,0.001301,0.0031521666,0.010730333,-0.0065023335,0.0008335,0.0052143334,-0.0093686666,0.0006625,0.000861,0.0014535,-0.0054356667,0.0033955
Persian_Fars_(n=13),0.084666846,0.10182569,-0.068490846,-0.025179692,-0.044173846,0.0013087692,0.0037238462,-0.0031951538,-0.027997462,-0.016611462,0.0010367692,-0.00079538462,0.0027216923,-0.0019478462,0.0065668462,0.012392077,-0.0048243077,0.0016079231,0.0020305385,-0.010937846,0.0011518462,-0.0034813077,0.00030330769,-0.0045231538,0.0040436154
Persian_Fars_Shiraz_(n=13),0.082040077,0.093116231,-0.066228231,-0.023380231,-0.045191846,0.00060069231,0.003507,-0.003852,-0.026462231,-0.016191,-0.000087461538,-0.0035622308,0.0073644615,-0.0034406154,0.0048963846,0.014646,-0.0041521538,0.0023194615,0.001518,-0.0073786154,0.00095969231,-0.0027013077,0.00085315385,-0.0057004615,0.0045503846
Persian_Hormozgan_(n=1),0.092733333,0.114,-0.068666667,-0.038533333,-0.0469,-0.0026,0.0019333333,-0.0041,-0.036633333,-0.0154,0.0041333333,-0.0025666667,0.0045,0.0028,0.0012,0.0069333333,-0.010033333,0.0052,0.0057333333,-0.0068,0.00036666667,-0.0075,-0.0021333333,-0.0069,0.0033666667
Persian_India_Hyderabad_Muslim_Shia_(n=4),0.094473,0.0962215,-0.06260225,-0.0169575,-0.04446975,0.00076675,0.00693275,-0.00184625,-0.0333375,-0.0166745,0.002314,-0.00108675,0.00085475,-0.00650275,0.00634475,0.01438575,-0.00277075,0.002882,-0.00097425,-0.0110365,-0.00028075,-0.00216375,0.00157125,-0.0044585,0.001886
Persian_India_Zoroastrian_(Irani)_(n=1),0.091058,0.102568,-0.075047,-0.018088,-0.048009,0.004183,0.00141,-0.004615,-0.025156,-0.01385,0.002273,-0.006145,0.005203,0.000963,0.0057,0.00769,-0.011083,0.00114,0.002765,-0.006253,0.001872,-0.000124,-0.004437,-0.003253,0.000838
Persian_Iran_Zoroastrian_(n=31),0.091462323,0.10807203,-0.063623806,-0.02213071,-0.044871806,0.0038234839,0.0024789032,-0.0046077742,-0.028461774,-0.016624677,-0.000010387097,-0.00047867742,0.0042680323,-0.003817871,0.0075915806,0.012762774,-0.0045675806,0.0023376129,0.0021734194,-0.0093793871,-0.0031033548,-0.0029356452,0.00012312903,-0.0027675806,0.0052959032
Persian_Iraq_(n=3),0.0807,0.099038333,-0.058945333,-0.031154333,-0.041133333,-0.0033416667,0.0015466667,-0.0026716667,-0.022311333,-0.01255,-0.000049,-0.0014173333,0.0018756667,0.001021,0.0037713333,0.006432,-0.0087696667,0.0025336667,0.003816,-0.00816,0.00011766667,-0.003805,-0.000707,-0.001514,0.004943
Persian_Isfahan_(n=6),0.088212667,0.093090167,-0.060653667,-0.0250325,-0.043802833,-0.001162,0.0026241667,-0.0064998333,-0.0252245,-0.012331333,0.00295,-0.0014986667,0.0030228333,-0.0044038333,0.0057003333,0.0099663333,-0.0057586667,0.00033783333,0.0020321667,-0.0073785,0.00049933333,-0.0033386667,0.0012118333,-0.0037353333,0.0046901667
Persian_Kerman_(n=20),0.084717333,0.085139317,-0.0659682,-0.012352717,-0.048056183,0.0068578,0.0034557667,-0.00190305,-0.026888433,-0.0151315,-0.00067658333,-0.0013822,0.003428,-0.00431485,0.0080529833,0.013156467,-0.0064648167,0.0023864333,0.0041146167,-0.010749767,-0.0009679,-0.0039375,-0.00095015,-0.0037665667,0.0043992667
Persian_Kerman_o_(n=3),0.074517,0.066577,-0.071391,-0.0012083333,-0.053901333,0.014081,0.0034753333,-0.0022143333,-0.021643333,-0.018730667,-0.0034873333,-0.003283,0.006065,-0.0045023333,0.0086346667,0.0097956667,-0.012471,0.00038933333,0.005027,-0.012484333,-0.0041416667,-0.005823,-0.0022033333,-0.010143333,0.005665
Persian_Khorasan_(n=12),0.08631575,0.072271917,-0.064456333,-0.0054371667,-0.048419333,0.0073906667,0.00393625,-0.00173075,-0.025394917,-0.016796083,-0.0022058333,-0.00038708333,0.0016229167,-0.0063191667,0.0076228333,0.015546167,-0.000641,0.0016680833,0.0026815833,-0.0090356667,-0.0018613333,-0.0034725833,-0.001972,-0.0026809167,0.0065760833
Persian_Khorasan_o_(n=2),0.0819525,0.0350355,-0.070333,0.024225,-0.055395,0.0264945,0.005875,-0.000577,-0.0215775,-0.015581,-0.006658,-0.0017235,0.007582,-0.0037845,0.015404,0.014784,-0.0110825,0.0037375,0.006348,-0.0118185,-0.0067385,-0.002473,0.0001235,-0.009941,0.010837
Persian_Khuzestan_(n=2),0.08366,0.109677,-0.064111,-0.0347225,-0.035853,-0.0029285,0.0048175,-0.008538,-0.0256675,-0.006925,0.00138,-0.0008995,0.0070615,-0.007019,0.005157,0.0157115,0.0025425,0.0010135,0.0027025,-0.006441,0.0011855,-0.003153,0.000678,0.0005425,0.0076635
Persian_Markazi_(n=1),0.092197,0.097491,-0.065242,-0.024548,-0.043393,-0.004183,0.003995,-0.000462,-0.022907,-0.009294,-0.006333,-0.001349,0.004757,-0.003578,0.01045,-0.001856,-0.018123,0.006968,0.009302,-0.008254,-0.000624,-0.016569,-0.0053,-0.004579,0.004431
Persian_Qom_(n=1),0.095611,0.100537,-0.056568,-0.025517,-0.043393,-0.004741,0.006345,0.005077,-0.031292,-0.01221,0.004709,0.0003,-0.001635,-0.005505,-0.004207,0.014452,0.004303,0.001267,0.005656,-0.007253,-0.003743,-0.005317,-0.000123,0.001928,-0.000718
Persian_Semnan_(n=2),0.0865055,0.0787035,-0.0590195,-0.016473,-0.048932,0.0041835,0.00611,-0.0015,-0.02577,-0.0088385,-0.0056025,0.002323,0.0008175,0.0061935,0.003664,0.0066295,-0.009583,0.00038,-0.0047135,-0.0071285,-0.000936,-0.002102,-0.0015405,-0.00964,-0.0012575
Persian_Sistan_(n=1),0.080814,0.074134,-0.078441,0.018088,-0.060319,0.014223,-0.000235,-0.002308,-0.032928,-0.025331,-0.00406,-0.004346,0.002527,-0.009221,0.008415,0.012994,-0.011604,0.004561,-0.000503,-0.018509,0.003244,-0.007172,-0.003204,-0.009881,0.01425
Persian_Tehran_(n=2),0.0950425,0.106123,-0.061659,-0.031977,-0.037699,-0.002231,0.0048175,-0.0023075,-0.02894,-0.006287,0.0001625,-0.000375,0.005426,0.004404,0.0083465,-0.001392,-0.013299,0.0000635,-0.00088,-0.015695,-0.0012475,-0.007481,0.003451,-0.0033135,0.0027545
Persian_Yazd_(n=19),0.091717474,0.096421632,-0.064507421,-0.017595,-0.046340579,0.0028328947,0.0066296316,-0.0031334737,-0.029849789,-0.015585947,0.00079484211,-0.0019246316,0.0051874211,-0.0033826842,0.0068787895,0.012491421,-0.0057506316,0.0013802632,0.0018192105,-0.010274684,-0.0029880526,-0.0041195789,-0.00033736842,-0.0026572632,0.0041029474
Peruvian_Euro-Mestizo_(n=3),0.10237333,0.077458,0.054818333,0.021674,0.016352,0.00067533333,-0.042628667,-0.046505,0.010972,0.012329333,0.00082333333,0.002037,-0.0043323333,-0.0024433333,0.003279,0.001112,-0.00074833333,-0.00033766667,-0.00069866667,0.000491,0.001542,-0.00031533333,-0.00018033333,0.000993,0.00039066667
Peruvian_Indo-Mestizo_(n=104),0.065677404,-0.22113268,0.10233121,0.078133663,-0.081109413,-0.013296875,-0.24394722,-0.29171249,-0.0070386923,-0.0084947981,0.0037597981,-0.00038625962,-0.0020846346,0.014811135,-0.0060939231,0.0021448846,0.0051851058,0.00085325,0.0017990288,0.00022649038,0.0013793269,0.000095865385,-0.00022138462,0.0012008654,0.00099241346
Peruvian_Indo-Mestizo_(SSA-Mixed)_(n=16),0.026590625,-0.21768762,0.0970985,0.074909562,-0.0760115,-0.010933125,-0.23425056,-0.27745787,-0.009304125,-0.007651,0.0031195,-0.0000545625,-0.000935,0.013288187,-0.0065785,0.003079125,0.0061401875,0.0016710625,0.001806,0.0006691875,0.002759125,0.000699125,-0.0002516875,0.00128775,0.00035025
Peruvian_Mestizo_(n=37),0.078189676,-0.112575,0.081702541,0.053335676,-0.045512946,-0.010441243,-0.17201005,-0.20331524,0.00032964865,0.0030845676,0.0027593784,0.0020317568,-0.0054066757,0.0071777027,-0.001039,0.0014774865,0.0017063784,0.00053878378,0.00036010811,-0.00064424324,0.0016877568,-0.0010248378,-0.00051491892,0.0003167027,0.0007537027
Peruvian_Mestizo_(SSA-Mixed)_(n=37),0.015283297,-0.081295865,0.070726676,0.042707946,-0.035229838,-0.0068437297,-0.14484003,-0.16896343,-0.0010143784,0.0069513243,0.0021033514,0.0016558919,-0.0042283243,0.0061624324,-0.00026254054,0.00026048649,0.00013454054,0.00029332432,-0.00014421622,-0.00087589189,0.0021530541,-0.0010036757,-0.00024516216,-0.00025554054,0.0010178649
Piapoco_(n=5),0.0509928,-0.320298,0.1200752,0.10181,-0.1129442,-0.014837,-0.307394,-0.3656618,-0.0104306,-0.0170938,-0.0047744,0.0006294,0.0012786,0.0251298,-0.0056188,0.0037124,0.0082662,-0.0026098,-0.0004524,-0.0019258,-0.001772,0.0063554,-0.0036974,-0.0023616,-0.004718
Pima_(n=12),0.05226375,-0.30905933,0.10999367,0.091220583,-0.10753275,-0.01536225,-0.26804917,-0.32242892,-0.011572667,-0.016173583,0,-0.0036341667,0.0051536667,0.019060667,-0.0066840833,0.0084084167,0.00501975,0.003695,0.00427375,-0.0036370833,-0.0021420833,0.00506975,-0.00418025,0.0027111667,0.000958
Pima_(European-Mixed)_(n=1),0.054635,-0.285364,0.103331,0.083334,-0.096941,-0.017291,-0.246056,-0.299295,-0.007158,-0.007289,0.002436,0.001199,0.002973,0.016928,-0.008686,0.004375,0.008736,-0.00152,0.001885,-0.003502,0.000125,0.0115,-0.000863,0.002169,0.001557
Pitjantjatjara_(European-Mixed)_(n=1),0.048992,-0.050951,-0.081498,0.157341,0.090348,-0.142036,0.008689,0.00225,0.033691,0.025113,-0.06433,0.001469,0.015173,-0.004616,-0.021758,0.001167,0.007393,-0.02743,-0.020886,0.041749,-0.00263,0.071584,0.013,0.014903,0.131615
Polish_(n=68),0.1317,0.12943516,0.069706324,0.0579595,0.039839912,0.02281575,0.0088646324,0.010584368,-0.000767,-0.018194059,-0.0037062794,-0.0065786912,0.013066824,0.018753191,-0.0073708235,-0.00052058824,0.0021897059,-0.00021980882,0.0027061765,0.00099129412,-0.0036259706,-0.0030840735,0.0056911324,-0.0031949559,-0.00041204412
Polish_Belarus_(n=1),0.13793,0.1288,0.080165,0.067124,0.046892,0.026046,0.009786,0.012701,0.001819,-0.021824,-0.004583,-0.010997,0.019998,0.041002,-0.016089,-0.001618,0.005696,-0.001082,0.007419,0.003321,0.003088,-0.015183,0.005882,-0.0043,0.006036
Polish_Estonia_(n=12),0.13852625,0.1275145,0.078720583,0.066423583,0.043145417,0.025677667,0.010099667,0.012798333,-0.00035483333,-0.022365417,-0.0036954167,-0.0091674167,0.017239417,0.03142,-0.012175833,-0.00148025,0.0038146667,-0.00098266667,0.005161,0.0021523333,0.00075733333,-0.00948575,0.00476575,-0.0020508333,0.0028915
Polish_Estonia_o1_(n=2),0.137422,0.1020555,0.0871405,0.078785,0.0324075,0.024204,0.012554,0.017195,-0.0017065,-0.0307425,0.0028775,-0.01139,0.0214015,0.013689,-0.0096525,-0.0020345,0.000103,-0.002399,-0.001539,0.000205,-0.0032275,0.0023565,0.0030435,-0.000929,-0.0015075
Polish_Estonia_o2_(n=1),0.134423,0.109705,0.077352,0.06619,0.030677,0.022415,0.009645,0.01348,-0.001673,-0.022572,0.000784,-0.007265,0.01189,0.0098,-0.004348,-0.001658,-0.000794,-0.001287,0.001019,0.001214,-0.000918,0.000746,0.002439,0.000826,-0.000262
Polish_Kuyavia-Pomerania_Bydgoszcz_(n=70),0.13312423,0.12985724,0.072606457,0.061051614,0.041840729,0.0241559,0.0088295571,0.0115215,-0.00080348571,-0.018369371,-0.0028348429,-0.0062815429,0.011310943,0.018494486,-0.0058825,0.00088071429,0.0016521714,-0.000029014286,0.0020398571,0.0015524857,-0.0029644143,-0.0027751857,0.0055444143,-0.0022084714,-0.00015738571
Polish_Kuyavia-Pomerania_Wloclawek_(n=1),0.124067,0.13405,0.06939,0.062662,0.037545,0.029562,0.01034,0.011307,0.003068,-0.019135,0.000487,-0.007044,0.018583,0.027937,-0.009229,-0.008751,-0.012517,-0.002534,0.004777,-0.005378,-0.003993,-0.005812,0.006039,0.001084,0.005029
Polish_Malopolska_Krakow_(n=141),0.13204285,0.12922433,0.068531624,0.058378241,0.040308596,0.022327071,0.0088602482,0.011179539,0.00022338298,-0.018160298,-0.0025037801,-0.0065346099,0.012660418,0.020415979,-0.0088381844,-0.001302383,0.00099587234,-0.00003412766,0.0035284681,0.00095343262,-0.0040575816,-0.0029808014,0.0061982057,-0.0024287518,-0.00031507801
Polish_Mazovia_(n=2),0.129758,0.127449,0.0671275,0.070091,0.042623,0.0242635,0.012808,0.0144225,-0.011658,-0.022324,-0.0077945,-0.008318,0.014123,0.0180285,-0.012283,-0.0046405,0.0057365,-0.0017105,0.006222,0.001813,-0.00131,-0.003339,0.0158375,0.0019275,0.001856
Polish_Mazovia_Warsaw_(n=186),0.13289763,0.12858458,0.071902306,0.062179237,0.041304527,0.024387935,0.0089921344,0.011755065,-0.00036286559,-0.020426145,-0.0029535215,-0.007005043,0.013827048,0.020253522,-0.0087415538,0.00021314516,0.0026918065,-0.000156,0.0029194194,0.001086543,-0.0036038656,-0.0033087312,0.006088828,-0.0028193441,-0.00035860753
Polish_Podkarpackie_(n=1),0.134311,0.139128,0.066373,0.055879,0.050163,0.022032,0.003525,0.00923,0.002659,-0.007654,0.000487,-0.005845,0.004906,0.021332,-0.005293,-0.000398,0.002477,0.004181,0.00993,0.008504,-0.000624,-0.002226,0.002711,-0.008555,0.002155
Polish_Pomerania_Gdansk_(n=10),0.1334008,0.1308002,0.0709742,0.0595612,0.0424695,0.0232595,0.0106931,0.0133839,-0.0004091,-0.0186794,-0.0023058,-0.0055753,0.0129334,0.0184,-0.0070576,-0.0019624,-0.0007301,0.0001773,0.0018604,-0.0000126,-0.00423,-0.0033881,0.004671,-0.0014217,-0.0005028
Polish_Pomerania_Sztum_(n=1),0.133936,0.127334,0.074661,0.062712,0.043423,0.024054,0.009544,0.012946,0.001183,-0.017685,-0.004184,-0.007523,0.013422,0.019944,-0.007729,0.001377,0.002776,-0.000324,0.002008,0.000775,-0.003131,-0.004153,0.003767,-0.002144,0.000089
Polish_Silesia_(n=2),0.1314655,0.1304955,0.0705215,0.0499035,0.0375455,0.019383,0.0045825,0.0130375,0.000307,-0.014943,-0.001705,-0.0006745,0.0021555,0.0147945,-0.0070575,-0.0025855,0.010887,0,-0.0017595,0.002126,-0.00156,-0.002349,0.004252,0.007049,-0.000479
Polish_Ukraine_Galicia_(n=2),0.132966,0.1366355,0.0678935,0.0545325,0.038768,0.0245985,0.008177,0.0102815,-0.0008235,-0.013895,-0.0036335,-0.006633,0.00953,0.020368,-0.007918,-0.0016905,0.005045,0.0010635,0.0051025,-0.0008555,0.000299,-0.0034195,0.0036345,0.0017855,0.002221
Polish_Ukraine_Podolia_(n=2),0.1303275,0.129988,0.058642,0.05168,0.0383145,0.0163155,0.0071675,0.0099225,-0.0049085,-0.015581,-0.0034915,-0.007119,0.0072845,0.01273,-0.0118075,0.0100105,0.0124515,0.0002535,0.0010685,0.0008755,-0.00574,-0.003586,0.00758,-0.002892,0.001437
Polish_Ukraine_Volhynia_(n=13),0.13819108,0.12999531,0.076654538,0.064130923,0.043594538,0.025319615,0.0094080769,0.01207,0.00028392308,-0.019067692,-0.0044028462,-0.007461,0.013715462,0.027542077,-0.0092169231,-0.00039361538,0.0028373846,-0.00054992308,0.0058917692,0.0019059231,0.00042015385,-0.0084088462,0.0042341538,0.000058230769,0.0027857692
Polish_Warmia-Masuria_(n=5),0.1383056,0.1295504,0.079019,0.0662786,0.0438528,0.0255912,0.0093906,0.0123074,0.0015352,-0.0182962,-0.0040682,-0.006547,0.0120518,0.021111,-0.0046536,0.001129,0.0007494,-0.000458,0.0045894,0.0020886,0.000675,-0.005661,0.0032842,0.0012704,0.0016504
Polish_Wielkopolska_(n=11),0.13265555,0.13469609,0.069561636,0.059255818,0.038440636,0.022362,0.0082891818,0.0076780909,0.000037272727,-0.019631818,-0.0041187273,-0.0066621818,0.012149545,0.015864182,-0.0068847273,0.0016753636,0.0018372727,0.00056445455,0.0010512727,0.000898,-0.0046735455,-0.0028326364,0.0067449091,0.0042282727,-0.0013932727
Polish-American_Illinois_(n=9),0.13805356,0.13455756,0.073925556,0.059511556,0.043123556,0.023012889,0.009714,0.012425556,-0.000011888889,-0.01522,0.0028652222,-0.0048533333,0.007963,0.013099333,-0.0066934444,-0.0021978889,0.0028253333,-0.0012424444,0.00037488889,0.0017425556,0.00010677778,0.00011944444,0.0019061111,0.00035166667,-0.00043544444
Pomak_Bulgaria_(n=24),0.12302371,0.13481158,0.027404083,0.0057467083,0.024542958,0.0024170417,0.004465,0.0031921667,-0.0016277083,0.0032954167,0.00015566667,-0.0015360833,0.0033139167,0.011611917,-0.012961333,-0.0021545833,0.005286,-0.00029041667,0.0041007917,-0.00223025,-0.0058490833,-0.00095833333,0.0035125,0.000522125,-0.0022203333
Pomak_Greece_(n=11),0.12417064,0.134973,0.024033091,-0.00052854545,0.021934,0.00065918182,0.0022219091,0.002832,-0.00251,0.0060139091,0.0013434545,-0.0010218182,0.0034463636,0.009321,-0.014312364,0.00067527273,0.0071119091,-0.0019578182,0.0041937273,-0.0012053636,-0.0057511818,-0.0023270909,0.003563,0.00058036364,-0.0025038182
Pomak_North_Macedonia_(n=2),0.1195145,0.1360805,0.0224385,-0.008398,0.022004,-0.0029285,0.0034075,0.0008075,-0.003886,0.0051935,-0.001218,0.000599,-0.000149,0.0064685,-0.018051,0.005171,0.0123865,0.0008235,0.003394,0.0003125,-0.000499,0.0015455,0.005731,-0.0003615,0.001317
Ponca_(European-Mixed)_(n=1),0.0643,-0.265397,0.103796,0.082782,-0.090568,-0.013663,-0.215704,-0.257161,-0.011458,-0.019152,0.001576,-0.004208,0.00504,0.007222,-0.011784,0.000802,0.005391,0.002914,0.005544,0.001756,0.002053,-0.000146,-0.000145,0.004257,0.003011
Porja_(n=3),0.0041733333,-0.245081,-0.16417333,0.092270333,0.016823333,0.060519333,-0.0057966667,0.0064613333,0.060471,0.035536333,0.031286667,0.0062443333,-0.0055496667,0.013716333,-0.022439,-0.0198,0.012038667,-0.0043916667,-0.004986,0.034891667,0.0022043333,0.017641,-0.0076413333,0.011126,0.0060673333
Portuguese_(n=54),0.10437014,0.1448952,0.037173499,-0.0034089926,0.04220484,-0.0033778874,-0.003401937,0.0029970748,0.025839181,0.029040641,-0.0023557796,0.0062321719,-0.012222189,-0.011196649,0.010799551,-0.0015183393,-0.0030798074,-0.00096792444,-0.0043671878,-0.00083191259,0.001744523,-0.0023202933,0.0012529078,-0.0018361115,-0.00036340611
Portuguese_Azores_(n=32),0.10034778,0.14390564,0.0346415,-0.0054237969,0.041075922,-0.0037920469,-0.0027358688,0.0026629594,0.023273634,0.029760619,-0.0014713656,0.0062874938,-0.011237241,-0.011169553,0.0090152438,-0.00057896875,-0.0016438844,-0.0017510687,-0.0047809,-0.0012471,0.00069842188,-0.0038476469,0.0016982188,-0.000085328125,0.0009244375
Portuguese_Azores_(Flemish-Admixed)_(n=4),0.11729425,0.14165338,0.049276375,0.02269675,0.039529875,0.008546,0.002167,0.003613,0.01201025,0.0153815,-0.003659,0.00544975,-0.0119235,-0.008035,0.01357975,0.00188825,-0.00422875,0.0011185,0.00013225,0.001504,0.00345525,0.00008375,0.00022525,0.00622625,0.00016825
Portuguese_Madeira_(n=1),0.103579,0.14319,0.031678,-0.004199,0.041238,0.000558,0.00047,0.002077,0.020861,0.032256,-0.000162,0.010641,-0.009812,-0.016102,0.006515,-0.007823,0.007171,-0.004054,-0.013827,-0.001,-0.001373,0.001607,0.00493,-0.007591,0.001796
Potawatomi_(European-Mixed)_(n=2),0.101509,-0.0667195,0.0889265,0.0654415,-0.02397,0.0041175,-0.0979465,-0.118242,-0.0026745,-0.00999,-0.00171,-0.0009285,0.0006475,0.0089195,0.0007485,0.002299,-0.001117,0.002266,0.0076935,0.0030475,0.003929,-0.0033185,0.000835,0.0067845,0.0027765
Poumai_Naga_Manipur_(n=3),0.016694,-0.43837033,-0.0031426667,-0.045973667,0.032519,0.012457333,0.010105333,0.0021536667,-0.000068333333,0.011663333,-0.080707,-0.008942,0.0088206667,-0.0056883333,-0.013662667,0.0030496667,0.005867,-0.003674,-0.005363,0.0037933333,0.0013726667,0.025513667,0.007477,0.0022893333,0.042471
Puerto_Rican_(n=1069),0.0088446342,0.078403145,0.044487944,0.0092699963,0.016574471,-0.0038929579,-0.042546036,-0.044984779,0.013033766,0.022714568,-0.000045292797,0.0039801572,-0.006408508,-0.0049998195,0.0054533265,-0.00066405332,-0.00099956324,-0.00080349673,-0.0026357923,-0.00022758653,0.0015358241,-0.0018745098,-0.00015387839,-0.00089210009,0.00074399813
Pumi_(n=13),0.019525077,-0.43378731,0.0051347692,-0.047307077,0.030917,0.0072081538,0.0071766154,0.0049168462,-0.0029577692,0.010611692,-0.079945154,-0.011193923,0.0088397692,-0.0039804615,-0.010147692,-0.0030393846,0.0024774615,-0.00039961538,-0.009843,0.0013756923,0.0031003077,0.023142077,0.0080396154,0.0014645385,0.036376308
Pumi_o_(n=1),0.018212,-0.441755,0.004525,-0.055556,0.062473,0.021196,0.00799,-0.002769,-0.007567,0.008747,-0.068041,-0.007194,0.00996,-0.012524,-0.010315,-0.002519,0.008736,0.001267,-0.008799,-0.007128,0.002995,0.026338,0.013064,0.000602,0.025746
Punjabi_Arain_(n=27),0.073830816,0.013234325,-0.10964466,0.065735657,-0.075307114,0.044335067,0.0026550304,0.0022541574,-0.012591418,-0.0087304774,-0.0055195763,-0.00048949111,-0.00073490667,-0.0049537152,0.012841075,0.011229452,-0.0066886574,0.00013921037,0.0028466878,-0.011799778,0.0005128063,-0.0058926293,0.0009661,-0.0039762633,0.00095770333
Punjabi_Arora_(n=5),0.072619,0.0069056,-0.1071024,0.0699618,-0.0729984,0.0430608,0.002961,0.0005074,-0.0066672,-0.0054308,-0.0055212,-0.003357,0.0014866,-0.0082572,0.0109662,0.007319,-0.0062846,0.0029138,-0.000352,-0.0165328,-0.0069128,-0.0080868,0.000986,-0.005133,0.0040236
Punjabi_Awan_(n=8),0.07321595,0.0024569875,-0.10838756,0.075054025,-0.071902675,0.045265725,0.002367475,0.0025258625,-0.005124625,-0.00458815,-0.0071677625,0.0018041,-0.00146705,-0.0075831875,0.01031315,0.01252495,-0.002450675,0.001471425,0.001582825,-0.0076605625,-0.0034177,-0.0057373,0.0035350625,-0.007096375,0.00115245
Punjabi_Bania_Gupta_(n=1),0.044391,-0.055854,-0.150471,0.108852,-0.086478,0.058846,-0.000235,0.01523,0.040291,0.018406,-0.011854,-0.00015,0,-0.006331,0,-0.002652,-0.006389,-0.001267,-0.005405,-0.002251,-0.003494,-0.001237,-0.000246,0.003494,0.001437
Punjabi_Brahmin_(n=5),0.0669056,-0.0132352,-0.1114354,0.0875158,-0.068675,0.0507166,0.0016634,0.0078044,0.0064732,-0.0007828,-0.0078876,0.0009704,-0.0009998,-0.006144,0.0059124,0.0091456,0.0025872,0.0014918,0.0018266,-0.0041074,-0.0011874,-0.0029892,0.003806,-0.0002572,0.0005828
Punjabi_Brahmin_Doaba_(n=1),0.064879,-0.0162485,-0.1091765,0.078166,-0.0720135,0.0471325,-0.0010575,0.009692,-0.0005115,0.000547,-0.0086875,-0.0015735,-0.001561,-0.001307,-0.00095,-0.004641,0.00515,0.000887,-0.002451,-0.00519,-0.006676,-0.0034005,0.0028345,0.0003615,-0.000239
Punjabi_Brahmin_Malwa_(n=1),0.073985,-0.006093,-0.104085,0.088825,-0.073244,0.051874,-0.002585,0.005077,0.002863,0.001276,-0.007307,0.003897,-0.000149,-0.005643,0.003393,-0.001458,-0.000391,-0.000253,0.003394,-0.008379,0.001373,-0.010634,0.003204,0.005784,0.009939
Punjabi_Brahmin_Potohar_(n=1),0.068294,-0.017264,-0.108611,0.081396,-0.074783,0.047411,0.001175,0.006231,0.001023,-0.002916,-0.005034,0.001349,0,-0.00812,0.011401,0.004773,-0.001434,0.001014,0.001257,-0.010755,-0.003494,-0.003215,-0.004314,-0.007712,0.003233
Punjabi_Chamar_(n=1),0.052199,-0.046643,-0.131027,0.094205,-0.070802,0.043905,0.000555,0.002922,0.019819,0.012954,-0.005911,0.001986,-0.001056,-0.000775,-0.000191,0.000759,0.000812,-0.000863,0.000286,-0.001299,-0.00139,-0.000045,-0.000442,-0.00023,0.003303
Punjabi_Chuhra_Christian_India_(n=2),0.039269,-0.0919055,-0.17423,0.1222565,-0.070475,0.0626105,-0.000235,0.0098075,0.052767,0.0336225,-0.005765,0.002473,0.001115,0.001101,-0.007668,-0.0092815,-0.00352,-0.001457,-0.00088,-0.0013135,0.0061765,0.003091,0.0028345,-0.002892,-0.004012
Punjabi_Dalit_Sikh_(n=14),0.042277071,-0.080734571,-0.15809436,0.11452757,-0.068474286,0.061734357,-0.0029543571,0.0090655,0.0461055,0.029548357,-0.0041872143,0.0010385,-0.0024637143,0.0030472857,-0.0062140714,-0.0035988571,0.0064632143,0.00088692857,-0.00096957143,0.0053418571,0.0035473571,0.0026584286,-0.000043928571,0.0010931429,-0.0036267143
Punjabi_Hindu_India_(n=26),0.072146346,-0.0099599615,-0.10907485,0.082750115,-0.068995038,0.048494846,0.0016178846,0.0051122692,0.0021867692,-0.0036097308,-0.0064643077,0.00027665385,0.00011446154,-0.0070187692,0.0081484231,0.0074046154,-0.0015746923,-0.00017538462,-0.00055123077,-0.0077056538,-0.0019532308,-0.0033529231,0.0034935,0.00065330769,-0.00066776923
Punjabi_Hindu_India_o_(n=1),0.050082,-0.059916,-0.162539,0.109821,-0.08063,0.052153,-0.000235,0.00923,0.033951,0.018224,-0.008607,-0.00015,-0.002379,-0.002064,-0.003393,0.009812,0.005346,0.00114,-0.000251,0.003627,0.003494,0.000618,-0.002835,-0.000964,0.001317
Punjabi_Jat_Muslim_(n=12),0.072758667,0.0056356667,-0.102592,0.0798005,-0.072587333,0.049309917,0.0045070833,0.0050654167,-0.0026733333,-0.00523825,-0.0064100833,-0.00087991667,0.00063725,-0.0084743333,0.011689583,0.015185417,-0.0022808333,-0.00055508333,0.003198,-0.0122205,-0.0010651667,-0.0069375,0.0035829167,-0.0016971667,0.0024426667
Punjabi_Jat_Sikh_(n=60),0.07764635,0.01067995,-0.090471233,0.08131525,-0.06607895,0.0471278,0.0022520833,0.0040075333,-0.0015885167,-0.0097799333,-0.0052208,-0.00036721667,-0.00089193333,-0.0082734833,0.012165067,0.0098889833,-0.0035724833,0.00069045,0.0019797833,-0.0097567167,-0.0025226667,-0.0049956167,0.00153445,-0.0012752667,0.001892
Punjabi_Jat_Sikh_o1_(n=8),0.066728875,-0.014852,-0.10724362,0.08890575,-0.065242875,0.051385625,-0.00044075,0.006518875,0.00756725,0.000501,-0.0043035,0.00091775,0.00258275,-0.0047825,0.00624325,0.005850625,-0.00228175,0.0004275,0.000392625,-0.006596875,-0.00068625,-0.004389625,0.00399,0.001445875,0.0031135
Punjabi_Jat_Sikh_o2_(n=1),0.0800215,0.02593284,-0.08797606,0.06243348,-0.0558258,0.03779272,0.00347348,0.00505668,-0.00146394,-0.00352094,-0.00415422,0.001241,-0.002588,-0.00391088,0.00759064,0.00934194,-0.00085268,0.00189786,0.00316118,-0.00993418,0.0000245,-0.00341324,0.00140442,-0.00031666,0.00078593
Punjabi_Kamboj_Punjab_(n=6),0.0777095,0.016492,-0.10049317,0.062115333,-0.068727833,0.041427,0.003115,0.0031671667,-0.0095811667,-0.0076268333,-0.0039208333,-0.000916,-0.0011355,-0.006931,0.00848,0.012989667,-0.00042683333,0.00040283333,0.001861,-0.011364,-0.00065066667,-0.0078833333,0.00023083333,-0.0029526667,0.0023113333
Punjabi_Kamboj_Rajasthan_(n=11),0.075433727,0.013571455,-0.098737,0.064805545,-0.066753636,0.042366,0.0027559091,0.0033984545,-0.0079763636,-0.0081010909,-0.0037643636,0.00024518182,-0.00058109091,-0.0074691818,0.0084146364,0.010113,-0.0043264545,-0.00097881818,0.0013826364,-0.0090496364,-0.0020985455,-0.0043840909,0.0019719091,-0.0010296364,0.0023732727
Punjabi_Kamboj_Rajasthan_o_(n=3),0.044770333,-0.074472333,-0.15122567,0.11218933,-0.075603667,0.063773333,-0.0026633333,0.013691667,0.048676667,0.03177,-0.006333,0.00069933333,-0.002329,0.00367,-0.0087766667,-0.014187,-0.0023906667,-0.00063333333,0.000042,0.004085,0.000333,0.0025553333,0.00090366667,0.0030523333,-0.006746
Punjabi_Khatri_(n=22),0.074295409,0.0053547273,-0.10459964,0.070707636,-0.071915409,0.045674727,0.0034822727,0.0043005909,-0.0080135909,-0.0087887727,-0.0059272727,0.0010831818,-0.00027027273,-0.0080759091,0.010339409,0.011185636,-0.0023825455,0.00050677273,0.000091363636,-0.012142227,-0.0017696818,-0.006756,0.0022912727,-0.0019992273,0.0010721818
Punjabi_Khatri_o_(n=2),0.0682935,-0.0182795,-0.1129475,0.092378,-0.073552,0.051037,0.0034075,0.007269,0.0143165,0.0056495,-0.006983,-0.0017235,-0.0014865,0.0006195,0.0035965,0.003182,-0.0039765,0.0009505,0.001257,-0.0085665,0.004492,-0.005564,0.001849,0.003253,0.001078
Punjabi_Lahore_(n=39),0.069899128,-0.0070826154,-0.11564072,0.078911385,-0.073923026,0.047461487,0.0022174103,0.0067630513,0.0010016667,-0.0024484872,-0.0053338205,-0.00046874359,0.00035451282,-0.0057555641,0.0091106667,0.0093424872,-0.0040218205,0.00099071795,0.0013633077,-0.010072103,-0.0019037949,-0.0059828718,0.0019214615,-0.0027744872,0.00078305128
Punjabi_Lahore_(Dalit_Profile)_(n=42),0.04729069,-0.073577524,-0.15373952,0.11041298,-0.069741857,0.061110286,-0.0016618095,0.012378619,0.042068667,0.024363238,-0.0053163333,0.0012846429,-0.0011079286,0.0025853571,-0.003987619,-0.0041924286,0.0019991905,0.00030461905,-0.00049390476,0.001878881,0.001167619,0.00040333333,0.00026695238,0.0024500476,-0.003717881
Punjabi_Lahore_o_(n=15),0.0592638,-0.0376422,-0.12993073,0.092227333,-0.070659267,0.054885667,0.00034466667,0.0087074,0.0199342,0.010533267,-0.0049906,0.0012388667,0.0013974,-0.0056332667,0.0020448,0.0040660667,0.0025295333,-0.001385,0.0002012,-0.0043104667,-0.0001496,-0.0022834667,0.0010601333,-0.0001446,-0.0010300667
Punjabi_Lohar_Muslim_India_(n=1),0.072847,-0.014217,-0.116907,0.083657,-0.071398,0.051037,-0.00282,0.006461,0.0045,-0.00328,-0.002273,-0.002847,0.012785,-0.005092,0.009093,0.006232,-0.005215,0,-0.007793,-0.003502,-0.004617,-0.002968,0.006532,-0.005061,0.005748
Punjabi_Lubana_Sikh_(n=3),0.062426667,-0.026732667,-0.122184,0.099172333,-0.069304333,0.056698,-0.0044603333,0.0027853333,0.015697,0.0050833333,-0.0086603333,-0.0046773333,0.0019376667,-0.0080383333,0.0050886667,0.010157,0.0073546667,-0.00389,-0.0025123333,-0.0011906667,0.0013916667,-0.002829,0.007968,0.0018046667,-0.0033496667
Punjabi_Maliar_(n=1),0.071709,0.012186,-0.111628,0.075582,-0.071398,0.046575,0.005875,0.008769,-0.008385,-0.005467,-0.005196,0,-0.00669,-0.003578,0.008279,0.0118,0.00678,0.002027,-0.004777,-0.003126,0.000499,-0.005317,0.007272,-0.007109,-0.003473
Punjabi_Mughal_(n=2),0.0722775,-0.019295,-0.1091765,0.0828495,-0.0686285,0.048527,0.0038775,0.006577,0.00859,0.0016405,-0.007551,-0.0017235,-0.002081,-0.0067435,0.0052935,0.0141205,0.0022815,0.0054475,0.004525,-0.0090045,-0.0033065,-0.005317,-0.002342,0.0018675,0.0002395
Punjabi_Muslim_India_(n=3),0.064499667,-0.016587,-0.11917,0.073751667,-0.068115,0.049084667,-0.00047,0.0035383333,0.011453667,0.0092333333,-0.0042763333,0.0036463333,-0.0033203333,-0.0042666667,0.0046596667,0.007867,0.0053023333,0.0024073333,0.002598,-0.001334,0.000541,-0.005482,0.003862,-0.001044,-0.0013173333
Punjabi_Muslim_Pakistan_(n=2),0.074554,0.003554,-0.1146445,0.073967,-0.0753985,0.0454595,0.00423,0.000346,-0.009715,-0.011025,-0.011367,-0.002698,-0.0007435,-0.0114225,0.006854,0.0159105,0.007041,-0.0005065,0.0002515,-0.0045645,-0.0000625,-0.005812,0.003697,-0.00482,0.0053885
Punjabi_Nai_(n=1),0.063741,-0.015233,-0.118793,0.082042,-0.079399,0.054663,0.00235,0.007384,0.009408,0.006378,-0.010718,0.000599,-0.003271,-0.007432,0.013029,0.019093,0.01004,-0.001394,-0.004148,-0.008629,0.005241,-0.008903,0.003204,0.001325,0.005389
Punjabi_Rajput_(n=9),0.071708556,-0.0038366667,-0.10949067,0.079888667,-0.069995889,0.048403111,0.00188,0.0063075556,0.0031587778,-0.0023286667,-0.005413,0.0013154444,-0.0010736667,-0.0086702222,0.0084147778,0.0093107778,0.00088366667,0.00070388889,0.0011733333,-0.0088513333,0.0018716667,-0.0042041111,0.0012735556,-0.0032265556,0.0030202222
Punjabi_Rajput_Potohar_(n=16),0.069076375,0.001079,-0.11511613,0.076894188,-0.074533062,0.05021775,0.00170375,0.0049325625,-0.00107375,-0.0060251875,-0.0016034375,-0.0015079375,0.0002136875,-0.0085755,0.011256375,0.01196625,-0.003080375,0.000047375,0.0008248125,-0.014561625,-0.0019651875,-0.0065304375,0.0006163125,-0.006936,0.001549125
Punjabi_Ramgarhia_Tarkhan_Sikh_(n=13),0.070657769,-0.009296,-0.10974223,0.082762538,-0.071066462,0.049900077,0.0020246154,0.0063015385,0.005475,-0.0010653846,-0.005821,-0.000196,-0.00029730769,-0.0038323077,0.006859,0.0060073846,-0.0037911538,-0.000077923077,0.00088953846,-0.0082443077,-0.0025723846,-0.0048035385,0.0021710769,0.000825,-0.000055307692
Punjabi_Saini_Sikh_(n=7),0.069096857,-0.010472143,-0.12305157,0.082082143,-0.073585857,0.048556857,0.0021284286,0.0075178571,0.0031068571,-0.000040428571,-0.0056591429,0.00076042857,-0.0023632857,-0.0030814286,0.004145,0.0045705714,-0.0011431429,0.00049971429,0.000725,-0.0059395714,-0.0014418571,-0.0018845714,0.00064885714,-0.001769,0.001245
Punjabi_Sikh_India_(n=47),0.072749894,0.00075629787,-0.10378043,0.080722511,-0.070121,0.047708064,0.0016350213,0.0043991489,-0.0008442766,-0.0054166809,-0.0057630426,-0.00017219149,-0.00034793617,-0.0070803617,0.010372532,0.0084885957,-0.0039448085,0.0010835319,0.00077291489,-0.010388064,-0.0022964681,-0.005469617,0.00085746809,-0.00071785106,0.000428
Punjabi_Sikh_India_o_(n=3),0.061464333,-0.034528,-0.13274633,0.096684667,-0.070987667,0.058195333,0.0012533333,0.008846,0.020793333,0.012148667,-0.0023276667,0.0029973333,0.0057976667,-0.00073433333,0.0030763333,0.0034033333,0.003086,0.0016893333,0.00088,0.0030016667,0.0024956667,0.000082333333,0.005505,0.00060233333,-0.0044703333
Punjabi_Syed_(n=3),0.061843667,-0.020649,-0.115399,0.075043667,-0.070167,0.044436667,0.0024283333,0.0029996667,0.0083173333,0.0051633333,-0.0064956667,0.001099,0.000049333333,-0.0057343333,0.007148,0.0059223333,-0.010387,-0.000169,0.003687,-0.007462,-0.0053656667,-0.003957,0.0018076667,-0.0047793333,-0.00023933333
Punjabi_Tarkhan_Muslim_(n=1),0.075123,-0.007109,-0.11389,0.080104,-0.074783,0.043228,0.010105,0.006461,-0.003272,-0.011845,-0.003085,-0.003297,0.003717,-0.009496,0.003122,0.015248,0.002738,-0.00152,0.000377,-0.001751,-0.006114,-0.001607,0.007025,-0.006627,0.008502
Qashqai_(n=1),0.091058,0.079211,-0.054305,-0.03876,-0.042777,-0.004183,0.005405,-0.001385,-0.026384,-0.003098,0.006658,0.00015,0.000743,0.001789,0.000679,0.028242,0.0103,0.0019,0.004022,-0.004002,-0.001497,0.000124,0.005053,-0.007712,-0.001078
Qatari_Arab_(n=3),0.056911667,0.13168033,-0.06619731,-0.091680058,-0.013801623,-0.041303701,-0.0060364161,-0.005923,0.044995333,-0.0075933333,0.012449667,-0.027176,0.060257333,0.0053673333,0.006605,0.033235667,-0.021861333,0.0066303333,-0.0037706667,0.025118792,0.010937211,0.0086288511,-0.0069918767,0.0053811333,-0.0057890089
Qiang_Guizou_Tongren_Jiangkou_(n=11),0.018522,-0.44960255,-0.017655909,-0.067272091,0.091597364,0.040413909,0.0011536364,-0.0055801818,-0.015971455,-0.0046718182,-0.035740182,-0.0040328182,0.0048651818,-0.0072065455,-0.0012338182,0.0032063636,0.00049790909,-0.0010711818,-0.0058963636,-0.012892636,0.012738818,0.0052385455,0.014677727,-0.0010954545,0.00063136364
Qiang_Sichuan_Garze_Danba_(n=8),0.020772625,-0.44035888,0.00933375,-0.05547525,0.037430125,0.010353625,0.006609375,0.002567,-0.0017385,0.00845125,-0.084929125,-0.008504875,0.00862225,-0.005677,-0.011621125,-0.002055125,0.00397675,-0.004687375,-0.006552,0.000469,0.003587375,0.023509375,0.01026025,-0.00200325,0.029637875
Qiang_Sichuan_Garze_Danba_o_(n=1),0.020488,-0.447848,-0.010182,-0.070737,0.078168,0.03514,0.00141,-0.007384,-0.019021,-0.004556,-0.0544,-0.007493,0.005946,-0.006055,-0.003664,-0.004243,0.008084,-0.0019,-0.008799,-0.014882,0.006738,0.010263,0.015036,-0.003374,0.003712
Qiang_Sichuan_Garze_Daofu_(n=8),0.023760625,-0.42677625,0.013717875,-0.044574,0.022080875,0.003835,0.00655075,0.007961125,-0.001329375,0.01129875,-0.08840025,-0.00932925,0.014383,-0.00333725,-0.010077125,-0.003082875,-0.000277125,-0.00321475,-0.010150125,0.00404875,0.00227725,0.023493875,0.009536125,-0.00031625,0.034458
Qiang_Sichuan_Garze_Daofu_o_(n=3),0.022764333,-0.450218,-0.005154,-0.059001333,0.060011333,0.026866667,0.0014883333,-0.0013076667,-0.00709,0.0035233333,-0.057702,-0.0081426667,0.0080773333,0.000459,-0.0035286667,0.00026533333,0.002912,-0.0021536667,-0.0057403333,-0.0081706667,0.010523,0.013066,0.013762333,0.00088366667,0.0092603333
Qizilbash_(n=1),0.073985,0.054839,-0.068259,0.005168,-0.053548,0.009482,0.000705,0.000923,-0.015953,-0.009659,0.001949,-0.000899,0.002081,-0.003853,0.007465,0.013657,-0.01004,0.003167,0.007165,-0.010255,-0.000374,-0.005688,0.003574,-0.008435,0.007424
Quechua_Peru_(n=21),0.056044238,-0.29024795,0.11579405,0.090947571,-0.10656938,-0.016826381,-0.28627652,-0.342601,-0.012943476,-0.01454419,-0.0025750476,-0.0020410476,-0.00045314286,0.021691952,-0.005041,0.006206381,0.0064509048,-0.00092304762,-0.00051485714,0.00004752381,-0.0023649524,0.0048459048,-0.0017958571,0.00019509524,-0.002383619
Quechua_Peru_(European-Mixed)_(n=3),0.056532333,-0.25219,0.10647367,0.083549333,-0.087298333,-0.014967,-0.26485667,-0.313602,-0.011385,-0.012027333,-0.0019486667,-0.003497,-0.0024283333,0.022708,-0.0025336667,0.010563,0.0061276667,0.00067533333,0.001676,0.000417,-0.00029133333,0.0098923333,0.0033686667,0.0034946667,0.001876
Quechua_Peru_Titicaca_(n=16),0.057551875,-0.30662656,0.12074931,0.0949015,-0.11390594,-0.020306625,-0.29702413,-0.35472069,-0.014316625,-0.017335125,-0.002283625,-0.0017890625,0.0020998125,0.02253575,-0.0066249375,0.00461575,0.0079371875,0.00017425,0.0002358125,-0.0002813125,0.00107625,0.0055798125,-0.0019564375,0.000255875,-0.0023949375
Rai_(n=5),0.0213988,-0.408446,-0.007995,-0.0306204,0.0214196,0.0175698,0.0094472,0.0065076,0.0101442,0.0196086,-0.0758354,-0.0091718,0.0079086,-0.003578,-0.0123508,-0.0038718,0.0034684,-0.0036994,-0.0067122,0.0045522,0.0026452,0.025126,0.0047574,0.0011566,0.0364038
Rajasthani_Bania_Agarwal_(n=1),0.049105,-0.063562,-0.166363,0.105432,-0.08952,0.064831,0.001636,0.015905,0.033709,0.021781,-0.004526,0.001373,-0.001782,-0.000602,-0.001168,-0.000314,0.001429,-0.000382,-0.000204,-0.000088,-0.001668,-0.00013,-0.000795,0.000275,0.004199
Rajasthani_Brahmin_(n=8),0.069935125,-0.01068425,-0.10757862,0.088595125,-0.066369375,0.052133625,0.00007625,0.005680625,0.007648375,-0.002275,-0.00445775,0.001455,-0.00216775,-0.005899375,0.007562625,0.007672875,-0.0010725,0.000976,-0.00090775,-0.007826625,-0.00116075,-0.0043595,0.001722125,-0.00098875,0.001186125
Rajasthani_Brahmin_Pareek_(n=1),0.078538,0.001016,-0.097297,0.081073,-0.065858,0.058846,0.012456,0.008077,-0.002045,-0.02278,-0.001786,0.001049,-0.001338,-0.008808,0.019272,0.00358,-0.004563,-0.002407,0.00352,-0.010755,-0.001373,-0.005935,0.001725,-0.002289,0.003832
Rajasthani_Jain_Bhilwara_(n=4),0.05065125,-0.0596625,-0.153111,0.110386,-0.077553,0.057591,0.00041125,0.008769,0.03574025,0.02004625,-0.00470925,0.002248,-0.00167225,0.00141075,-0.00322325,-0.00444175,0.005411,-0.00041175,-0.005028,0.00068775,0.003213,-0.00574975,0.002742,0.0039765,-0.003712
Rajasthani_Jat_(n=5),0.083914,0.023917,-0.0746184,0.081076,-0.0572454,0.0443448,0.0001906,0.0035514,-0.0074674,-0.0123724,-0.0012076,0.0004522,0.000681,-0.0114866,0.0115142,0.01051,-0.006123,0.0014592,0.0021156,-0.0069168,-0.0043212,-0.0049102,0.0037684,0.0033296,0.0024716
Rajasthani_Marwari_Bania_(n=1),0.050978,-0.062988,-0.156476,0.100509,-0.077775,0.056159,-0.003386,0.009613,0.033841,0.02221,-0.003616,0.001005,-0.000993,-0.000306,-0.001891,-0.000692,0.001369,-0.000311,-0.000157,0.000597,-0.000453,-0.000725,-0.000306,0.000875,0.004844
Rajasthani_Marwari_Silawat_Madhya_Pradesh_(n=3),0.045149667,-0.075826333,-0.160779,0.11477367,-0.07109,0.064052,-0.0017233333,0.012537667,0.040700333,0.027578333,-0.010879667,0.001049,0.0034193333,0.0017893333,-0.006379,-0.00079533333,0.0098656667,-0.0032096667,-0.00075433333,0.007837,0.00099833333,0.0011953333,-0.00032833333,0.0079526667,-0.0097393333
Rajasthani_Meghwal_(n=3),0.052496,-0.050827667,-0.145283,0.10758667,-0.074217,0.060361,0.00026166667,0.012884333,0.031147333,0.017922,-0.0062396667,-0.0015646667,-0.0013016667,0.00028766667,-0.00040466667,-0.006139,-0.0024403333,-0.00069566667,-0.0017703333,-0.0044256667,0.00035766667,-0.0024286667,0.000544,0.00021433333,-0.00012766667
Rajasthani_Oswal_Jain_Gujarat_(n=6),0.044201333,-0.049253167,-0.14732833,0.1070755,-0.0787325,0.061402667,0.00078333333,0.010499833,0.029349167,0.017008833,-0.006685,0.0029973333,-0.000099,-0.0028903333,-0.0031666667,-0.00011033333,-0.0023905,0.0020271667,0.0039385,0.00054183333,-0.0044503333,-0.0019786667,0.0023826667,-0.0022493333,-0.0014568333
Rajasthani_Rajput_(n=6),0.067534833,-0.0040621667,-0.12124417,0.081772833,-0.078117,0.050153833,0.0024675,0.0065766667,0.000784,-0.0050721667,-0.0064413333,1.67e-7,0.0014123333,-0.0077756667,0.010201833,0.017148333,0.0020425,-0.0016683333,0.0014036667,-0.0127145,-0.00029116667,-0.009995,0.002198,-0.0048598333,0.0030535
Rajasthani_Yadav_(n=5),0.0687492,-0.0121864,-0.1149464,0.0903108,-0.074783,0.052766,0.000705,0.0051228,0.0082628,-0.0033896,-0.005651,0.002038,0.0006538,-0.0088354,0.0047774,0.0102094,0.0018514,0.00375,0.0015338,-0.0074034,-0.0006988,-0.002671,0.000641,-0.0064826,0.000479
Rajbanshi_West_Bengal_(n=15),0.024054533,-0.28549907,-0.082237533,0.028014867,0.0051086667,0.040773667,0.000893,0.004846,0.0219658,0.0162312,-0.0232216,-0.0032372,0.0027948667,0.0030278,-0.0093648,-0.0066029333,0.0043722667,-0.0020945333,-0.0035782,0.0074869333,0.000049933333,0.0160832,0.0019965333,0.0023698,0.023407133
Rajbanshi_West_Bengal_o_(n=2),0.0318705,-0.1777175,-0.131615,0.0783275,-0.031698,0.056475,-0.000235,0.0134995,0.040291,0.024693,-0.0025985,0.000075,0.000669,0.0002065,-0.0069895,-0.0023865,0.010822,-0.000887,0.00308,0.0058775,-0.003369,0.010387,-0.0039435,0.006266,0.0103585
Rakhine_Myanmar_(n=23),0.018855,-0.363118,-0.051977043,-0.011305,0.046389783,0.037892739,0.0015632609,0.002428,0.0072116957,0.0085491739,-0.021760043,-0.004228913,0.0027793043,-0.0005623913,-0.0054995217,-0.0039661304,0.0035033478,-0.0030846087,-0.0042573478,0.007248087,-0.0027234348,0.019822043,0.0034294783,0.0045787826,0.033004043
Rakhine_Myanmar_o_(n=2),0.018212,-0.3249695,-0.0769325,0.010013,0.032775,0.0458775,0.001175,0.004846,0.0231115,0.0191345,-0.0156705,0.0005995,-0.0018585,-0.0012385,-0.010111,-0.0151155,-0.0052805,-0.001457,-0.002137,0.0057525,0.006364,0.016755,0.0049915,0.0046995,0.0241295
Ramapough_Lenape_(European+SSA-Mixed)_(n=8),-0.15358637,0.08468875,0.0460445,0.032577,0.02402075,0.01479325,-0.01833725,0.003143625,-0.009584875,0.010919875,0.000362,0.002512875,-0.001548625,-0.003627375,0.011825125,0.001692,-0.00404225,0.0020275,0.00041025,0.001876125,0.003237875,0.001684625,0.000156,0.00644125,0.000672625
Rapa_Nui_(Latin_American-Mixed)_(n=5),0.0460052,-0.2380686,-0.0406232,0.044097,0.090743,-0.0256334,-0.029691,-0.0378612,0.0069282,0.0029816,0.0010638,0.0038544,0.0001836,-0.007928,-0.0076458,0.0020486,0.0025382,-0.011643,-0.0102358,0.0139276,-0.0082026,0.0332552,0.0019506,0.005537,0.0532512
Relli_Andhra_Pradesh_(n=3),0.029594,-0.11340067,-0.16983033,0.11229733,-0.061242,0.064238,-0.00015666667,0.013614667,0.056448333,0.037662,-0.0010286667,0.0016983333,0.000049666667,0.008395,-0.013662333,-0.015645667,0.001956,0.0019846667,0.00067033333,0.0046273333,0.0032443333,0.0068833333,0.00069833333,0.002892,-0.00059866667
Rendille_(n=2),-0.334071,0.0903825,-0.026021,-0.0625005,-0.000154,-0.0343035,-0.014806,0.0034615,0.1110565,-0.08474,-0.010149,-0.002623,-0.0026015,-0.0059175,0.023955,-0.0129935,0.022491,-0.0007605,0.0110615,-0.007003,0.008173,0.0062445,-0.000986,0.002289,0.0036525
Reunionese_Creole_(n=1),-0.256102,-0.00914,-0.01697,0.027778,0.015387,0.031236,-0.008695,0.014076,-0.006136,0.007836,0.003897,-0.002548,-0.007136,0.001376,-0.008822,0.012463,0.00326,0.006081,-0.00264,0.002501,0.000125,-0.000866,-0.001602,0.004338,-0.00455
Rohingya_(n=1),0.040976,-0.159438,-0.127467,0.076228,-0.044008,0.056336,-0.001175,0.005769,0.031497,0.019135,-0.01023,0.004346,-0.00223,-0.001651,-0.012758,0.001724,0.011604,-0.018877,-0.010936,-0.00025,-0.009483,0.010881,0.003574,0.009399,0.006107
Roma_Bosnia-Herzegovina_(n=3),0.091058667,0.06364,-0.058830667,0.024978667,-0.018772333,0.013108,0.00039166667,0.0025386667,0.016702667,0.014882333,0.00037866667,-0.00034966667,0.00094166667,0.008762,-0.010540667,-0.0052153333,0.008866,0.003125,0.0015083333,0.0010006667,-0.0020796667,0.00012366667,-0.00065733333,-0.0040163333,-0.0012773333
Roma_Bulgaria_(n=5),0.083474,0.0577588,-0.0632104,0.021355,-0.018377,0.0157944,0.0020852,0.005641,0.0161592,0.0164778,-0.0023522,0.000161,-0.000068,0.0099714,-0.0126726,-0.0059162,0.0072454,-0.0006984,0.0000908,0.0005774,-0.0006636,-0.0000328,0.0014068,-0.0009014,-0.0001428
Roma_Czechia_(n=84),0.087483976,0.056969,-0.05895006,0.024899929,-0.015168952,0.016490595,0.0031003333,0.0047512619,0.013472464,0.014291071,-0.00037952381,-0.00067675,0.0002649881,0.0086012619,-0.0093180952,-0.0085777143,0.003937381,0.00095603571,0.00059379762,0.0014192857,-0.0008685119,0.00022686905,0.0022497262,0.00049783333,-0.0018125238
Roma_England_(n=3),0.12120967,0.11556433,0.031482667,0.042967667,0.022349333,0.019374,0.0040943333,0.0063216667,0.0061596667,0.0059033333,-0.004475,0.0046886667,-0.010737,-0.0090003333,0.013177667,0.001586,-0.004386,0.00035233333,0.000118,0.0021243333,0.0037216667,0.002223,0.000529,0.007648,-0.00025233333
Roma_Finland_(n=11),0.094571273,0.058025636,-0.035437364,0.046868909,-0.013210636,0.022725,0.002908,0.0065965455,0.012893091,0.0075724545,-0.0025521818,0.00027318182,-0.0011523636,0.0019729091,-0.0016137273,0.00020018182,0.0027994545,-0.000059,0.00049945455,0.00265,0.0010133636,0.0019221818,0.0028280909,0.0048628182,0.00014
Roma_Greece_(n=6),0.0866005,0.071685333,-0.056156167,0.010230667,-0.015785833,0.00566,0.00085033333,0.0038768333,0.015609833,0.01419,0.00071033333,-0.0017316667,0.0043665,0.0035495,-0.0103825,-0.0010455,0.0026811667,0.00019566667,0.0015465,-0.000643,-0.002405,0.0024836667,0.0018971667,0.0014531667,-0.0010281667
Roma_Kosovo_(n=2),0.088031,0.066515,-0.0581465,0.019829,-0.0163855,0.007827,0.001844,0.000177,0.009791,0.013939,-0.0025255,0.000476,-0.003839,0.0134105,-0.014904,-0.01278,-0.004388,-0.002355,0.0008775,0.000992,-0.0038085,-0.001839,0.0047045,-0.003069,-0.0035475
Roma_Portugal_Porto_(n=5),0.0885546,0.076774,-0.0454806,0.0208658,-0.0057856,0.0162314,0.002914,0.0046612,0.0159528,0.0229618,-0.002923,0.0030276,-0.007195,0.0036884,-0.0096634,-0.009573,0.0002606,-0.001495,2e-7,0.006678,-0.0017222,-0.0037344,0.0019966,0.001639,-0.0032572
Roma_Romania_(n=6),0.088319833,0.059255167,-0.058729,0.021396833,-0.017139833,0.012659667,0.0022696667,0.005064,0.013761667,0.014105167,-0.0015158333,0.0020588333,-0.000124,0.0065626667,-0.0105395,-0.0036611667,0.0076326667,-0.00066233333,0.000332,0.00068,-0.00091883333,0.0015585,0.002153,0.0014643333,-0.0005825
Roma_Russia_(n=3),0.090794,0.066383667,-0.053496333,0.023624667,-0.016772667,0.015065667,0.0015913333,0.0043396667,0.012358333,0.014126667,-0.0017596667,0.000331,-0.00084166667,0.007022,-0.0097876667,-0.0048113333,0.00482,-0.000419,0.00084266667,0.00029233333,-0.0020806667,0.00062966667,0.0026856667,0.00019633333,-0.000855
Roma_Serbia_(n=7),0.090039143,0.063856286,-0.057386,0.016209143,-0.016760429,0.011876429,0.0010054286,0.003464,0.010909429,0.014220286,-0.00045857143,0.00056185714,-0.00045785714,0.0053604286,-0.010796571,-0.0023124286,0.0067171429,0.00058371429,0.0016584286,0.00067457143,-0.00080085714,0.0022542857,0.0016027143,0.0013707143,-0.0027124286
Roma_Spain_(n=6),0.089971333,0.071611167,-0.045274167,0.0194145,-0.0082301667,0.0101985,0.00028133333,0.004071,0.018642333,0.020684,-0.0018468333,0.0017921667,-0.0035595,0.0001125,-0.0051883333,-0.0022153333,0.0038986667,-0.00061283333,-0.00077366667,0.000082666667,0.000052,0.0013475,0.00040016667,0.000167,-0.00052783333
Roma_Spain_Barcelona_(n=6),0.10111267,0.099691167,-0.007417,0.014158167,0.0113355,0.0092961667,0.000235,0.0031151667,0.0184755,0.0261205,-0.00070366667,0.0028973333,-0.0083991667,-0.0024541667,-0.0022168333,-0.004044,0.0038465,-0.0021536667,-0.0010265,0.000021,-0.000416,-0.0014426667,-0.00341,-0.0060048333,-0.000039833333
Roma_Spain_Bilbao_(n=8),0.0904895,0.068928875,-0.045773,0.02026825,-0.003000375,0.017186625,-0.0001175,0.0023075,0.0192765,0.021594875,-0.0014005,-0.00001875,0.000167375,0.00696725,-0.0084995,-0.009330875,-0.00089625,0.00064925,-0.0001885,0.000516,-0.00209,0.00114375,0.00101675,-0.002093625,0.000568875
Roma_Spain_Bilbao_o_(n=1),0.085367,0.109677,-0.008297,0.008721,0.022158,0.006414,-0.00094,0.001846,0.026588,0.027882,-0.003897,0.004346,-0.00223,-0.001376,0.000814,-0.000265,0.002217,-0.003167,0.003645,-0.004752,0.007736,0.004451,-0.002958,0.001325,-0.002155
Roma_Spain_Granada_(n=7),0.082277714,0.068040429,-0.053551,0.018088,-0.010771143,0.014342714,0.0010071429,0.0060655714,0.021504429,0.019421,-0.00039442857,0.00079214286,-0.0053941429,0.0045612857,-0.0086472857,-0.0053982857,0.0020487143,-0.0038368571,-0.0020112857,0.00014285714,-0.0016042857,-0.0016955714,-0.000933,-0.0029952857,0.0048582857
Roma_Spain_Granada_o_(n=1),0.092197,0.108662,0.002263,0.003553,0.02462,-0.00251,0.002115,0.001846,0.017794,0.028247,-0.000812,-0.000599,-0.010555,-0.010184,0.001086,-0.005967,0.003781,0.000507,-0.001131,0.006253,-0.002496,-0.00272,-0.004807,0.000241,-0.001317
Roma_Spain_Madrid_(n=4),0.0890665,0.07261025,-0.04978,0.020026,-0.0067705,0.01038875,0.005699,0.002077,0.0143165,0.0217775,0.003613,-0.00415875,-0.00412525,0.0023055,-0.00217125,-0.00298325,0.00345525,0.00057,0.00069125,0.00053175,0.0009045,0.003926,0.00443675,-0.0010845,0.00311325
Roma_Turkey_(n=4),0.084986,0.05786025,-0.07110225,0.015747,-0.02913075,0.016841,0.001857,0.003268,0.008808,0.013384,-0.0001205,0.001367,-0.0036585,0.00272575,-0.0082045,-0.0044185,0.004017,0.0001935,0.00132975,-0.000436,0.00001175,0.00245675,0.001421,0.00146375,-0.0005785
Roma_Turkey_Balkans_(n=1),0.091058,0.057885,-0.078818,0.01938,-0.022773,0.015897,-0.00329,0.003923,0.020248,0.02041,-0.000487,-0.001349,0.000892,0.012937,-0.013843,-0.001856,0.011735,0.001774,0.003142,0.007379,-0.002121,-0.003462,-0.001972,-0.003374,-0.000838
Romanian_(n=18),0.12441661,0.13236533,0.037712284,0.0096262456,0.028399804,0.0055858344,0.0051481394,0.0032114994,0.00024793333,0.0035779122,-0.0010433017,-0.0024870372,0.0022327644,0.012305552,-0.011164674,-0.0040197344,0.0010655294,0.00071421278,0.0050714167,-0.0042968017,-0.0056154117,-0.00083631389,0.0033451322,0.00052796333,0.00012296778
Romanian_Alba_(n=5),0.1279372,0.1334406,0.0360526,0.01292,0.0294824,0.0018404,0.001363,0.0059072,-0.0038044,0.0037904,-0.0030532,-0.0013188,0.0024082,0.0066058,-0.0109118,-0.000769,0.0067278,0.0010894,0.000402,-0.0014756,-0.0066134,-0.002671,0.002884,-0.0010602,-0.0011018
Romanian_Arges_(n=2),0.12125,0.131952,0.028051,0.0048495,0.0243365,0.002381,0.0035825,0.003069,0.0013675,0.005741,-0.0006695,-0.0001085,0.001103,0.0103565,-0.01368,-0.0006495,0.007584,0.000303,0.0060405,-0.003396,-0.0057445,-0.0014875,0.0044725,-0.000136,-0.0003075
Romanian_Galati_(n=4),0.12406725,0.131765,0.0344125,0.0056525,0.02385075,-0.0001395,0.0008225,0.002423,-0.001585,0.00369025,-0.00056825,-0.001199,0.0079905,0.0132805,-0.0118415,-0.00205525,0.00756225,0.00104525,0.002797,0.00297025,-0.0056775,0.0004635,0.0054845,0.00491,0.000988
Romanian_Gorj_(n=5),0.1211078,0.1346592,0.0322814,0.0046512,0.02819,0.004295,0.005922,0.0059074,0.0062994,0.0085288,-0.0038322,0.0008992,-0.0034786,0.009496,-0.0144134,-0.0002654,0.005111,-0.004054,0.0063352,-0.0046772,-0.006763,-0.002374,0.0045846,0.0034944,-0.001437
Romaniote_Jew_(n=7),0.092033857,0.14406014,-0.025805714,-0.064553857,0.0050117143,-0.023068,-0.0058414286,-0.0043184286,0.009145,0.018536,0.0056138571,0.0011132857,0.0019961429,-0.00019642857,-0.0068247143,-0.0015722857,0.00072642857,-0.0024975714,-0.00073628571,-0.00050042857,-0.00087342857,0.00038857143,0.00036985714,0.0010844286,0.0013341429
Ronga_(n=3),-0.63095933,0.063301333,0.021622,0.016473,-0.00041033333,0.0092033333,-0.008617,0.019307,-0.025156333,0.013971333,0.004655,0.002248,-0.0083746667,-0.00091766667,-0.014838667,0.012595667,-0.013864333,0.014696,-0.00838,0.0042103333,-0.00074866667,-0.0053173333,0.0023826667,0.0022893333,0.002315
Ror_(n=16),0.084015812,0.01789875,-0.074811375,0.084908625,-0.059991875,0.045180313,0.0017184375,0.0047449375,-0.00360475,-0.011970625,-0.00592725,0.0003185625,-0.0001579375,-0.010536625,0.011561687,0.010292312,-0.0045878125,0.000079125,0.0007306875,-0.007691125,-0.0039226875,-0.00283625,0.0028193125,0.0016115625,0.000920625
Russian_(n=4),0.132035,0.109677,0.07768675,0.06742625,0.033083,0.0239845,0.00910675,0.0104995,-0.00311875,-0.026151,-0.001096,-0.00858,0.01520075,0.02157225,-0.0128595,-0.000862,0.003651,0.0006015,0.0010685,0.00103175,-0.00065525,-0.00472975,0.00471425,-0.00075325,0.0002995
Russian_Arkhangelsk_Krasnoborsky_(n=6),0.12786133,0.0766725,0.082715,0.071006167,0.024363333,0.0218465,0.0090871667,0.015999333,0.0030336667,-0.029066667,0.006333,-0.0108155,0.019449833,0.011950333,-0.0074643333,-0.0025856667,-0.000261,-0.0014356667,-0.00087983333,0.003731,0.002163,-0.001896,0.0023828333,-0.00072283333,-0.00055883333
Russian_Arkhangelsk_Leshukonsky_(n=5),0.1197416,0.043668,0.0909616,0.0796518,0.0096016,0.0161198,0.0137718,0.013753,-0.0021272,-0.035281,0.0133808,-0.0096814,0.0198906,0.00311,-0.0093374,-0.002148,-0.0002346,-0.0050168,-0.0058074,0.0004754,0.0026202,-0.0010884,-0.0002218,0.002193,0.0010298
Russian_Arkhangelsk_Mezensky_(n=2),0.127482,0.0589005,0.0867375,0.0738055,0.017234,0.020359,0.010928,0.016961,0.000409,-0.030798,0.012585,-0.0115395,0.021184,0.009152,-0.008211,-0.005635,-0.0066495,-0.0020905,-0.001131,-0.0117555,0.0091715,-0.0017925,0.004437,0.0023495,-0.000599
Russian_Arkhangelsk_Pinezhsky_(n=8),0.12435163,0.062962625,0.093101625,0.07921575,0.020042,0.0222415,0.0095765,0.014653125,0.001073875,-0.03189125,0.0083225,-0.014968,0.021797375,0.007792875,-0.01111225,-0.003281625,-0.000293375,-0.002422875,-0.00146125,0.003298625,0.008079625,0.00049475,0.000616125,0.000482125,0.004086125
Russian_Belgorod_(n=4),0.13544925,0.1221175,0.06957875,0.0566865,0.036853,0.019801,0.0119855,0.014134,-0.00439725,-0.02168625,-0.00202975,-0.0103035,0.0196975,0.02129725,-0.01302925,-0.00288375,0.005574,0.001077,0.00361375,0.0024075,-0.00377475,-0.0059045,0.005423,-0.006989,0.00098775
Russian_Bryansk_(n=1),0.133947,0.121831,0.080694,0.073955,0.040323,0.027729,0.010912,0.014725,-0.001776,-0.026898,-0.00197,-0.009699,0.018416,0.019155,-0.00799,-0.001507,-0.000686,-0.001496,-0.000207,0.000003,-0.00321,-0.002356,0.004265,-0.003218,-0.000315
Russian_Chukotka_(n=1),0.130897,0.118817,0.07203,0.070091,0.037853,0.024263,0.010575,0.020538,0.000818,-0.027518,-0.000487,-0.009442,0.019921,0.02491,-0.010043,0.005304,0.011213,-0.000253,-0.002388,0.007253,0.003369,-0.007296,0.007025,-0.008555,-0.00012
Russian_Chuvashia_(n=2),0.128051,0.103076,0.076744,0.066215,0.0289285,0.023148,0.0094005,0.0131535,-0.001534,-0.0252395,-0.001299,-0.009966,0.020069,0.02085,-0.0107895,-0.003911,-0.0014995,-0.002344,0.00044,-0.0019385,-0.0044295,-0.002906,0.0019105,-0.000241,0.0014365
Russian_Georgia_(n=1),0.137726,0.119832,0.059585,0.051357,0.031698,0.021753,0.00564,0.005077,-0.002863,-0.019864,-0.002273,-0.010491,0.016055,0.023809,-0.017779,0.006099,0.004042,0.00038,-0.000251,-0.005253,-0.008235,-0.002473,0.01442,0.001205,0.00012
Russian_Kabardino-Balkaria_(n=1),0.132035,0.127957,0.067127,0.057494,0.029236,0.020359,0.01081,0.011307,-0.000409,-0.025878,-0.004384,-0.015886,0.013379,0.029314,-0.016965,-0.006895,-0.001825,0.003167,0.008925,0.000125,-0.005615,-0.00371,0.005793,-0.00494,-0.005508
Russian_Kaluga_(n=4),0.13203475,0.1180555,0.07740425,0.066215,0.03593,0.02391475,0.00605125,0.01367225,-0.0048065,-0.0235995,0.0009335,-0.011315,0.01940025,0.02542575,-0.01180775,-0.00464075,0.0013365,-0.003579,0.00062825,0.0054715,0.0003745,-0.001762,-0.0002465,-0.0061755,0.0006885
Russian_Kamchatka_(n=1),0.132035,0.119832,0.065996,0.070737,0.030467,0.030678,0.013161,0.016615,-0.007363,-0.028976,-0.001461,-0.010341,0.013528,0.023258,-0.007872,-0.008221,-0.008996,0.002027,0.011816,0.002001,-0.008111,-0.008161,0.001849,-0.003856,-0.002874
Russian_Kostroma_(n=6),0.12824067,0.0873355,0.081458167,0.068045333,0.027441,0.021520833,0.011907333,0.012999333,-0.0033746667,-0.0299475,0.0042221667,-0.0074931667,0.017963,0.012340167,-0.0091383333,-0.0039111667,0.00091266667,-0.0016258333,-0.0017596667,0.00047916667,0.000062333333,-0.0014426667,0.0035946667,-0.0006025,-0.0020556667
Russian_Krasnodar_(n=1),0.129758,0.102568,0.068636,0.052972,0.030775,0.019243,0.006815,0.010846,-0.000205,-0.017312,0.005034,-0.004796,0.012785,0.026011,-0.005429,0.001856,0,-0.003547,0.000754,0.003502,-0.003868,0.000247,0.00456,-0.005302,0.005389
Russian_Kursk_(n=8),0.13089638,0.11577013,0.07108725,0.064801875,0.034160125,0.023113,0.010399125,0.01214375,-0.003246875,-0.02555875,-0.001806625,-0.008017875,0.0183225,0.02067775,-0.01277475,0.001210125,0.001613625,-0.000886875,0.002309625,0.00128175,-0.002558,-0.00401875,0.005114625,-0.005814125,-0.001721375
Russian_Latvia_(n=10),0.1288477,0.1134346,0.0760652,0.0706724,0.0353603,0.0276938,0.0116565,0.0137993,-0.0033337,-0.0275177,0.0005194,-0.0096664,0.0185976,0.0220334,-0.0120519,0.0036329,0.0080838,-0.0006714,0.0006032,0.0037394,-0.0013601,-0.0034747,0.0028715,-0.0045667,0.0010299
Russian_Lipetsk_(n=1),0.124067,0.113739,0.068259,0.066215,0.030467,0.018128,0.00705,0.007384,0.006749,-0.021868,-0.004384,-0.010191,0.017542,0.025873,-0.010043,-0.011403,-0.010561,-0.004307,-0.000251,-0.000625,-0.005865,-0.004946,0.002218,-0.011929,0.002754
Russian_Moldova_(n=1),0.121791,0.122879,0.067505,0.055233,0.033237,0.014781,0.00799,0.01223,-0.00859,-0.022415,-0.002436,-0.003447,0.017096,0.009221,-0.023208,0.011138,0.020601,-0.003801,0.002891,0.002751,-0.007237,-0.005564,0.01442,0.002289,0.000359
Russian_Mordovia_(n=1),0.129917,0.101272,0.072649,0.066676,0.027163,0.023755,0.011786,0.014905,-0.005594,-0.028714,0.003421,-0.008094,0.016319,-0.000323,-0.010046,-0.001168,0.001513,-0.001558,-0.001313,-0.002263,-0.004897,0.005485,0.00376,0.001423,-0.001987
Russian_Moscow_(n=7),0.12979214,0.11375571,0.070416429,0.062439571,0.034220714,0.021131571,0.010746571,0.012402857,-0.0043797143,-0.025268286,-0.00082842857,-0.0097102857,0.017007143,0.023856429,-0.013660714,-0.0049632857,0.0014367143,-0.0013888571,0.002452,0.00076328571,-0.0044008571,-0.0035918571,0.0063034286,-0.0058671429,0.00050957143
Russian_Nizhny_Novgorod_(n=1),0.12862,0.113739,0.078064,0.066538,0.040007,0.024542,0.007755,0.00923,-0.000614,-0.023326,-0.001949,-0.009741,0.015758,0.021194,-0.015336,0.001193,0.006258,-0.002914,0.005405,0.013256,-0.002496,-0.000866,0.005176,-0.010242,0.000479
Russian_Novgorod_(n=15),0.13013773,0.10277167,0.079170133,0.071749067,0.035103867,0.02378,0.010481267,0.0134148,-0.00017726667,-0.027627,-0.0000216,-0.0091519333,0.0191476,0.018817533,-0.0099708667,-0.0011932667,0.0021992,-0.0011486667,0.001609,0.0016092,0.00030786667,-0.0035529333,0.0055133333,-0.0013334667,0.0016924
Russian_Novosibirsk_(n=1),0.132033,0.110687,0.078066,0.072748,0.032095,0.024514,0.011671,0.015647,-0.00429,-0.030902,0.001573,-0.011145,0.02091,0.012163,-0.013518,-0.003233,0.002323,-0.00236,-0.002772,-0.000749,-0.00463,0.001237,0.003337,-0.005146,-0.001763
Russian_Oryol_(n=11),0.13058609,0.11678591,0.071138727,0.060812091,0.033488636,0.022412727,0.0091652727,0.013027364,-0.0047970909,-0.025132091,-0.0017863636,-0.0078475455,0.015636455,0.024709545,-0.011585545,-0.0034353636,-0.00039109091,-0.0011861818,0.0027881818,0.0011938182,-0.0037547273,-0.0044064545,0.0074171818,-0.0055976364,-0.00099063636
Russian_Perm_(n=1),0.126665,0.089873,0.072063,0.059471,0.025753,0.01995,0.012644,0.015804,-0.004413,-0.027974,0.003123,-0.012136,0.024475,0.009079,-0.023998,-0.006829,0.005049,-0.003063,-0.003678,-0.005963,-0.008291,0.001482,0.003243,-0.008368,-0.003155
Russian_Pskov_(n=33),0.13193124,0.11872461,0.082315212,0.075259,0.040697485,0.026579121,0.011522606,0.015558848,-0.0010040303,-0.029295848,-0.0015844545,-0.011335303,0.020695333,0.026231758,-0.010142061,-0.00083578788,0.0027814848,-0.0026220606,0.0019159697,0.002175303,-0.0018490303,-0.0058153636,0.0056470303,-0.0077994848,0.00087806061
Russian_Ryazan_(n=13),0.12794646,0.110064,0.070752462,0.064110692,0.030181,0.022488462,0.010468846,0.011712077,-0.0032968462,-0.023050769,0.00039892308,-0.0084411538,0.015958692,0.019991385,-0.012325769,-0.0021104615,0.0057560769,-0.0021658462,0.000854,-0.000393,-0.0052786923,-0.0027962308,0.0049961538,-0.0025418462,-0.000089307692
Russian_Saint_Petersburg_(n=1),0.134641,0.1203,0.079662,0.072413,0.039269,0.026799,0.011372,0.015391,-0.002884,-0.028018,-0.001599,-0.010588,0.019639,0.021001,-0.012169,-0.001479,0.001953,-0.001034,0.00109,-0.000348,-0.004972,-0.002334,0.00476,-0.002443,-0.000933
Russian_Samara_(n=1),0.127324,0.107083,0.070551,0.067993,0.029752,0.025108,0.007768,0.010929,-0.004609,-0.026682,-0.001311,-0.008805,0.015006,0.0193,-0.006103,-0.002861,-0.000807,-0.001698,0.000849,0.003548,-0.002912,-0.003335,0.007236,-0.005563,0.001878
Russian_Smolensk_(n=15),0.1321866,0.1242332,0.071502133,0.065461333,0.0393098,0.025211867,0.011296267,0.012860933,-0.00080426667,-0.0248328,-0.0043844667,-0.0082726667,0.016947333,0.028295133,-0.0114004,-0.0060019333,-0.0011734,-0.0019847333,0.0029749333,0.001951,-0.0025870667,-0.0048471333,0.0049217333,-0.0059364667,0.0017242667
Russian_Sverdlovsk_(n=1),0.128737,0.084598,0.080013,0.070476,0.02806,0.023999,0.008669,0.012228,-0.004804,-0.03012,0.003658,-0.010576,0.01986,0.007299,-0.012601,-0.003787,-0.00028,-0.001185,-0.002003,-0.003797,-0.005248,0.001735,0.002759,-0.001858,-0.002746
Russian_Tomsk_(n=1),0.131149,0.102251,0.077497,0.070473,0.027061,0.022479,0.011316,0.015033,-0.004251,-0.029683,0.004151,-0.009834,0.019676,0.005805,-0.014554,-0.003404,0.002056,-0.001787,-0.001096,-0.002133,-0.00577,0.003742,0.004628,-0.001818,-0.00212
Russian_Tver_(n=11),0.13006873,0.10709218,0.077824,0.068740273,0.033208818,0.024795909,0.0093360909,0.012083455,-0.0039788182,-0.026258636,0.00079727273,-0.0089239091,0.017068818,0.021156545,-0.010314727,0.0022901818,0.0084038182,-0.0015664545,-0.000617,0.0020918182,-0.0028131818,-0.0045076364,0.0069802727,-0.0025086364,-0.0012191818
Russian_Vladimir_(n=1),0.130167,0.104158,0.07668,0.063981,0.033168,0.020991,0.005602,0.008901,0.000586,-0.025026,0.001495,-0.011021,0.020292,0.017327,-0.014339,-0.002325,0.00161,-0.001052,0.000987,0.000046,-0.004393,0.000277,0.005363,-0.004209,-0.001346
Russian_Volgograd_(n=1),0.131272,0.111027,0.071066,0.066526,0.032851,0.022437,0.011849,0.01507,-0.000637,-0.024302,0.001106,-0.010149,0.020841,0.014808,-0.019475,-0.003284,0.005878,-0.00185,-0.000387,-0.001854,-0.006919,0.001319,0.004497,-0.004182,-0.001993
Russian_Vologda_(n=3),0.131276,0.10730767,0.080829667,0.071275333,0.030775,0.023055,0.009635,0.011768667,0.00068166667,-0.028368,0.000758,-0.012938333,0.021208667,0.019634333,-0.010631333,0.00013266667,0.0037376667,-0.005025,-0.0046923333,0.0035433333,0.00045766667,0.00012366667,0.0060803333,-0.004579,-0.0021953333
Russian_Voronezh_(n=5),0.129986,0.1190202,0.0721054,0.062016,0.0341602,0.0235384,0.0094002,0.0109842,-0.0036814,-0.0243834,-0.0005848,-0.0081226,0.0165312,0.0237536,-0.0119708,-0.0024132,0.0022424,0.0006334,0.0028662,0.0035768,-0.0021462,-0.0023986,0.003722,-0.0045304,-0.0008622
Russian_Yaroslavl_(n=19),0.13077668,0.10721863,0.079135842,0.066232,0.033204421,0.022355316,0.0096352632,0.012181579,-0.001281,-0.025263684,0.00085463158,-0.0082663684,0.017002158,0.018521,-0.0086146316,-0.0020585789,-0.00059010526,-0.00086015789,0.00073426316,-0.000065789474,-0.0036974211,-0.0036770526,0.0039697368,-0.0042806316,0.00061131579
Rusyn_Lemko_Poland_(n=4),0.13594275,0.13728975,0.061492,0.042355,0.04067775,0.017682,0.00838475,0.00860975,-0.00105875,-0.0072085,-0.00525525,-0.0024735,0.00490975,0.0234755,-0.0088705,-0.0020655,0.00456775,-0.000225,0.006597,0.00035025,-0.00148975,-0.00754325,0.0028055,-0.00018775,0.0008615
Rusyn_Ukraine_(n=1),0.132035,0.13405,0.050157,0.039083,0.033237,0.016455,0.009165,0.010153,-0.003886,-0.016948,-0.003735,-0.004196,0.006541,0.011836,-0.007193,0.002387,0.012126,-0.003547,0.004022,0.002126,-0.007736,-0.004575,0.006286,0.005181,-0.00012
Ryukyuan_(low_res)_(n=1),0.019245,-0.424293,-0.003756,-0.040277,0.027719,0.017559,-0.001636,-0.002556,0.000671,0.013275,-0.084309,-0.010223,0.015069,-0.013042,-0.022376,-0.010988,0.003031,0.002549,0.001722,-0.000126,0.028647,-0.004347,0.008855,0.009556,-0.00603
Saami_Finland_(n=4),0.12008325,-0.00939375,0.106631,0.075582,-0.00276975,0.00739075,0.00987025,0.01407625,-0.00015325,-0.02956775,0.01940525,-0.00749325,0.01928875,-0.00774125,0.0003395,-0.00649675,-0.0110825,-0.001457,-0.00496525,0.00472075,0.017719,0.00043275,-0.00437525,0.00231975,-0.00143725
Saami_Kola_(n=4),0.11296925,-0.0076165,0.11332475,0.08163825,-0.00207725,0.0117135,0.00893025,0.01234575,0.00582875,-0.02874775,0.019162,-0.01086525,0.01895425,-0.00870475,-0.00491975,0.00096125,-0.00068425,0.00041175,-0.00452525,0.00175075,0.01594075,0.00253475,-0.00117075,-0.00331375,0.0010775
Saami_Kola_(Russian-Mixed)_(n=4),0.117807,0.036813,0.0984285,0.07598575,0.009694,0.018128,0.01216175,0.01696075,0.00419275,-0.029659,0.0142495,-0.01153975,0.0167615,0.00123875,-0.0084825,0.00059675,0.003488,-0.0019955,-0.002137,0.00009375,0.009296,-0.0011745,0.0011095,0.0001505,0.002365
Saami_Norway_(n=2),0.108132,-0.0335125,0.117096,0.080427,-0.009079,0.0051595,0.0074025,0.010961,0.005113,-0.033167,0.0253325,-0.0077185,0.019326,-0.0176155,-0.0080075,-0.001392,-0.0021515,0.0012035,-0.0036455,0.0027515,0.020027,-0.0009275,-0.004683,-0.001024,0.000898
Saami_Sweden_(n=13),0.11119638,-0.031637846,0.11142462,0.079880385,-0.0099425385,0.0085597692,0.0080806154,0.014324769,0.0030206923,-0.031863308,0.022084692,-0.0073434615,0.017622,-0.021119846,-0.0034139231,0.0037737692,0.0021763846,-0.0018516154,-0.0064200769,0.0044348462,0.014887077,0.0017216154,-0.0018201538,0.0031513846,0.00057107692
Sabbatean_(Donme)_(n=2),0.0859365,0.146744,-0.015462,-0.059432,0.013233,-0.025658,-0.00611,-0.0065765,0.0161575,0.0188615,0.001543,-0.002248,0.0075075,0.003028,-0.0053605,0.003182,0.001108,0.002597,-0.0023255,-0.0027515,-0.0014345,-0.0025965,0.004252,0.001024,0.003712
Saharawi_(n=27),-0.083933926,0.13299674,-0.010321926,-0.082747815,0.024528667,-0.036235111,-0.032701185,0.0081962593,0.080264259,0.028907963,0.010813852,-0.0098246296,0.031339852,-0.016423074,0.024299037,-0.013892556,-0.0033802593,-0.025351741,-0.050228,0.013418519,-0.015204741,-0.043164,0.028798926,-0.0033648889,0.0074864444
Sahariya_Madhya_Pradesh_(n=8),0.02077275,-0.1822875,-0.1627275,0.11163787,-0.02338875,0.064179875,-0.006374375,0.010932125,0.0687455,0.039476875,0.015569,0.0018545,-0.003679375,0.013831125,-0.01547225,-0.01398825,0.011017375,-0.00080775,-0.003441,0.018008625,0.002651625,0.010464125,-0.00150975,0.007561,0.003143375
Sahariya_Uttar_Pradesh_(n=2),0.013659,-0.1772095,-0.1666875,0.114343,-0.028159,0.0652605,-0.0043475,0.0140765,0.072401,0.0375405,0.016158,0.002623,0.001189,0.0121105,-0.0147935,-0.0151815,0.008736,0.000507,-0.0017595,0.016195,0.0019965,0.009954,-0.006532,0.0054225,-0.001796
Saho_Eritrea_(n=3),-0.20677867,0.10933867,-0.036706333,-0.08075,-0.0035903333,-0.039695333,-0.016607333,0.000077,0.10655667,-0.061717667,-0.0026526667,-0.010091,0.020019333,0.0039453333,0.024022667,-0.010872333,0.0025206667,0.0016893333,0.0085056667,0.0057943333,0.0076116667,0.0063886667,-0.002835,0.0052616667,-0.005668
Salar_(n=34),0.034247412,-0.36983191,0.0045697647,-0.0454765,0.029399059,0.014937088,0.0052737941,0.0029185,-0.010917912,0.0012274118,-0.060814382,-0.0073875294,0.0078309412,-0.0058126471,-0.0049337647,0.00089697059,0.0012195,0.0014345588,-0.0035084706,-0.0049692647,0.0038130588,0.0095176176,0.0086236765,-0.000021264706,0.010146882
Salish_(European-Mixed)_(n=1),0.088767,-0.134912,0.089841,0.067175,-0.04226,-0.00188,-0.13446,-0.158028,0.002506,-0.003383,0.002376,0.000373,-0.003407,0.00163,0.004355,0.001862,-0.002525,0.002097,0.004638,0.004668,0.004442,-0.000426,-0.000568,0.006553,0.002701
Salvadoran_Indo-Mestizo_(n=1),0.044869,-0.232713,0.105171,0.08492,-0.083472,-0.012637,-0.245617,-0.289173,-0.00904,-0.007837,-0.00476,-0.003526,0.001377,0.015451,-0.004451,0.002932,0.00386,0.000262,0.001131,0.00115,-0.00116,0.005743,-0.001334,0.000896,0.00342
Salvadoran_Mestizo_(n=31),0.027966194,-0.07704171,0.071928,0.044533129,-0.033296355,-0.0077925806,-0.14341232,-0.16552197,0.0028164516,0.0058955161,-0.0010449677,0.00037812903,-0.0029693226,0.0046944839,-0.00056235484,0.0014674516,0.0032348065,0.00030658065,-0.00062541935,-0.00019616129,-0.00025590323,0.00079458065,-0.00057441935,0.00039258065,0.0013348387
Samaritan_(n=7),0.085031714,0.14885,-0.057939286,-0.0918,-0.010504143,-0.035643571,-0.0025588571,-0.0079244286,0.016086286,0.0074325714,0.0087128571,-0.0097031429,0.020148429,0.011551,-0.004998,0.0029822857,-0.01035,0.00082971429,0.0025794286,-0.0034274286,-0.00073428571,0.0025835714,0.00010928571,-0.0027834286,0.0054157143
Samoan_(n=7),0.0022762857,-0.39953843,-0.091640286,0.0068752857,0.15167671,-0.045817857,-0.00090642857,-0.0072851429,-0.025565429,-0.016635429,0.041455429,0.0069794286,-0.0056915714,-0.0014154286,0.006941,0.010436714,-0.002645,0.003131,0.0042377143,-0.012899143,0.0039038571,-0.022186714,-0.0046302857,-0.007247,-0.052450286
Samoan_(European-Mixed)_(n=1),0.021626,-0.298566,-0.077687,0.02584,0.138795,-0.063029,0.00376,-0.005538,-0.02168,-0.016948,0.031991,0.013488,-0.011596,0,0.003936,0.005171,-0.008866,0.003547,0.000754,-0.007629,0.000125,-0.017806,-0.005546,-0.008917,-0.042032
Samoan_(European-Mixed)_(low_res)_(n=2),0.0091055,-0.353404,-0.084852,0.0088825,0.142334,-0.039184,-0.000235,-0.0119995,-0.0181005,-0.0104785,0.037106,-0.0005245,-0.0042365,0.0059865,0.0074645,0.0005305,0.002934,-0.007221,0.0072275,-0.01138,-0.0066135,-0.015395,-0.0131875,-0.014038,-0.0558035
Samoan_(SSA-Mixed)_(n=1),-0.010244,-0.38387,-0.082589,-0.007752,0.127101,-0.023148,0.004935,0.001385,-0.018203,-0.011845,0.022897,0.001948,0.002527,0.004404,0.005836,0.001326,-0.008736,0.004941,0.005908,-0.017759,0.00549,-0.009274,-0.008997,-0.006025,-0.044786
Samoan_o_(n=1),-0.001138,-0.367622,-0.113136,0.055556,0.154183,-0.110162,-0.00564,-0.006692,-0.029042,-0.019681,0.042059,0.004796,-0.002825,-0.009909,0.008958,0.007292,-0.00665,0.001267,0.000754,-0.013757,-0.003494,-0.022505,-0.004807,-0.004579,-0.044427
San_(n=4),-0.590173,0.0634705,0.016499,0.01590775,0.002462,-0.0046715,0.212332,-0.16430075,0.02883775,0.000957,0.0045875,-0.051067,-0.01750475,0.00498875,0.02212225,-0.0232695,0.03008625,0.2376995,-0.07711575,0.00090675,-0.0282,-0.00074175,0.0041595,-0.003163,-0.002934
San_o_(n=1),-0.615783,0.060932,0.016593,0.011628,0.004308,0.006136,0.061808,-0.041537,-0.009817,0.013485,0.002436,-0.021131,-0.006392,0.004542,0.000407,-0.000796,0.004824,0.085388,-0.031676,0.000625,-0.009109,-0.002226,0.000123,-0.00494,-0.002515
Sandawe_(n=30),-0.4698239,0.071154867,-0.0053300333,-0.024181933,-0.0000923,-0.0126803,0.0245193,-0.021568367,0.0582824,-0.046287933,-0.0037727333,-0.0023178667,-0.015326933,0.000045933333,0.0025560667,-0.0057764,0.0088138667,0.025126567,-0.0067122667,-0.0026638,-0.0017636333,0.00044503333,-0.0011996,0.0002209,0.00093796667
Santhal_Bangladesh_(n=8),0.0083945,-0.21795787,-0.17620962,0.11349512,-0.01315625,0.067735375,-0.00534625,0.011018875,0.077131,0.049727875,0.020034875,0.00335325,-0.005742,0.012953875,-0.021308,-0.023584375,0.01276125,-0.001346125,-0.003692375,0.02641875,0.002308375,0.016554,-0.00648575,0.00902225,0.00065875
Santhal_Bangladesh_o_(n=2),0.0187805,-0.174671,-0.16499,0.1109515,-0.0315445,0.0677705,-0.0062275,0.0099225,0.062482,0.040092,0.007226,-0.000375,-0.000743,0.0078445,-0.0181185,-0.011668,0.0181235,-0.003294,-0.0057195,0.019259,-0.000437,0.0101395,-0.0035125,0.0027715,0.000359
Santhal_Chhattisgarh_(n=20),0.0091627,-0.21569845,-0.17656795,0.116927,-0.0148797,0.0690394,-0.00746135,0.0113997,0.08066425,0.0503153,0.0192756,0.0040614,-0.00518075,0.0131086,-0.01997805,-0.02603395,0.0108805,-0.0032305,-0.00378995,0.0257999,0.0006176,0.0168724,-0.0068218,0.0089469,0.00492755
Santhal_Jharkhand_(n=9),0.006703,-0.21529222,-0.17720489,0.11778833,-0.016413111,0.067925333,-0.0059795556,0.013512222,0.078741667,0.050499444,0.017790556,0.0033803333,-0.0044598889,0.014266889,-0.020539,-0.022938111,0.012270667,-0.0025335556,-0.0048183333,0.030764667,0.0020935556,0.015278,-0.0095311111,0.0090642222,0.0020356667
Saraiki_Arain_(n=1),0.066017,0.007109,-0.112005,0.073967,-0.072013,0.04518,0.00799,0.004384,-0.007363,-0.004738,-0.007795,-0.002098,-0.003122,-0.003028,0.0095,0.024264,0.00665,0.002407,-0.007416,-0.012756,-0.008859,-0.007914,-0.001356,-0.010242,0.007664
Saraiki_Awan_(n=1),0.07057,-0.005078,-0.106725,0.071706,-0.075091,0.04518,0.00235,0.006231,0.001227,-0.003462,-0.002111,-0.000899,0.002081,-0.003441,0.005429,0.014983,0.001043,-0.003801,-0.005028,-0.00988,0.000624,-0.001731,-0.003574,0.000361,0.008861
Saraiki_Jat_(n=4),0.06744025,-0.0007615,-0.1138905,0.07727775,-0.0769375,0.04573825,0.0022325,0.00357675,0.00317,-0.0045105,-0.00259825,-0.0006745,-0.0010775,-0.0090485,0.0093645,0.01362375,0.000554,0.00079175,0.002357,-0.00622175,0.00040575,-0.0101705,0.000339,-0.00735025,0.003772
Sart_Kalmyk_(n=5),0.063058,-0.2236196,0.0372596,-0.0128554,-0.0363144,-0.0079764,0.0097764,0.008261,-0.0060128,-0.003098,-0.0225394,-0.002278,0.0008028,-0.0023398,0.0037732,0.0019092,-0.0047982,-0.000836,0.0026144,0.0044522,-0.013052,0.0000742,-0.0062364,0.0008436,-0.0012934
Saudi_Arab_(n=246),0.052090244,0.14014304,-0.060483435,-0.11144892,-0.010306992,-0.045574797,-0.012520541,-0.008697565,0.052667358,-0.0060989837,0.015308715,-0.029382386,0.058034472,0.0057538455,0.0039579228,0.023486163,-0.022397411,0.0051998618,-0.0008564065,0.025372398,0.010450065,0.014694577,-0.0053021504,0.0053513049,-0.0068198333
Saudi_Arab_(Afro-Arab-Mixed)_(n=250),-0.046967964,0.11075769,-0.053602432,-0.05993336,-0.021419244,-0.020268648,-0.007931076,-0.001905124,0.021174752,-0.009844388,0.006591652,-0.012417324,0.02606556,0.001838068,0.001940788,0.014979984,-0.011640708,0.004008936,0.000328336,0.006746696,0.005161424,0.005381368,-0.001662368,0.001003032,-0.00098914
Saudi_Arab_(Arabian-Mixed_Profile)_(n=6),0.0491335,0.13083417,-0.055185333,-0.077573833,-0.017285333,-0.025611333,-0.005131,-0.0028075,0.023861167,-0.0045255,0.011556667,-0.011464833,0.0289145,0.000367,0.0017645,0.011778333,-0.015754667,-0.001668,0.00029316667,0.01384,0.00705,0.0096861667,0.0003495,-0.0016868333,-0.004271
Saudi_Arab_Hejaz_(n=6),0.037751333,0.135404,-0.059962167,-0.1056215,-0.011284,-0.044018333,-0.011163,-0.0065765,0.053414833,-0.0071983333,0.011448333,-0.0273755,0.053939167,0.0038075,0.0070801667,0.023402167,-0.021122333,0.0027238333,-0.000377,0.021135167,0.0089011667,0.013746167,-0.0046011667,0.0034741667,-0.007025
Saudi_Arab_Hejaz_(Afro-Arab-Mixed)_(n=2),-0.056912,0.119325,-0.043746,-0.076874,-0.0058475,-0.0299805,-0.014218,0.0019615,0.0329285,-0.0097495,0.004222,-0.0152865,0.0239345,0.00578,0.006582,0.001724,-0.0145375,0.002724,0.0008795,0.01063,0.0003745,0.0038955,0.0004315,0.0030125,-0.004431
Saudi_Arab_Jizan_(n=4),0.0409765,0.1393815,-0.05779375,-0.109336,-0.0113095,-0.04329775,-0.009165,-0.00721125,0.05061975,-0.005786,0.0137625,-0.024578,0.0523285,0.007466,0.00295175,0.02065075,-0.0202095,0.008203,0.00160275,0.01732075,0.0066445,0.009521,-0.0068095,0.0047595,-0.00248475
Saudi_Arab_Najd_(n=16),0.057950625,0.13694631,-0.062342563,-0.10618569,-0.013198,-0.043737625,-0.013241562,-0.0087779375,0.047378562,-0.0065645625,0.013764313,-0.02849125,0.058584875,0.0037919375,0.0043161875,0.023631437,-0.024332375,0.00591,-0.0010865,0.024357313,0.0091581875,0.014434813,-0.005340625,0.0064899375,-0.006394
Saudi_Arab_Qatif_(Afro-Arab-Mixed)_(n=5),-0.033479732,0.10821842,-0.056504856,-0.043704248,-0.032875168,-0.012935912,-0.002620956,-0.001447512,-0.002237628,-0.006203364,0.004742784,-0.011047364,0.016759768,0.000513588,0.000526968,0.012622528,-0.015571056,0.001590656,-0.001960832,0.00016712,0.006291248,0.006340536,-0.001671,0.00028292,0.001891192
Saurashtra_(n=1),0.049965,-0.072558,-0.162086,0.116024,-0.075055,0.063903,-0.00101,0.014321,0.040173,0.024749,-0.001253,0.00145,-0.001877,0.00356,-0.004878,-0.004069,0.003459,-0.001145,-0.000957,0.003521,-0.002234,0.003567,-0.001658,0.0016,0.003922
Savara_(n=1),0.004553,-0.242712,-0.159522,0.101745,0.010463,0.059404,-0.0047,0.008307,0.075674,0.046106,0.028256,0.001948,-0.002081,0.019405,-0.020222,-0.031954,0.011865,-0.006081,-0.008925,0.032766,0.001373,0.018548,-0.005793,0.009158,0.012334
Schaghticoke_(European-Mixed)_(n=2),0.131315,0.111288,0.068965,0.0511725,0.030359,0.017226,-0.0127605,-0.0145325,0.000958,-0.0049405,-0.003693,0.0016575,-0.0039465,-0.0025865,0.0151775,0.002203,-0.0080185,-0.0004955,-0.0011425,0.001158,0.0024345,0.0033955,-0.0001805,0.00648,-0.002196
Scottish_(n=41),0.13153505,0.13422329,0.062280146,0.047536146,0.038566098,0.017359195,0.0035938049,0.0051949268,0.004060561,0.0031557561,-0.0057509024,0.0052343659,-0.012407829,-0.013325878,0.02338361,0.0048023659,-0.0097310732,0.0028428293,0.0024189756,0.002251122,0.0038011707,0.0033657561,-0.00069139024,0.01506822,-0.0011156829
Scottish_Argyll_and_Bute_(n=1),0.135449,0.132019,0.059962,0.05491,0.03693,0.022869,0.00564,0.006231,-0.005113,0.000547,-0.003573,0.010641,-0.010406,-0.012248,0.032573,-0.007558,-0.025555,0.004181,0.006913,-0.000625,0.001622,-0.000618,-0.004437,0.009519,-0.000479
Scottish_Lanarkshire_(n=1),0.127482,0.137096,0.052797,0.048127,0.033852,0.02008,0.003995,0.000692,0.008795,0.008018,-0.006983,0.002248,-0.011596,-0.012111,0.018458,0.006629,-0.012517,0.003041,0.001383,0.000625,0.000873,0.006183,0.003204,0.015062,0
Scottish_Orkney_(Orcadian)_(n=39),0.13273515,0.13342482,0.063143513,0.048756436,0.039731256,0.017655923,0.0030188462,0.0063489487,0.004368359,0.0014812821,-0.0059334359,0.0056872308,-0.011911949,-0.011779103,0.022487795,0.0050350256,-0.010882026,0.0013187692,0.0018758462,0.0023888974,0.0047288462,0.0032181026,-0.00080582051,0.012973667,-0.00016274359
Scottish_Shetland_(Shetlandic)_(n=3),0.13431133,0.133373,0.060842,0.047911667,0.040417667,0.019429333,0.00423,0.0046923333,0.003545,-0.0041306667,-0.0039513333,0.006744,-0.011545667,-0.012615333,0.021308,0.0026076667,-0.0087356667,0.001436,0.002975,-0.0024596667,0.0032026667,0.0026793333,0.0062853333,0.018797667,0.0026743333
Scottish-Canadian_Nova_Scotia_(n=14),0.13653686,0.14269871,0.064805643,0.043743214,0.043015929,0.017759,0.0048710714,0.0048280714,0.0057205714,0.006708,-0.0039373571,0.0061609286,-0.013815714,-0.011723929,0.0154355,0.0040886429,-0.0043162143,0.0013471429,0.00078307143,0.0012122857,0.0034747143,0.0047945,-0.002023,0.005785,-0.0017235714
Scottish-Canadian_Prince_Edward_Island_(n=6),0.1378005,0.1416885,0.065961667,0.043547833,0.0419775,0.0182535,0.004631,0.0034546667,0.0044926667,0.0074783333,-0.0062478333,0.0068445,-0.015581833,-0.011055,0.016569333,0.0036271667,-0.0050203333,0.001818,0.0012926667,0.001682,0.0048651667,0.0046716667,-0.0024721667,0.0060465,-0.0014691667
Seletar_(n=18),0.0023395556,-0.37145811,-0.084831222,-0.014355556,0.12161228,0.0512385,-0.0098573333,-0.0094483889,0.00014777778,-0.013870222,0.062375222,0.0085256667,-0.0063675556,0.0038840556,0.0047200556,-0.0046848333,-0.0012313889,-0.0035121111,-0.00043277778,0.0099492222,-0.011438111,0.0032081111,-0.0079015,-0.0015664444,0.009999
Seletar_o_(n=6),0.0092955,-0.4007955,-0.0593965,-0.0324615,0.10786633,0.045831,-0.0029375,-0.0068841667,-0.0054201667,-0.012027333,0.020027667,0.0040711667,-0.0042366667,0.00045883333,0.0048858333,-0.0003755,0.00015216667,-0.0042018333,-0.0002305,0.001751,-0.0046585,0.0039568333,0.000493,0.00076333333,0.0021355
Selkup_Taz_(n=88),0.071747375,-0.25413623,0.12463835,0.046214693,-0.10848519,-0.03975783,0.011611614,0.016800886,0.0060590909,-0.022617977,0.063798364,-0.0012176932,0.014301807,-0.077461205,-0.019060977,-0.012689432,-0.0075370682,0.003553,0.01412533,0.00052581818,-0.013128761,0.032042943,0.044489636,-0.014462489,-0.011378875
Selkup_Taz_(European-Mixed)_(n=4),0.09589575,-0.09622125,0.095977,0.05709025,-0.0459315,-0.016594,0.0069915,0.014307,0.00281225,-0.01640125,0.03901375,-0.0069315,0.0165755,-0.04699825,-0.015472,-0.00510475,0.00052175,0.00326225,0.0093645,-0.00137575,-0.010107,0.0205265,0.032445,-0.0110255,-0.01158575
Seluwasan_(n=1),-0.010244,-0.350358,-0.131992,0.082688,0.164954,-0.153948,-0.008225,-0.014769,-0.025565,-0.02041,0.033614,0.006145,-0.006095,-0.004679,0.009636,0.004508,0.001565,0.004181,0.004902,-0.005002,0.001248,-0.026585,-0.005916,-0.004097,-0.032931
Seminole_(European-Mixed)_(n=1),0.072888,-0.207747,0.097472,0.08051,-0.068521,-0.009172,-0.188497,-0.224546,-0.010086,-0.017595,0.00238,-0.003389,0.003396,0.013055,-0.008271,0.001482,0.004875,0.002321,0.005203,0.003774,0.001801,-0.001274,0.000436,0.003652,0.004555
Sena_(n=20),-0.62278325,0.06347055,0.01895035,0.01548785,0.00044625,0.01154615,-0.01398325,0.0227991,-0.0289402,0.0127564,0.00154265,0.002203,-0.0124206,0.00067425,-0.0183629,0.01468435,-0.01180615,0.0093434,-0.0091194,0.0049772,-0.00028695,-0.0000495,0.0022986,-0.000253,0.0005508
Sengwer_(n=2),-0.481472,0.0655015,-0.004148,-0.0289085,-0.000308,-0.014642,0.0003525,-0.001154,0.0989895,-0.096767,-0.017132,0.012139,-0.0315905,0.0002065,0.0097715,-0.0161755,0.0084095,-0.0039905,0.015461,-0.0165705,-0.000125,0.001175,-0.004252,0.001928,0.0036525
Sephardic_Jew_Bulgaria_(n=3),0.090678667,0.141836,-0.023255667,-0.059216667,0.0034876667,-0.024542333,-0.0032116667,-0.0015383333,0.011044667,0.02284,0.0023276667,0.0021983333,0.000694,-0.0021103333,-0.0035283333,-0.0038453333,-0.00099933333,-0.0013933333,-0.0039803333,-0.0086293333,-0.0042423333,-0.001937,-0.002917,-0.0025706667,0.00099766667
Sephardic_Jew_Greece_(n=5),0.0921992,0.1522,-0.0184572,-0.0625874,0.0093808,-0.0228542,-0.0046632,-0.0035308,0.0167432,0.0227996,0.0048636,-0.000691,0.003398,-0.0012826,-0.0038496,0.0017106,-0.0028342,0.0001658,-0.0022986,-0.001613,0.0026374,-0.0017048,-0.0004434,-0.0049586,-0.000043
Sephardic_Jew_Portugal_(Belmonte_Crypto-Jew)_(n=1),0.08992,0.152329,0.00792,-0.038437,0.029544,-0.015339,0.001175,0.003923,0.020861,0.029522,-0.000487,0.000599,0.002081,-0.014313,0.000814,0.009149,0.001825,-0.002787,-0.002137,0.001751,-0.006239,-0.004822,0.002342,-0.00482,0.000359
Sephardic_Jew_Turkey_(n=20),0.092538,0.14583005,-0.0211186,-0.05986805,0.0069858,-0.021362905,-0.00401855,-0.00365745,0.0100011,0.01902545,0.00424645,0.00068185,0.0012858,-0.0007845,-0.00449235,-0.00304295,-0.00128425,-0.0013619,-0.00343795,-0.00353925,-0.0029198,-0.0039074,0.00425825,0.000735,0.00169435
Serb_(n=19),0.12814089,0.13832568,0.039597737,0.01496,0.031827842,0.0064584737,0.0062090526,0.0053682632,0.00064589474,0.0018222632,-0.0022562632,-0.0013014211,0.0045458947,0.013740579,-0.014672053,-0.0018144737,0.0057438421,0.0010802632,0.0081703158,-0.0035344737,-0.0089710526,-0.0011584211,0.0056045263,0.00068494737,-0.0031449474
Serb_Bosnia_(n=7),0.129433,0.13927243,0.046278143,0.023717429,0.031522286,0.007849,0.0047,0.007813,0.0025711429,0.00028628571,-0.004338,-0.003554,0.0041198571,0.014332571,-0.014444571,-0.0035798571,0.0047682857,-0.0019727143,0.0044532857,-0.00050042857,-0.009091,-0.0013425714,0.0045602857,0.00013785714,-0.00035928571
Serb_Croatia_(n=11),0.12862018,0.13524991,0.041449091,0.019820455,0.033740455,0.0056285455,0.0045077273,0.0053704545,-0.0012271818,0.00072890909,-0.0012252727,-0.0014303636,0.0028516364,0.013199273,-0.017372091,-0.0028567273,0.0060450909,0.00058754545,0.0041595455,-0.0035472727,-0.0059552727,-0.0046201818,0.0043137273,0.00018627273,-0.0023078182
Serb_Herzegovina_(n=1),0.129758,0.14319,0.039975,0.024871,0.030467,0.003904,0.0047,0.011769,0.005727,-0.002369,0.001299,-0.002698,-0.004906,0.005367,-0.005293,-0.006364,0.000261,0.002027,0.006411,-0.005253,-0.004742,-0.005317,0.012448,-0.000723,-0.007903
Serb_Kosovo_(n=1),0.134311,0.139128,0.033564,0.018734,0.025543,0.006693,0.000705,-0.003461,0.000409,0.007107,-0.007795,0.002997,-0.006095,0.015689,-0.014658,-0.00053,0.00678,0.003167,0.005154,-0.004627,-0.004118,-0.002597,-0.002958,-0.002771,0.000718
Serb_Montenegro_(n=9),0.12710222,0.13777333,0.036413,0.011089667,0.030091111,0.0036256667,0.0047,0.0038715556,0.0018862222,0.0040901111,0.00019833333,0.0014487778,0.0021804444,0.011009778,-0.014944444,-0.00013255556,0.014675444,0.0023226667,0.007877,-0.00066688889,-0.0099824444,0.0015248889,0.0071073333,-0.0018476667,-0.00318
Serb_North_Macedonia_(n=1),0.118376,0.14319,0.030924,-0.012274,0.023697,0.005299,-0.00047,0.002769,-0.001841,0.011116,0.002111,0.00015,-0.001487,0.00812,-0.02158,0.001856,0.014994,-0.00152,0.00729,-0.003502,-0.003119,-0.007296,0.002835,-0.00494,0.008023
Serb_Serbia_Backa_(n=2),0.124067,0.136081,0.046197,0.0188955,0.030621,0.005299,0.0059925,0.008192,0.004704,0.00082,-0.000812,-0.001049,0.0082505,0.0127985,-0.0088215,-0.001525,0.002347,-0.0023435,0.0073535,-0.0031265,-0.005802,-0.0004325,0.002896,0.003976,0.0015565
Serb_Serbia_Belgrade_(n=23),0.12733343,0.137229,0.040023957,0.014829913,0.031497435,0.0045956522,0.0048737826,0.006672,-0.0011737391,-0.0000078695652,-0.0022945652,-0.001251,0.0034127826,0.012433957,-0.012887522,-0.00083582609,0.0040475652,0.0005893913,0.004301087,-0.0024467826,-0.0083167826,-0.001715087,0.0048924783,0.000372,-0.0020096522
Serb_Serbia_Branicevo_(n=1),0.121791,0.13405,0.038089,0.014535,0.030159,0,0.00517,0.005538,0.008999,0.003645,-0.003897,0.003147,0.005649,0.003303,-0.009636,-0.001591,0.005346,0.003674,0.001006,-0.009755,-0.004991,0,0.004314,-0.006989,0.002395
Serb_Serbia_Central_Banat_(n=1),0.120652,0.142174,0.030547,0.019703,0.039084,0.002231,0.007285,0.00923,0.006136,0.005103,0.006171,-0.004046,-0.00223,0.011285,-0.017236,0.007027,0.012126,-0.004814,0.010559,-0.005002,-0.01148,-0.006677,0.004807,0.000964,-0.005868
Serb_Serbia_Jablanica_(n=5),0.127482,0.1362842,0.0381648,0.0072998,0.03336,0.0030678,0.006063,0.0092764,0.0005316,0.0046652,0.0003572,-0.001109,0.0013082,0.0131292,-0.0163948,-0.002466,0.0027638,0.0016722,0.0047768,-0.0053026,-0.004667,-0.004303,0.001824,0.0001688,0.0007424
Serb_Serbia_Kolubara_(n=1),0.12862,0.133034,0.035449,-0.00323,0.03693,0.010598,0.00141,-0.000231,0.003681,0.008565,0.002761,0.002548,0.000297,0.013487,-0.015608,-0.004641,-0.004172,-0.003421,0.009679,0.000875,0.002995,0.001855,0.002835,-0.006989,0.007185
Serb_Serbia_Macva_(n=3),0.125964,0.13743467,0.045505667,0.021102667,0.034878333,0.0051133333,0.0039166667,0.0053076667,-0.00027266667,-0.002369,-0.0046553333,-0.0037463333,-0.000743,0.012478,-0.015607667,-0.0051706667,0.0093876667,3.33e-7,0.0068293333,0.000375,-0.0081106667,-0.0037506667,0.0038206667,-0.0017273333,-0.0025543333
Serb_Serbia_Moravica_(n=2),0.1263435,0.138112,0.040163,0.020672,0.0295435,0.0033465,0.0078725,0.010269,-0.0014315,-0.0033715,-0.0042225,-0.0007495,0.006987,0.015964,-0.010247,-0.0081545,0.0005215,-0.0000635,0.0063475,-0.0015635,-0.0150985,0.0001235,0.0081345,-0.002771,-0.007125
Serb_Serbia_Nisava_(n=3),0.12596433,0.13777333,0.035701,0.015396333,0.033647333,-0.0013946667,0.0057186667,0.006384,0.000341,0.0038876667,0.00070366667,-0.0053953333,0.00049566667,0.012799,-0.016241333,-0.003889,0.011691,0.00046466667,0.009134,-0.0020426667,-0.003993,0.00065933333,0.0057513333,0.002691,-0.000399
Serb_Serbia_Pcinja_(n=2),0.1274815,0.1365885,0.041672,0.0156655,0.032775,0.0064145,0.0043475,0.0071535,-0.003477,0.0066515,-0.002598,0.0027725,0.0005945,0.0048855,-0.011265,-0.0011935,0.0046285,0.00114,0.0031425,-0.008379,-0.0052405,0.0039565,-0.001171,0.0030725,-0.002754
Serb_Serbia_Pomoravlje_(n=1),0.122929,0.132019,0.040352,0.024871,0.030775,0.003347,0.005875,0.007615,0.002045,-0.00164,-0.006658,-0.008243,0.001784,0.011285,-0.010993,-0.001724,0.01017,0.002787,0.011941,0.001876,-0.009733,-0.005317,0.009367,0.007591,-0.001676
Serb_Serbia_Rasina_(n=1),0.129758,0.135065,0.048649,0.021318,0.029544,0.010319,-0.003055,0.010153,0.00409,0.000547,-0.004872,0.001349,0.000892,0.015414,-0.006107,-0.001724,-0.001434,0.002027,0.018603,0.008379,-0.007612,0.001731,0.005916,-0.003374,-0.006706
Serb_Serbia_Sumadija_(n=7),0.12813257,0.13869229,0.040298143,0.015411714,0.033764286,0.006773,0.0058751429,0.007615,0.00064271429,0.00041642857,-0.00067271429,-0.0018624286,0.0063074286,0.016318,-0.016887571,-0.0016478571,0.0060907143,-0.00068757143,0.0053691429,-0.00042857143,-0.0089128571,0.000053142857,0.0026761429,0.0013771429,-0.00078671429
Serb_Serbia_Toplica_(n=2),0.1303275,0.136589,0.035261,0.013889,0.0313905,0.005717,0.00423,0.0001155,-0.0017385,0.00492,-0.005196,-0.0030725,0.0014865,0.0077755,-0.0148615,0.0007955,0.010822,0.0005065,0.0072275,-0.0001875,-0.0112305,0.000371,0.008504,-0.0046995,0.0021555
Serer_Gambia_(n=50),-0.60392262,0.0633893,0.01756634,0.01058794,0.0013848,0.0082886,-0.03860302,0.03938602,-0.0289074,0.02438328,0.0033549,-0.00115692,0.01778878,-0.00134044,0.01436736,-0.01053558,0.0093824,-0.00130742,-0.0027955,-0.00253622,-0.0016646,-0.00359332,0.00124728,-0.00097838,0.00269186
Shabak_Iraq_(n=4),0.09431825,0.11013275,-0.05453775,-0.04221825,-0.03702675,-0.00604825,0.004815,-0.0042885,-0.02538925,-0.00991575,0.00168475,-0.000487,0.00205825,0.000697,0.00091975,0.00260925,-0.0035305,0.00085825,0.000413,-0.008489,-0.00332625,-0.0009955,0.000143,-0.00326225,0.00148675
Shawnee_(European-Mixed)_(n=5),0.0799458,-0.1414754,0.0915012,0.0712466,-0.0489964,-0.0018808,-0.1495708,-0.177167,-0.005849,-0.0114102,-0.0010706,-0.0021232,0.0005326,0.0076702,-0.0008324,0.0030528,0.0003988,0.0016386,0.0044064,0.0009078,0.0012626,0.0004796,0.0000716,0.0043814,0.0022042
She_Fujian_Ningde_(n=10),0.01798,-0.4528113,-0.0160552,-0.0676554,0.0893298,0.0415086,0.0009651,-0.0046671,-0.0154613,-0.0036727,-0.0489936,-0.0075856,0.0068162,-0.0067835,-0.0054875,0.0005165,0.0018255,0.0012944,-0.0048512,-0.0123072,0.013754,0.0136174,0.0177223,0.0004692,0.0063715
She_Guizhou_Qiandongnan_Majiang_(n=32),0.017820406,-0.44841962,-0.030853187,-0.065528625,0.11353072,0.05122875,-0.0005728125,-0.0072689063,-0.019333938,-0.0098350625,-0.014269906,-0.0024961875,0.0035957187,-0.0041114688,-0.0016158437,0.0008824375,0.000916875,-0.0010372812,-0.004104875,-0.012990562,0.015133531,0.0086672188,0.017616656,-0.00091490625,0.009344125
Sherpa_Khumbu_(n=173),0.021468468,-0.40606494,-0.0012534451,-0.031906052,0.014006942,0.0055810405,0.0063532081,0.0072789595,0.0053601792,0.013068353,-0.082517705,-0.012114098,0.010300561,-0.0060490405,-0.0090971618,-0.0054745029,0.0014146301,-0.0028516069,-0.0086172428,0.0057555954,-0.00076025434,0.024616173,0.0029757341,0.0016785838,0.037326561
Sherpa_Rolwaling_Himal_(n=30),0.0220058,-0.40465457,-0.0030797333,-0.033516633,0.0136024,0.0055872,0.0053503333,0.0068074667,0.0035383667,0.0141475,-0.0799222,-0.012374,0.010941267,-0.0030597,-0.010459533,-0.0043665667,0.0053197333,-0.001668,-0.0091299333,0.0048105667,-0.000020833333,0.025583767,0.0023211,-0.00028523333,0.036962767
Sherpa_West_Bengal_(n=6),0.020488167,-0.40418067,-0.003457,-0.028316333,0.012925333,0.0078553333,0.0036425,0.0074995,0.0086923333,0.01303,-0.084117333,-0.010465667,0.012710333,-0.0030508333,-0.0043883333,-0.0052153333,-0.0016731667,-0.0066933333,-0.007521,0.0084203333,0.0013518333,0.021845333,0.0025058333,-0.0018676667,0.03345
Sherpa_West_Bengal_o_(n=1),0.030732,-0.34528,-0.037335,0.003876,0.008925,0.015339,0.011516,0.006923,0.022498,0.022597,-0.06869,-0.001049,0.011001,0.001514,-0.0057,-0.006232,0.000652,-0.010642,-0.011439,0.005378,-0.001248,0.024731,0.002342,-0.001325,0.027902
Shilluk_(n=12),-0.57471192,0.056362,0.0010686667,-0.0094208333,-0.0018721667,-0.0038811667,-0.015334667,0.017960667,0.080088083,-0.097724083,-0.018282167,0.023966083,-0.039184417,-0.00068816667,0.0070461667,-0.0142755,0.021035333,-0.012531667,0.018749917,-0.019426167,-0.0016221667,0.0039568333,-0.00450875,-0.002701,0.0028738333
Shilluk_o1_(n=1),-0.600986,0.055854,0.007542,0.00323,0,-0.002231,-0.009165,0.014769,0.041723,-0.05704,-0.018675,0.021581,-0.023637,-0.000688,0.005565,-0.012729,0.012908,-0.011655,0.016592,-0.014382,0.001497,0.000371,0.00493,-0.002892,0.001557
Shilluk_o2_(n=3),-0.54862733,0.062963,-0.00062866667,-0.013243,-0.0022566667,-0.0064146667,-0.015902667,0.015460667,0.076696667,-0.096706667,-0.018783333,0.024128333,-0.033201,-0.0034403333,0.006786,-0.0073366667,0.02386,-0.012162333,0.017472,-0.013464667,0.000499,0.009315,-0.0010266667,-0.0018476667,0.001956
Shipibo_(n=10),0.0516756,-0.317556,0.1180388,0.099161,-0.1157447,-0.0164266,-0.3067124,-0.3658696,-0.0150121,-0.0163466,-0.0010555,-0.0017535,0.0016948,0.0262998,-0.0067724,0.0046539,0.0059455,-0.0016723,-0.0025768,-0.0000874,0.0000873,0.0075552,-0.0045109,0.0007229,-0.0037362
Shipibo_(SSA-Mixed)_(n=1),-0.100164,-0.183811,0.067882,0.08398,-0.064012,-0.011713,-0.241121,-0.227529,-0.001023,-0.014761,-0.00065,0.013038,0.000297,0.014863,0.012215,-0.002254,0.001695,-0.008615,0.006411,-0.006628,0.01148,-0.001113,-0.006902,0.008676,0.008981
Shor_(n=3),0.070191,-0.22849433,0.077184,0.025409333,-0.066166333,-0.014502,0.0036033333,0.0099996667,-0.0053856667,-0.014761333,-0.004601,-0.00079933333,0.0044103333,-0.025001333,0.012848333,0.001635,-0.011560333,-0.0016473333,0.0043156667,0.01088,-0.040636667,0.009068,-0.0030403333,-0.0041366667,-0.006706
Shor_Khakassia_(n=6),0.070380667,-0.22290883,0.077309833,0.027885667,-0.066217167,-0.0167335,0.0021541667,0.0045381667,-0.0065788333,-0.016461833,0.00027066667,0.000225,0.0025025,-0.0366075,0.0067633333,-0.000442,-0.015711333,0.003885,0.013386833,0.015299,-0.04282,0.0098096667,-0.00090366667,-0.0051611667,-0.0096198333
Shor_Mountain_(n=7),0.070407857,-0.22182057,0.077525286,0.026809,-0.066649571,-0.015777143,0.0011414286,0.0019778571,-0.0062817143,-0.016115,-0.0044538571,-0.0016487143,0.0037802857,-0.033953571,0.0083952857,0.001572,-0.010989714,0.0024795714,0.010109714,0.0090577143,-0.044136429,0.013707857,-0.0048064286,-0.004028,-0.0089981429
Shwashin_Arab_Libya_(n=2),-0.153661,0.1127235,-0.013765,-0.057171,0.001539,-0.0259365,-0.019388,0.008538,0.0473475,-0.0041005,0.001705,-0.0048705,0.016947,0.0022705,0.012215,-0.0121985,-0.010496,-0.0081715,-0.013764,0.005065,-0.0026825,-0.006492,0.000616,0.0083745,-0.0004195
Shwashin_Arab_Tunisia_(n=3),-0.390793,0.085642667,-0.008171,-0.024978667,0.005642,-0.010225667,-0.035878,0.025845333,0.021611333,-0.0061353333,0.0022193333,-0.002148,0.010059333,-0.0075693333,0.010631333,-0.0037566667,0.004998,-0.010599333,-0.011103,0.002918,-0.0081523333,-0.0053173333,0.008751,0.004378,0.0026333333
Shwashin_Arab_Tunisia_Douz_(n=2),-0.4046415,0.0858125,0.0005655,-0.0266475,0.0015385,-0.008646,-0.0329015,0.0274605,0.0203505,0.003827,-0.000487,0.0028475,0.009291,-0.0037845,0.01174,-0.0043755,0.0063235,-0.005321,-0.0076045,0.0013755,-0.0033695,-0.0061825,0.007703,-0.001265,0.0037125
Shwashin_Berber_East_Zenati_Tunisia_Matmata_(n=1),-0.413178,0.084289,0.005657,-0.019703,0.010156,-0.011713,-0.029611,0.029999,0.013908,0.004191,0.000487,0.004496,0.014123,-0.004817,0.011536,-0.004375,0.011213,-0.005701,-0.015209,0.002626,-0.005116,-0.011623,0.007395,0.000723,0.006347
Siddi_Karnataka_(n=4),-0.36565675,0.021834,-0.04223775,0.03948675,-0.024389,0.02259025,-0.007109,0.01673,-0.001994,0.016629,-0.005724,0.00067425,-0.01103825,-0.00068775,-0.0142505,0.0046075,-0.00332475,0.00494075,-0.003425,0.00487725,-0.00461725,0.0022875,0.001356,-0.000994,-0.002305
Siirti_Arab_(n=2),0.089351,0.123387,-0.059585,-0.053295,-0.032929,-0.0093425,0.0045825,-0.006577,-0.029247,-0.0049205,-0.0007305,-0.006519,-0.0003715,0.0030965,0.000543,0.0080215,-0.008084,0.0037375,0.0010055,-0.005565,0.00131,-0.003091,-0.0002465,0.003916,-0.0044305
Sindhi_(n=9),0.067155667,-0.003272,-0.11757767,0.073177444,-0.073449556,0.044653556,0.00018277778,0.0034357778,0.00095433333,-0.0011338889,-0.0068203333,-0.00099911111,-0.00079311111,-0.0065447778,0.0092291111,0.014923778,0.0044474444,0.00061933333,0.002458,-0.010074333,0.000083,-0.0066773333,-0.0013831111,-0.0031327778,0.0031533333
Sindhi_(Siddi-Mixed)_(n=2),-0.0068295,0.010155,-0.1040855,0.06137,-0.0717055,0.0398815,0.001645,0.0117685,-0.005318,-0.008474,-0.0007305,-0.0015735,-0.002676,-0.0071565,0.005293,0.0164415,-0.0056715,0.001267,-0.000314,-0.012131,-0.0017465,-0.007852,0.0004315,-0.004639,0.002096
Sindhi_(Siddi-Mixed)_o_(n=1),-0.227646,0.027419,-0.060716,0.043605,-0.044316,0.030399,-0.006815,0.009461,-0.009204,0.002551,0.000162,0.002098,-0.002379,-0.010184,-0.006379,0.018297,-0.00691,-0.00228,-0.00729,-0.008254,0.001497,-0.005564,-0.001725,-0.00253,-0.002395
Sindhi_Bhatia_(n=1),0.081526,0.008433,-0.101778,0.07471,-0.082625,0.047958,-0.001445,-0.001061,-0.017271,-0.015039,-0.007197,0.000923,-0.002867,-0.01023,0.013691,0.01376,-0.005122,0.001241,0.001443,-0.014931,-0.003316,-0.006471,0.001779,-0.005884,-0.000128
Sindhi_Brahmin_Pushtikar_(n=1),0.064245,-0.013171,-0.108456,0.079072,-0.066209,0.044121,0.0069,0.005787,0.002104,-0.001016,-0.001149,0.002334,-0.00191,-0.004212,0.005383,0.005409,-0.001493,-0.000413,0.000943,-0.005965,-0.002915,-0.001984,-0.000043,-0.002442,0.000977
Sindhi_Hindu_(n=1),0.075123,0.011171,-0.112005,0.072675,-0.078784,0.050479,0.00658,0,-0.010635,-0.011299,-0.006333,-0.013638,0.003419,0.005092,0.00855,0.004906,-0.009518,0.008868,0.005279,-0.020635,-0.003369,-0.008779,-0.005423,-0.011086,0.004191
Sindhi_Lasi_(n=4),0.06089525,0.034528,-0.11219325,0.0366605,-0.07686025,0.0376505,0.00440625,0.003519,-0.0169245,-0.01243775,-0.0026795,-0.00093675,0.00338225,-0.00244275,0.0100095,0.028805,-0.00443325,0.00440225,0.006819,-0.01644575,0.0016845,-0.01010875,0.00064725,-0.01569475,0.014789
Sindhi_o_(n=2),0.036423,0.0050775,-0.118227,0.0666995,-0.079553,0.0421125,0.004935,0.0077305,0.001432,-0.0017315,-0.005115,-0.00015,-0.001264,-0.007569,0.012622,0.009149,-0.012452,0.005511,0.0063475,-0.015445,0.0000625,-0.010078,0.0021565,-0.0097605,0.003173
Sinhalese_(n=16),0.034004562,-0.094634625,-0.1734285,0.11470638,-0.075321625,0.060798125,-0.0010575,0.0129225,0.051322687,0.031401563,-0.0032579375,0.0005806875,-0.000576,0.0057370625,-0.009135625,-0.00813775,0.000211875,0.00002375,-0.00039275,0.00422075,0.0019341875,0.0000773125,-0.0016096875,0.0010015,-0.0045504375
Sinhalese_Govigama_(n=2),0.031504,-0.093591,-0.175028,0.1129825,-0.077019,0.0608705,-0.0016375,0.0119765,0.0464225,0.029778,-0.0028445,0.000829,0.0009015,0.00321,-0.0050445,-0.00349,0.002911,-0.001413,-0.001318,0.0042855,-0.0013295,0.0030955,-0.0014015,0.001947,0.0047745
Sioux_Lakota_(n=8),0.054174375,-0.32064125,0.11214625,0.082763875,-0.106993,-0.018827375,-0.235211,-0.27968175,-0.009312625,-0.016812125,0.005347625,-0.003679375,0.0037315,0.00973025,-0.013295,0.00038,0.006004875,0.00211475,0.00616275,0.0028765,0.00127,-0.002239125,-0.000290125,0.002935875,0.0044095
Sioux_Lakota_(European-Mixed)_(n=13),0.062899846,-0.26861769,0.10506662,0.080177769,-0.090690077,-0.014841077,-0.20447292,-0.24366385,-0.0097639231,-0.017467615,0.0045950769,-0.003539,0.0045748462,0.0092033846,-0.010814,0.0016116923,0.0047272308,0.0028462308,0.0065033077,0.0022656154,0.0015319231,-0.001842,0.00045823077,0.0035023077,0.0042626154
Slovak_(n=6),0.1303275,0.12897217,0.062665,0.051034,0.040776833,0.01929,0.0064625,0.0080766667,-0.001125,-0.012209833,-0.002084,-0.0046458333,0.0096381667,0.0098858333,-0.0095456667,0.0093918333,0.013451167,0.00023233333,0.0044206667,0.0029181667,-0.0023916667,-0.0010716667,0.0040055,0.001687,-0.0022155
Slovene_(n=8),0.12904675,0.13468475,0.05491825,0.034520625,0.03454475,0.012062,0.005933875,0.009086125,0.001585,-0.00291575,-0.001766,-0.00170475,0.0034005,0.013143,-0.006752,-0.00179,0.001890625,-0.00288225,0.00724325,-0.00137575,-0.0027295,-0.00185475,0.003944,0.000421875,0.001601375
Slovincian_(n=2),0.137157,0.1370965,0.072407,0.0615315,0.046316,0.02008,0.0132785,0.0121145,-0.0033745,-0.020593,-0.0044655,-0.004646,0.005872,0.020987,-0.002918,-0.0043755,-0.0011735,0,0.0030795,-0.000563,-0.0050535,-0.0068625,0.0026495,0.00253,0.0015565
Somali_(n=14),-0.30000507,0.092703286,-0.027395,-0.072167429,0.0032532857,-0.033447,-0.021234929,0.0069227857,0.11827329,-0.080743643,-0.0093605714,-0.0066047143,0.0045765714,-0.0018284286,0.025554214,-0.016838929,0.017182714,-0.006606,0.010504714,-0.0047343571,0.00094485714,0.006845,-0.002773,0.00081757143,-0.0019074286
Somali_Ethiopia_(n=2),-0.306184,0.094444,-0.026964,-0.067184,-0.0018465,-0.037232,-0.0170385,0.0025385,0.1218965,-0.079546,-0.004628,-0.0071185,0.0000745,-0.0034405,0.024362,-0.01306,0.0161025,0.0002535,0.011627,-0.0025635,0.0023085,0.003586,-0.0023415,-0.005603,0.0054485
Somali_Kenya_(n=13),-0.31572777,0.092960154,-0.026514538,-0.069171692,0.001302,-0.032952,-0.017427,0.005982,0.11407731,-0.078908154,-0.0073823077,-0.0057065385,0.0028361538,-0.001916,0.023636154,-0.018093308,0.015024231,0.00021438462,0.010471769,-0.0031361538,0.00068153846,0.0053360769,-0.0023796923,-0.00073215385,0.00028553846
Somali_Somalia_(n=20),-0.29912768,0.093748947,-0.026190053,-0.070713842,0.0011164737,-0.033155789,-0.021173842,0.0057501579,0.11573326,-0.080870474,-0.0085587368,-0.0067361579,0.0044228947,-0.00062973684,0.025255211,-0.017788,0.016858,-0.0027130526,0.0097222632,-0.0035912105,0.0014443158,0.0052764211,-0.0027753158,-0.0010943158,0.000093368421
Somali_Somaliland_(n=9),-0.2926392,0.0923117,-0.0291138,-0.0683468,0.0001231,-0.0323514,-0.018237,0.003992,0.1135924,-0.0782886,-0.0089639,-0.0080328,0.0002676,0.0008809,0.0251355,-0.0217846,0.0140423,-0.0044468,0.0098169,-0.0036142,0.0007984,0.0057746,-0.0023294,0.0013375,-0.0020591
Soninke_Gambia_(n=47),-0.59689321,0.06471283,0.016914255,0.010604021,0.0022785319,0.0089541915,-0.039561957,0.038517213,-0.028633298,0.024295447,0.0027709574,-0.00077487234,0.018788191,-0.00096331915,0.01454517,-0.011405511,0.01095783,-0.0021321489,-0.0026824681,-0.0016417447,-0.0017097234,-0.0040594894,0.0013216596,-0.0004077234,0.0019771064
Sonr_(n=1),0.004553,-0.205137,-0.169704,0.099807,-0.008309,0.061356,-0.003525,0.006,0.072401,0.038816,0.016239,0.003897,-0.000743,0.010872,-0.02823,-0.02201,0.01343,-0.00076,-0.007039,0.022261,0.004866,0.014715,-0.004437,0.011688,0.005748
Sorb_Niederlausitz_(n=1),0.130897,0.137096,0.068636,0.056848,0.050779,0.021196,0.011281,0.011076,-0.003477,-0.017312,-0.002111,-0.006744,0.013082,0.017891,-0.008415,0.001061,0.008475,-0.006208,0.007039,-0.004127,-0.003369,-0.007543,0.008011,-0.004458,0.001197
Sotho_Lesotho_(n=8),-0.62759213,0.061439375,0.020081625,0.017886125,0.000577125,0.01091175,0.03043375,-0.014393625,-0.021756125,0.013736125,0.0030855,-0.011108875,-0.012190125,0.00264925,-0.012927375,0.006844875,-0.00526425,0.059749375,-0.02378825,0.004236375,-0.00499125,-0.0038175,0.002942375,-0.000542125,-0.001646375
Sotho_South_Africa_(low_res)_(n=3),-0.62906267,0.062963,0.02401,0.024763333,0.0077963333,0.012085,0.041361667,-0.022383667,-0.0087263333,0.011420333,-0.0015696667,-0.0081426667,-0.017789333,0.009817,-0.010088333,0.0061876667,-0.007171,0.058234333,-0.032095,0.0078786667,-0.013018667,-0.000165,0.011462,-0.0022893333,-0.004351
South_African_Bantu_(n=92),-0.62554459,0.063470478,0.020204685,0.016223728,-0.000060195652,0.010176478,0.00951025,0.0025007174,-0.023958207,0.011974141,0.0025946522,-0.0046979565,-0.011181859,0.0020717826,-0.012433141,0.0086615652,-0.0077479348,0.037998326,-0.01747338,0.0040426739,-0.0030951087,-0.0022391848,0.0024742391,-0.00011659783,-0.00038523913
South_African_Bantu_o_(n=3),-0.60971233,0.059578,0.017096,0.023040667,-0.00041033333,0.0074373333,0.074811667,-0.053074667,-0.0094083333,0.008201,0.0014616667,-0.02248,-0.014667667,0.002156,-0.0013116667,0.000928,0.0057366667,0.10519367,-0.035279667,0.0026676667,-0.012020667,-0.000907,0.0028346667,-0.002169,-0.000918
South_Sudanese_(n=10),-0.5783352,0.0534168,0.0014706,-0.0062016,-0.0028928,-0.0022312,-0.0123382,0.0149303,0.0820139,-0.0985168,-0.0202012,0.0239187,-0.0418332,-0.0002479,0.0091205,-0.0165207,0.0197793,-0.0124281,0.0211298,-0.0201345,-0.0010605,0.0040062,-0.0035494,-0.0027713,0.0044906
South_Sudanese_o1_(n=3),-0.584292,0.057546667,0.0077936667,-0.00075366667,-0.0025643333,-0.0011156667,-0.0028986667,0.009615,0.058698333,-0.075992333,-0.019486667,0.020232,-0.028889667,-0.00156,0.0040263333,-0.014142667,0.014777,-0.011486333,0.019232,-0.015090667,0.00033266667,0.004575,-0.004067,-0.005824,0.0025546667
South_Sudanese_o2_(n=1),-0.604401,0.054839,0.015462,0.010013,-0.00277,0.003068,-0.005405,0.011538,0.021066,-0.035172,-0.004547,0.013488,-0.014717,-0.000275,0.005972,-0.010077,0.011995,-0.003041,0.005656,-0.012881,-0.000125,0.008285,-0.000986,-0.003494,-0.000599
South_Sudanese_o3_(n=1),-0.528139,0.05687,-0.00792,-0.020349,0,-0.006414,-0.015276,0.016615,0.083446,-0.10023,-0.0177,0.015286,-0.034935,0.00234,0.005022,-0.016574,0.015907,-0.008742,0.016718,-0.016883,-0.000374,0.008161,-0.001356,-0.003494,0.002634
Spanish_Andalusia_(Andalusian)_(n=33),0.10795939,0.14555918,0.036386424,-0.0041598485,0.044129303,-0.0056200303,-0.0024568182,0.002517303,0.024505606,0.032012788,-0.0020470909,0.0063306364,-0.012401788,-0.01148103,0.0096484545,-0.0013219394,-0.0057527576,-0.0013168182,-0.0040375152,-0.0014779091,0.0026128182,-0.00067075758,-0.0018262727,-0.0039141818,0.0012046667
Spanish_Aragon_(Aragonese)_(n=5),0.1210456,0.1471492,0.043025,0.0018954,0.0473886,0.0005714,-0.0004578,0.002885,0.024436,0.0361326,-0.0027418,0.0099038,-0.0178362,-0.01222,0.0126596,-0.002028,-0.0045584,-0.00047,-0.0017842,0.000611,0.0037168,0.0000836,-0.0015968,-0.001461,-0.0001386
Spanish_Aragon_North_(Aragonese)_(n=10),0.1273681,0.1477595,0.0490634,0.0057171,0.0498553,0.0010876,-0.000141,-0.0005538,0.0255859,0.0364654,-0.004417,0.0096965,-0.0186272,-0.0150697,0.0143594,0.004296,-0.003038,0.0026858,-0.0031172,-0.0011756,0.004517,0.0005194,-0.0056325,-0.0052896,0.0009341
Spanish_Asturias_(Asturian)_(n=4),0.10927,0.148775,0.04516025,0.000969,0.050009,-0.00390425,-0.00182125,0.004442,0.026128,0.0309345,-0.00690175,0.00768075,-0.02051525,-0.01159475,0.01072175,-0.002917,-0.00492225,0.00038,-0.00201125,-0.00181325,-0.00028075,-0.00401875,0.0018795,0.0018375,0.002844
Spanish_Baleares_(Catalan)_(n=5),0.1176824,0.1468118,0.0407316,-0.0013496,0.042137,-0.0008984,-0.0012362,0.0016302,0.0195952,0.0280972,-0.0045888,0.0067878,-0.0133032,-0.0110972,0.0052708,-0.000853,-0.0024282,0.000944,0.001634,-0.002392,0.0006178,0.0017556,-0.0001008,0.0008166,-0.0039916
Spanish_Baleares_Ibiza_(Catalan)_(n=13),0.11618715,0.14670508,0.037654077,-0.0040250769,0.039723308,-0.0034110769,0.00027115385,0.0031416923,0.020656923,0.029914538,-0.0025233846,0.0074241538,-0.012224615,-0.0085536923,0.0088218462,0.00096884615,-0.0036809231,-0.0029236923,-0.0023784615,-0.0039826154,0.0032538462,0.0018168462,-0.0017444615,-0.00018530769,-0.0014737692
Spanish_Baleares_Mallorca_(Catalan)_(n=9),0.11761722,0.14792878,0.038927333,0.0010766667,0.039392,-0.0013632222,0.00039166667,0.0030767778,0.017407333,0.027942889,-0.0030313333,0.0062777778,-0.015559778,-0.0084102222,0.0064392222,0.0025192222,0.0013617778,0.001464,-0.00087977778,-0.0013478889,0.00097033333,0.00075577778,-0.0017528889,0.00020088889,-0.00023944444
Spanish_Baleares_Menorca_(Catalan)_(n=3),0.11572,0.14759033,0.036832,-0.0060293333,0.042777,-0.0016733333,0.00141,0.00015366667,0.021679333,0.02934,-0.002219,0.0092913333,-0.01442,-0.007248,0.003212,-0.0028726667,-0.0028246667,0.0013936667,-0.00088,-0.0017923333,0.0032856667,0.0019373333,0.0010683333,-0.006627,-0.0058676667
Spanish_Biscay_West_(Cantabrian)_(n=10),0.1203111,0.1493845,0.0496292,0.0097546,0.049086,0.0011714,-0.001927,0.0035996,0.0265268,0.0348616,-0.0055049,0.0108953,-0.0192517,-0.0162946,0.010464,0.0013788,-0.0057631,0.001837,-0.002313,-0.0017634,0.0071,-0.0004698,-0.0056324,-0.004133,0.0019878
Spanish_Canarias_(Canarian)_(n=19),0.081293684,0.14570168,0.030268895,-0.012903,0.037836895,-0.0062237368,-0.0064935789,0.00081368421,0.031604421,0.029052263,-0.00049573684,0.0052611053,-0.0071747895,-0.013617474,0.011022053,-0.0021981579,-0.0027381579,-0.0034873158,-0.010843053,0.00098736842,0.00060405263,-0.0064298947,0.0016412105,-0.0034183158,0.0017016842
Spanish_Canarias_El_Hierro_(Canarian)_(n=34),0.073817618,0.14235332,0.028705529,-0.0195795,0.040106971,-0.0079319412,-0.0082044412,0.0050563235,0.033096765,0.029527647,0.00099338235,0.0041565,-0.0062263235,-0.013074059,0.014566029,-0.0048551176,-0.0036507059,-0.0069157059,-0.014847147,0.00099308824,-0.001846,-0.0097685882,0.0029869706,-0.0012581176,0.00076779412
Spanish_Canarias_Fuerteventura_(Canarian)_(n=32),0.069040844,0.14182506,0.029497875,-0.01615,0.041026844,-0.010345063,-0.0075129062,0.0031801563,0.034832969,0.029687438,0.00182175,0.0027584375,-0.0061740937,-0.013224656,0.012083312,-0.0013714062,-0.0015687187,-0.0032502812,-0.012833,0.0036384375,-0.001883375,-0.010421531,0.0061971562,-0.0048386563,0.00284775
Spanish_Canarias_Gran_Canaria_(Canarian)_(n=117),0.075434573,0.14201791,0.031955316,-0.01178812,0.040286205,-0.0046433675,-0.0062186838,0.004761188,0.026804821,0.029924128,0.0013130427,0.003640359,-0.0079590171,-0.013294103,0.01195041,0.000015871795,-0.0015668632,-0.0023215385,-0.0074827521,0.0012217692,0.00067294872,-0.0060293846,0.001462094,-0.0021154274,-0.000050179487
Spanish_Canarias_La_Gomera_(Canarian)_(n=76),0.059547434,0.14126555,0.029564355,-0.017068,0.039242,-0.0071960789,-0.010689882,0.0034492237,0.030875039,0.029754855,0.00089101316,0.0025872105,-0.0056393553,-0.012416855,0.011332671,-0.00092635526,-0.00072221053,-0.0052643158,-0.012247289,0.00053811842,-0.0012838947,-0.0098059868,0.0033763026,-0.0040144342,0.0016544737
Spanish_Canarias_La_Palma_(Canarian)_(n=34),0.089083294,0.14432468,0.036114824,-0.0081985,0.042795118,-0.0052005,-0.0038293235,0.0018732941,0.031147735,0.031725118,0.0010649706,0.0026271765,-0.0087972059,-0.013644882,0.012306529,0.00033541176,0.00044102941,-0.0037075294,-0.0090724412,0.00047811765,0.0019707059,-0.0074264118,0.0020299706,-0.00038991176,-0.00026064706
Spanish_Canarias_Lanzarote_(Canarian)_(n=56),0.065895446,0.14346166,0.028768875,-0.016253821,0.039298464,-0.007833875,-0.0090395893,0.0030205,0.033614946,0.029984304,0.000754,0.0037895357,-0.0045845357,-0.013907268,0.0097863929,-0.0020314643,-0.0031385357,-0.0035269464,-0.013175839,0.0018000179,-0.0015664286,-0.0090642321,0.0036512679,-0.0024874107,0.0023201429
Spanish_Canarias_Tenerife_(Canarian)_(n=64),0.085705187,0.14469702,0.034176516,-0.011214156,0.040214141,-0.0057347656,-0.00571725,0.0027510469,0.027613891,0.029775703,-0.0010631875,0.0047185156,-0.0081020469,-0.012607562,0.011602031,0.00012645312,-0.0012915938,-0.0028960469,-0.009399875,0.0011899688,0.000083875,-0.0058135938,0.0029752344,-0.00096020313,-0.0007260625
Spanish_Cantabria_(Cantabrian)_(n=15),0.11556827,0.14603313,0.0441734,0.00034453333,0.0466958,-0.0035326667,-0.0010026667,0.0019384667,0.0256064,0.032936133,-0.0047525333,0.0082926667,-0.015906667,-0.0145696,0.010124733,-0.00019453333,-0.0026162667,-0.00089526667,-0.0033769333,-0.0036267333,0.0030446,-0.0021351333,-0.0049380667,-0.0040728,-0.00067066667
Spanish_Castile_and_Leon_(Castilian)_(n=7),0.10861957,0.14478557,0.040351857,-0.0023532857,0.042645143,0.00039857143,-0.0026857143,0.0026371429,0.025214714,0.028506857,-0.0041758571,0.0063158571,-0.013337143,-0.010125,0.010954714,-0.0040535714,-0.0039487143,-0.0026785714,-0.0027654286,-0.002912,-0.000035571429,-0.0014837143,-0.000986,-0.0021515714,0.0018818571
Spanish_Castile_and_Leon_Burgos_North_(Castilian)_(n=10),0.1236117,0.1476578,0.0497421,0.0020672,0.0495476,-0.0034583,-0.000611,0.000877,0.0240111,0.0378322,-0.0068692,0.0086174,-0.0189989,-0.0126612,0.0114276,0.0019225,-0.0059585,-0.0001141,-0.0034943,-0.0038143,0.0077986,0.0006554,-0.0041904,-0.0021207,-0.0007785
Spanish_Castile_and_Leon_Leon_(Castilian)_(n=4),0.10307642,0.14184458,0.037749,-0.002036175,0.041864175,0.000316175,-0.000174325,0.003360175,0.024377425,0.031183325,-0.003001925,0.007995,-0.010217925,-0.007997075,0.01052675,-0.005581925,-0.00962625,-0.00068575,-0.004668075,-0.00347225,0.004694925,-0.003980925,-0.003506325,-0.002123575,0.001090075
Spanish_Castile_and_Leon_Soria_(Castilian)_(n=2),0.121791,0.1421745,0.0499685,0.0075905,0.0475475,0.001255,-0.0029375,-0.001269,0.0206565,0.0374495,-0.010474,0.01139,-0.017393,-0.0228455,0.0114005,0.0145185,0.01356,-0.002914,-0.0040855,-0.0006875,-0.000312,-0.001422,-0.003759,-0.0059045,-0.0020955
Spanish_Castilla-La_Mancha_(Castilian)_(n=8),0.11183125,0.14623638,0.037900625,-0.002947375,0.0417,-0.00397425,-0.00235,0.002278875,0.021474875,0.032460875,-0.00284175,0.00608825,-0.015851,-0.01161175,0.01023,-0.001806375,-0.00687775,0.001076875,-0.001759875,-0.00131325,0.002854375,-0.000711,-0.0013405,-0.004594,-0.001571625
Spanish_Catalonia_(Catalan)_(n=9),0.120659,0.14658556,0.042502222,0.0044887778,0.043712556,0.00034311111,-0.00074622222,0.0030055556,0.020485667,0.030803222,-0.0023845556,0.0087437778,-0.016527444,-0.014499667,0.0085938889,0.0073778889,0.0041776667,-0.00073922222,-0.00069066667,0.0016701111,0.0057662222,-0.0037213333,-0.0010778889,0.00079277778,0.00098555556
Spanish_Catalonia_(Catalan)_(low_res)_(n=58),0.12196733,0.14796969,0.043271397,0.0053183621,0.044788,0.000091344828,-0.00053081034,0.0044719483,0.020840259,0.032833879,-0.0049416724,0.0073150345,-0.016075862,-0.012473862,0.0085527241,0.0016642241,-0.0035675172,0.00089125862,-0.00075637931,-0.001257069,0.0023321034,0.0029975,-0.0040671897,-0.0031142241,-0.00062144828
Spanish_Catalonia_Alt_Pirineu_(Catalan)_(n=6),0.12198033,0.14657467,0.0426775,0.002584,0.044982667,-0.00083666667,-0.00086166667,0.0043845,0.025395,0.034321,-0.0023003333,0.0096163333,-0.014791833,-0.012454833,0.0070348333,0.000442,-0.0014341667,0.00038,-0.0044413333,-0.0016048333,0.0037016667,-0.00061833333,-0.0028348333,-0.0064466667,0.0018163333
Spanish_Catalonia_Alt_Pirineu_(Catalan)_(low_res)_(n=165),0.12299096,0.14698096,0.044001976,0.0030616485,0.045242873,-0.00035833939,-0.0013188667,0.0031117879,0.021741461,0.032246939,-0.0048992121,0.0086377394,-0.015516558,-0.012162521,0.010105024,0.00077063636,-0.0028257636,0.0023571455,-0.0006102303,-0.0021919515,0.0027232242,0.0019102545,-0.002795103,-0.0027290606,-0.00014515152
Spanish_Catalonia_Barcelones_(Catalan)_(n=5),0.1192866,0.1490798,0.045707,0.0046512,0.0459162,0.0033466,0.0032432,0.003646,0.0208614,0.0296314,-0.0041572,0.0070438,-0.014331,-0.0092206,0.007763,-0.0004244,-0.006102,-0.0001016,0.0023632,-0.0035268,0.0035686,-0.0000496,-0.0039932,-0.003639,0.0015326
Spanish_Catalonia_Camp_de_Tarragona_(Catalan)_(n=8),0.1190875,0.14445912,0.042190375,0.0020995,0.044200375,-0.000662375,-0.002203125,0.00144225,0.020273375,0.02785925,0.00162375,0.005994625,-0.01302625,-0.013211875,0.007617375,0.002486125,-0.001743875,0.00109275,-0.000801375,0.00032825,0.00155975,0.00261225,-0.000939875,-0.004910375,-0.000733375
Spanish_Catalonia_Central_(Catalan)_(n=9),0.12432,0.14928278,0.044123111,0.0021174444,0.046675333,0.0016423333,-0.00018277778,0.00097444444,0.021111444,0.028975333,-0.0028871111,0.0064274444,-0.014965222,-0.012401222,0.0075702222,0.0049794444,0.00031877778,0.0013231111,-0.00081,-0.0014034444,0.0029393333,0.0016624444,-0.00067088889,-0.0026238889,-0.00071844444
Spanish_Catalonia_Central_(Catalan)_(low_res)_(n=67),0.12218149,0.14684254,0.044421478,0.0027093433,0.045018642,-0.00089910448,0.0002069403,0.0026279104,0.019878448,0.032669224,-0.003456209,0.0081711194,-0.015931119,-0.01292009,0.0093180746,0.001798806,-0.0018604328,0.002291791,0.0014633134,-0.0013439403,0.0033951045,0.000055373134,-0.0022718209,-0.004233597,0.00021092537
Spanish_Catalonia_Girona_(Catalan)_(n=11),0.12075591,0.14614382,0.041517636,0.0030831818,0.041182455,0.00096336364,-0.00066218182,0.0034403636,0.019578545,0.030682182,-0.0014466364,0.0088830909,-0.013068727,-0.013612091,0.0069587273,0.0040500909,0.0031886364,-0.00093281818,0.0010628182,-0.0020237273,0.0026657273,-0.0010342727,-0.000033636364,0.000098545455,-0.0012627273
Spanish_Catalonia_Girona_(Catalan)_(low_res)_(n=139),0.12133213,0.14660882,0.043800273,0.0038062878,0.044101115,-0.00019661871,-0.000082834532,0.0024918705,0.020294935,0.030683806,-0.0038330647,0.0083192446,-0.015713072,-0.012402885,0.0093530072,0.0013926691,-0.001733446,0.0011128705,-0.00017269065,-0.00032117266,0.0045360647,0.0014491511,-0.0023301583,-0.0015308705,0.00097089928
Spanish_Catalonia_Lleida_(Catalan)_(n=9),0.12217011,0.14680056,0.042991778,0.0020456667,0.044247556,-0.0015185556,0.00065277778,0.0021024444,0.022588556,0.029805778,-0.00092033333,0.0089422222,-0.016402111,-0.013655333,0.0083997778,0.00023577778,-0.0014196667,0.00064755556,0.001257,-0.00090322222,0.0073898889,0.00032966667,-0.001698,-0.00078977778,-0.00063866667
Spanish_Catalonia_Penedes_(Catalan)_(n=11),0.12179082,0.14586682,0.040866182,0.0047275455,0.042049727,0.0018506364,-0.0024141818,0.00079718182,0.018425727,0.028229909,-0.0013579091,0.0053950909,-0.016136455,-0.013849727,0.010068,0.0014222727,0.0019201818,0.0019232727,0.00010263636,-0.0011255455,0.0017242727,-0.00064063636,-0.0027674545,-0.0016760909,0.00042436364
Spanish_Catalonia_Peri-Barcelona_(Catalan)_(n=10),0.1212217,0.149689,0.0413324,0.0015181,0.0445928,0.0002511,0.0005405,0.0013385,0.0214545,0.0300325,-0.0017376,0.0069987,-0.0137213,-0.0123585,0.0073289,0.0012596,0.0000782,-0.0002533,-0.0007416,-0.0013632,0.0027077,0.0008285,-0.0014667,-0.0004217,0.0022872
Spanish_Catalonia_Terres_de_l'Ebre_(Catalan)_(n=5),0.1220184,0.1468458,0.0414078,-0.0017442,0.0428388,-0.0044064,-0.000141,0.004523,0.0187752,0.0329484,-0.0032802,0.0078232,-0.0166202,-0.0111198,0.009636,-0.0033942,-0.0052938,-0.000684,0.000402,0.0003252,0.002895,0.0007418,-0.0035742,-0.0053984,-0.0012934
Spanish_Extremadura_(Extremaduran)_(n=7),0.10390429,0.14696143,0.035826571,0.00055371429,0.042689143,-0.0018325714,-0.0021821429,0.00082385714,0.023841429,0.031422714,-0.0027838571,0.0065084286,-0.012742571,-0.014489571,0.0073677143,-0.002917,-0.006333,-0.00099542857,-0.0062491429,-0.00048228571,0.001836,-0.0047694286,-0.00068657143,-0.0035115714,0.0017451429
Spanish_Galicia_(Galician)_(n=19),0.10837158,0.14580863,0.041046526,-0.001088,0.040995526,-0.00030821053,-0.0050215789,0.0023926842,0.024478316,0.029560632,-0.0022991053,0.0058447368,-0.012448316,-0.012458474,0.010829,0.00068389474,-0.0038566316,-0.0020802632,-0.0046573158,-0.0012112105,0.00073552632,-0.0026357895,-0.00091463158,-0.0034056316,0.0012036316
Spanish_La_Rioja_(Riojan)_(n=11),0.12158373,0.149929,0.045151545,0.00076345455,0.048064727,-0.0034987273,-0.0022218182,0.0018670909,0.024970455,0.037225727,-0.001609,0.0082016364,-0.019177091,-0.013862273,0.0097842727,0.0018079091,-0.00085345455,0.00056436364,-0.0035423636,-0.00038663636,0.0059781818,-0.000652,-0.0059718182,-0.0064083636,0.00065309091
Spanish_Madrid_(Castilian)_(n=2),0.11573785,0.146497,0.042299,-0.000037,0.046626,-0.00164965,-0.00240765,0.0012877,0.02657985,0.033713,-0.0042368,0.008852,-0.0172903,-0.011728,0.0078385,-0.00193885,-0.0021637,0.0009985,0.00107635,0.00051785,0.002563,-0.00051985,-0.0014335,-0.00012215,0.0006503
Spanish_Murcia_(Murcian)_(n=8),0.10688675,0.14428975,0.0364405,-0.00739325,0.042939125,-0.004932,-0.004181875,0.000382875,0.0246175,0.03224675,-0.002883375,0.005347375,-0.013005,-0.009649625,0.0061355,-0.00352575,-0.00333675,-0.000663625,-0.002077875,-0.001193375,0.00372425,-0.003777,0.000667625,-0.004051625,0.001436625
Spanish_Navarre_(Navarrese)_(n=2),0.116669,0.1457285,0.043369,-0.0040375,0.0472395,-0.0027885,-0.003525,-0.002192,0.0228045,0.0357185,-0.0019485,0.011015,-0.012562,-0.0170655,0.017101,0.007425,-0.0048895,-0.0015205,-0.0055935,0.000563,0.006426,0.0040805,-0.009305,0.00235,0.0041915
Spanish_Valencia_(Valencian)_(n=17),0.11663512,0.14611676,0.039553294,-0.001615,0.044967588,-0.0021818235,-0.0021564706,0.0017238824,0.023363941,0.032170059,-0.0032095294,0.0083749412,-0.013056,-0.013462647,0.0083667059,0.00045247059,-0.0017102941,-0.0015203529,-0.0012421765,-0.00063270588,0.004059,-0.0022185294,-0.0015442353,-0.004678,0.0012538235
Spanish_Valencia_Alicante_(Valencian)_(n=8),0.11254262,0.14687087,0.036392125,-0.000646,0.040507375,-0.00296325,-0.004611875,0.00291325,0.02359675,0.03139025,-0.004912375,0.008373625,-0.014959125,-0.0122655,0.0104335,0.002850875,-0.00267275,0.00003175,-0.004116625,-0.005268125,0.003743375,-0.0006955,-0.00363575,-0.001702,0.002724125
Spanish_Valencia_Castellon_(Valencian)_(n=7),0.12032729,0.14623614,0.043476571,0.0011535714,0.045283,-0.0015538571,-0.001175,0.0011867143,0.024016857,0.034833143,-0.0056141429,0.0068511429,-0.015970286,-0.015118857,0.0078718571,0.0046974286,0.0027568571,0.0013937143,-0.00087985714,-0.00026785714,0.0057755714,0.00040628571,-0.0064088571,-0.002169,0.00056457143
Sri_Lankan_(n=21),0.037019571,-0.085691381,-0.17117681,0.11026695,-0.073127143,0.062006619,-0.0013092857,0.011439048,0.046456143,0.029574286,-0.0036422381,0.00049247619,-0.0016847619,0.0048036667,-0.0071995714,-0.0082333333,0.00027938095,0.0013211905,0.00088004762,0.0010182857,0.0037790476,0.001001,0.0012617143,0.00044190476,-0.0033016667
Stockbridge-Munsee_(European-Mixed)_(n=4),0.07335425,-0.1261365,0.09133925,0.071299,-0.04545125,-0.0011875,-0.1379325,-0.1621495,-0.00615375,-0.01284425,-0.002851,-0.00261325,-0.00007375,0.0046435,-0.000687,0.0031425,-0.000513,0.0017245,0.0034045,0.00197675,0.0001015,0.0029905,0.0001665,0.00617675,0.001755
Sudanese_Arab_Batahin_(n=14),-0.15439293,0.11548014,-0.039813214,-0.085202786,-0.0029675714,-0.036853357,-0.018230286,0.0021262857,0.076083071,-0.039232857,0.003874,-0.014676429,0.025590929,-0.00086507143,0.011594357,0.0044228571,-0.00090342857,-0.0051941429,0.0024062143,0.0087273571,0.0064618571,0.0066508571,-0.0034067857,0.0031501429,-0.0029338571
Sudanese_Arab_Ja'alin_(n=13),-0.21950346,0.10522454,-0.032635462,-0.075656538,0.000047384615,-0.031407385,-0.022344077,0.0077924615,0.079874308,-0.049708385,-0.0020361538,-0.0087038462,0.013642538,-0.00027538462,0.010836769,-0.0013565385,0.00337,-0.0073966154,0.0017114615,0.0032323077,0.00029769231,0.0046512308,-0.0011471538,0.0016684615,-0.0010317692
Sudanese_Arab_Ja'alin_o_(n=1),-0.294802,0.096475,-0.018479,-0.055879,-0.006155,-0.02008,-0.014101,0.008077,0.05788,-0.03426,-0.001949,0.003447,0.016353,-0.00234,0.001493,-0.005436,-0.004563,-0.007601,0.005405,-0.002126,-0.004492,0.001855,0.00419,0.004338,0.000479
Sudanese_Arab_Kababish_(n=17),-0.19463759,0.10824329,-0.035915176,-0.076437,-0.0035117647,-0.032663118,-0.020473647,0.0050632353,0.073387941,-0.043211294,-0.0016811765,-0.0095384706,0.019903059,0.0014329412,0.011169,0.0019264706,-0.0023775294,-0.0054178235,0.0030019412,0.0071872941,0.0026570588,0.0064517647,-0.0015732941,0.0017648235,-0.0014721176
Sudanese_Arab_Kababish_o1_(n=2),-0.3409,0.0898745,-0.01961,-0.05491,0.002154,-0.025379,-0.022091,0.01373,0.084775,-0.067974,-0.0065765,0.0037465,-0.000669,0.0030965,0.0124185,-0.0109385,0.0089965,-0.0063345,0.007416,-0.0001875,-0.0004365,0.003895,-0.0019105,0.001205,0.0021555
Sudanese_Arab_Kababish_o2_(n=5),-0.442089,0.0751492,-0.0125204,-0.032946,0.0005538,-0.0164546,-0.0313504,0.0216452,0.0823414,-0.0794548,-0.0157192,0.0125888,-0.0175122,-0.0036332,0.0110748,-0.0106604,0.0188014,-0.0105912,0.0136006,-0.0101298,-0.001123,0.0028936,-0.0010108,-0.0022896,0.0005508
Sudanese_Arab_Kababish_o3_(n=1),-0.537245,0.060932,-0.004148,-0.018088,-0.001846,-0.009482,-0.030081,0.018461,0.099399,-0.100959,-0.017213,0.016785,-0.034787,-0.00578,0.018051,-0.027048,0.022296,-0.01723,0.020112,-0.019384,-0.000998,0.009769,-0.006655,-0.00241,0.00491
Sudanese_Arab_Shaigia_(n=9),-0.24193744,0.10606644,-0.034150333,-0.072998,-0.0024277778,-0.031111889,-0.021412111,0.0082303333,0.078355333,-0.050702,0.00050533333,-0.0022813333,0.0099602222,-0.0010244444,0.0097265556,-0.0069095556,0.0064034444,-0.0072212222,0.0039665556,-0.0044882222,0.00045755556,0.0020198889,-0.0032042222,-0.00068255556,0.00027933333
Sudanese_Arab_Shaigia_o1_(n=1),-0.160491,0.111708,-0.042238,-0.085595,-0.004924,-0.043228,-0.009165,-0.002538,0.074651,-0.03991,0.006658,-0.013638,0.022448,-0.001651,0.009908,-0.005701,-0.005085,0.003421,-0.002388,0.002501,0.012478,0.004451,-0.005176,-0.006145,-0.000958
Sudanese_Arab_Shaigia_o2_(n=1),-0.490578,0.067025,-0.008297,-0.037468,-0.002462,-0.020638,-0.023266,0.014769,0.100626,-0.094581,-0.021435,0.004796,-0.025272,0.001789,0.009772,-0.023468,0.014864,-0.014316,0.015838,-0.016633,0.001373,0.007296,-0.008381,-0.005663,0.00455
Sui_Guangxi_Huanjiang_(n=10),0.0170734,-0.4479501,-0.0305846,-0.0650522,0.1127901,0.0514553,0.002068,-0.0052152,-0.0172823,-0.0065604,-0.0137217,-0.0032072,0.0027204,-0.0071977,-0.0013979,0.0011799,-0.0003782,0.0013935,-0.0014455,-0.0139442,0.0134762,0.0066154,0.0202248,-0.0011204,0.0042511
Sui_Guangxi_Nandan_(n=10),0.0171873,-0.449575,-0.0345065,-0.0670225,0.1216534,0.0557503,0.000752,-0.0073612,-0.0168528,-0.0087292,-0.0054075,-0.0031773,0.0017245,-0.0058489,-0.0002714,0.0046274,0.0008867,0.0004941,-0.0031299,-0.0137442,0.0153978,0.0051934,0.01776,0.0002652,0.0017603
Sui_Guangxi_Yizhou_(n=10),0.0183256,-0.4513014,-0.0280577,-0.0672163,0.1131287,0.0513437,0.001974,-0.0060921,-0.0178959,-0.0073623,-0.0149074,-0.0037766,0.0036125,-0.0035782,-0.0017915,0.0006632,0.0008084,0.0009248,-0.0023255,-0.0139441,0.014487,0.0050203,0.0169342,-0.0011566,-0.0008979
Sui_Guizhou_Dushan_(n=10),0.0186669,-0.4476454,-0.0400126,-0.0650199,0.1214996,0.0574795,0.0009165,-0.0089302,-0.0164845,-0.0147245,-0.0014941,0.0001498,0.0027503,-0.0054636,0.0008551,0.0050782,0.0027513,0.0001902,-0.0049776,-0.0121558,0.015036,0.0041423,0.0151224,-0.0021928,0.0057719
Sui_Guizhou_Duyun_(n=10),0.0157075,-0.4470359,-0.0363544,-0.0655044,0.1173757,0.0559456,-0.0016685,-0.0080997,-0.0179982,-0.0108794,-0.0021599,-0.0011991,0.0032409,-0.0065647,-0.0018186,0.0018032,0.0013691,-0.0007476,-0.0026522,-0.0133189,0.0117043,0.0077159,0.0159605,-0.0019159,0.0002754
Sui_Guizhou_Libo_(n=8),0.01465475,-0.44683275,-0.036958,-0.06678025,0.12352312,0.057835,-0.0041125,-0.00842275,-0.016592,-0.012004875,0.000385625,-0.0015175,-0.000892,-0.005023125,-0.00093325,0.003331375,0.001972125,-0.001267,-0.004745125,-0.01449125,0.014193625,0.00525525,0.015714,-0.0018525,0.001975875
Sui_Guizhou_Sandu_(n=24),0.015698042,-0.45017571,-0.036140708,-0.066228458,0.12268958,0.056916875,-0.0010477083,-0.0092785417,-0.017929958,-0.010159625,-0.00010829167,-0.0015735833,0.002744,-0.0049544583,-0.0019226667,0.0051599583,0.0010810417,-0.00021104167,-0.003367625,-0.012891667,0.012025583,0.0043999167,0.015755125,-0.000331375,0.00089816667
Sui_Guizhou_Sandu_Fenghe_(n=20),0.01627675,-0.45003195,-0.03639215,-0.0672163,0.12157645,0.05756315,-0.00105755,-0.00931115,-0.01893885,-0.0116996,-0.00120975,0.00005255,0.0018879,-0.004287,0.0002443,0.00388485,0.00237315,-0.0003801,-0.0032934,-0.01126175,0.0138006,0.00482245,0.01591745,0.00097005,0.00307155
Sui_Guizhou_Sandu_Jiuqian_(n=22),0.016504318,-0.44923323,-0.036786364,-0.066949091,0.12241441,0.056513409,0.0003525,-0.010195409,-0.016733818,-0.011298727,0.00081936364,-0.00067445455,0.0030407273,-0.0057300909,-0.00033931818,0.0014764545,-0.00055113636,0.00041459091,-0.0029082273,-0.013813364,0.013294727,0.0078181818,0.017366636,-0.0023222727,0.00097422727
Sui_Guizhou_Sandu_Yanpai_(n=20),0.0171873,-0.44734065,-0.0354871,-0.06681255,0.1232691,0.05675415,-0.0020915,-0.00916105,-0.0181004,-0.01079735,-0.00315035,-0.00242785,0.003055,-0.00459655,-0.0015744,0.0033281,0.00002615,0.0015455,-0.00318645,-0.01291865,0.01283985,0.0069555,0.0171252,-0.00066875,0.00188005
Sui_Guizhou_Sandu_Zhoutan_(n=26),0.016022769,-0.44941088,-0.036725769,-0.066525577,0.12247254,0.056904346,0.00056942308,-0.0074553077,-0.018257769,-0.012357115,-0.0011553846,-0.0018848077,0.0020698462,-0.0051873077,-0.0010962692,0.0039623846,0.0017803077,0.00038973077,-0.0024655769,-0.011693115,0.013346692,0.0052837692,0.016377769,0.00069980769,0.00075530769
Sumi_Naga_(n=3),0.017452667,-0.439386,-0.00012566667,-0.043174333,0.037545,0.010691,0.0053266667,0.0023846667,0.0055223333,0.012878,-0.077676,-0.008942,0.00887,-0.005505,-0.011491,-0.0010606667,0.00226,-0.0075593333,-0.0077933333,0.003168,0.00074866667,0.030212333,0.0047653333,0.0020883333,0.041513333
Sundanese_(n=224),0.010884397,-0.4017054,-0.077845089,-0.033962585,0.13997526,0.065276594,-0.0054543527,-0.012156027,-0.010487321,-0.017689902,0.081604549,0.0086969464,-0.010636571,0.004865933,0.0069641295,0.0013922054,-0.00099942411,-0.0016758304,0.00083216518,0.009371692,-0.015179125,0.0011487455,-0.012074991,0.0013593214,0.014264567
Surinamese_Creole_(n=7),-0.40443986,0.069589857,0.022076286,0.017848,0.011853571,0.013229857,-0.014735,0.028188857,-0.024578714,0.019532143,0.00092257143,0.0019815714,0.005209,-0.0024272857,0.0070901429,0.00014814286,0.00060871429,0.0028917143,-0.0011625714,0.000111,0.0028164286,0.00024757143,0.000683,0.0035882857,0.00083914286
Surinamese_Mixed_(n=1),-0.23708,-0.151743,-0.012533,-0.015637,0.06708,0.033464,-0.010888,0.011573,-0.016579,0.003579,0.021237,-0.001176,0.002959,0.001596,0.003879,-0.00387,0.004977,0.004494,-0.000206,0.000298,-0.002553,0.00199,0.001325,0.000817,0.007195
Surui_(n=8),0.056911625,-0.3205265,0.1169545,0.1066715,-0.116214,-0.018895125,-0.33013112,-0.39537775,-0.01608075,-0.01977275,0.0022125,-0.003559375,0.00027875,0.036710875,-0.01450525,0.001823125,0.01105,-0.000285,-0.00011,0.00139125,-0.003868,0.0135245,-0.007625875,-0.008073125,-0.0093555
Svan_(n=9),0.11142022,0.11802722,-0.049277111,-0.040482667,-0.042537778,-0.0054847778,0.010183889,-0.004205,-0.067629333,-0.026687556,0.00023466667,0.012089222,-0.027634333,0.0045108889,0.0025335556,-0.025810778,0.008808,-0.0073762222,-0.012611778,0.018175222,0.015458889,0.0036271111,0.0019992222,-0.012531667,-0.0022486667
Swahili_Kenya_(n=1),-0.557733,0.070072,0.012822,-0.005491,-0.002154,-0.000279,-0.008695,0.022845,0.005522,-0.019317,-0.000162,0.006444,-0.012636,-0.001927,-0.003393,-0.001061,-0.000261,-0.00038,-0.00352,0.005378,0.002745,0.007666,0.003944,-0.002169,-0.000718
Swahili_Kenya_Faza_(n=18),-0.32376356,0.063414222,-0.025141444,-0.011053778,-0.011574722,0.0010845556,-0.0085125,0.011050667,0.010487389,-0.010357056,0.0010825556,0.00040805556,-0.00040472222,-0.0023931667,-0.0051122778,0.0083238333,-0.0031871667,0.0050886111,-0.0031982778,0.0010352222,0.0016428333,0.00069388889,-0.000082222222,-0.00045527778,0.00023288889
Swahili_Kenya_Faza_o_(n=5),-0.476919,0.05951,-8.67e-20,0.003553,-0.0035082,0.0022868,-0.017485,0.01703,-0.0071992,-0.0040458,-0.0001624,0.0006894,-0.009187,0.0009082,-0.0112918,0.0084326,-0.0126212,0.0054476,-0.0051788,0.0006504,-0.0028948,-0.000173,0.0003696,0.0010602,-0.0004552
Swahili_Kenya_Jomvu_(n=12),-0.49247467,0.06093175,-0.00056575,0.00298775,-0.0062574167,0.0071583333,-0.010105417,0.01519175,-0.01141925,-0.0018375,-0.0012585,0.0011989167,-0.012772417,0.00058483333,-0.01600375,0.013148583,-0.011962667,0.0036634167,-0.0058031667,0.0051378333,-0.001799,-0.0024318333,0.0009655,0.0014558333,0.0011775
Swahili_Kenya_Jomvu_o_(n=1),-0.356266,0.037575,-0.02753,0.013243,-0.020311,0.020359,-0.00799,0.014076,-0.01309,0.00328,0.001137,-0.002847,-0.000892,-0.001514,-0.014251,0.01074,-0.001434,0.011782,-0.006536,0.001,-0.001747,0.003091,-0.00037,0.004699,0.001078
Swahili_Kenya_Ndau_(n=19),-0.30989842,0.064245579,-0.027251895,-0.011254,-0.015144421,0.0038750526,-0.0098457368,0.0080401579,0.0069430526,-0.016382053,-0.00051273684,-0.0015065263,-0.0022142105,-0.0012531053,-0.0051146316,0.010718842,-0.0020654737,0.0043473684,-0.0049684211,-0.0013954737,0.0034412105,-0.0016790526,-0.0026984211,-0.0014839474,0.00096426316
Swahili_Kenya_Pate_(n=6),-0.28057417,0.059408333,-0.029855167,-0.013189167,-0.015643667,0.0061355,-0.0054835,0.0083075,-0.001227,-0.0082005,-0.0017593333,-0.0058198333,0.001883,-0.0013303333,-0.006379,0.014828,-0.0033465,0.002196,-0.002158,0.000688,-0.00183,-0.0011951667,-0.00034916667,-0.0020485,-0.0038718333
Swahili_Kenya_Siyu_(n=7),-0.33089986,0.055419,-0.029253571,-0.004522,-0.011914143,0.0041037143,-0.0058751429,0.014373143,0.0029511429,-0.01083,0.00048728571,0.00072785714,-0.0063711429,-0.000747,-0.0034511429,0.0081258571,-0.0048428571,0.0057732857,-0.001221,-0.00083957143,0.002157,0.0014662857,-0.0022714286,0.0033222857,-0.0019674286
Swahili_Kenya_Siyu_o_(n=1),-0.203743,0.093429,-0.032809,-0.042636,-0.018465,-0.013108,-0.00705,0.004384,0.019225,-0.00492,0.010718,-0.019033,0.013677,0.000413,-0.004072,0.017104,-0.011343,0.00114,-0.010056,0.010505,-0.001996,0.008903,-0.004067,0.003735,0.001916
Swahili_Kenya_Tchundwa_(n=8),-0.30959875,0.072102625,-0.02451275,-0.01655375,-0.010732625,-0.002126625,-0.00799025,0.007817125,0.01825375,-0.016606125,0.00105575,-0.004702125,-0.00187675,-0.00036125,-0.002459875,0.007143375,-1.08e-19,0.00387975,0.000927,0.001266375,0.00092025,-0.0006955,-0.00069325,-0.000647625,-0.000164625
Swahili_Kenya_Tchundwa_o_(n=2),-0.536107,0.0599165,0.008108,0.0030685,-0.0073855,0.0110165,-0.005875,0.008884,-0.013703,0.0033715,-0.00544,0.0015735,-0.013305,-0.0013765,-0.0147935,0.016176,-0.0056065,0.0056375,-0.01081,0.002939,-0.000998,0.0000615,0.00191,-0.002892,-0.0057475
Swahili_Kenya_Wasini_(n=10),-0.3628681,0.0668219,-0.0172721,-0.0050065,-0.0106174,0.0028447,-0.0079431,0.0113765,-0.0055427,-0.0045194,0.0046606,0.0005395,-0.0028543,0.0036745,-0.0096635,0.0114558,-0.007419,0.0089695,-0.0051285,0.0046772,0.0003868,0.0000865,-0.0000987,0.0002772,0.0025266
Swahili_Kenya_Wasini_o_(n=4),-0.48289475,0.064486,-0.0065995,0.00686375,-0.0030005,0.00564775,-0.01116325,0.01482625,-0.00961275,-0.0014125,-0.00004075,0.00071175,-0.0105175,0.00072225,-0.01469175,0.01713725,-0.009453,0.00585925,-0.00773025,0.003314,-0.000031,0.00083475,0.0010785,0.00132525,0.000868
Swahili_Zanzibar_(n=1),-0.284558,0.071087,-0.034318,-0.033269,-0.000615,-0.018128,-0.016686,0.006461,0.017589,-0.012939,0.011367,-0.004196,0.004906,-0.002752,0.001086,0.013126,-0.005085,-0.004434,-0.007793,0.006878,0.004367,0.003215,-0.002835,-0.001205,-0.006466
Swedish_(n=114),0.13215454,0.12595239,0.072539474,0.059075,0.040371781,0.020870351,0.006429614,0.0093417018,0.0036383772,-0.0066435877,-0.0040312456,0.00062964912,-0.0032196579,-0.0035492368,0.014613772,0.0062433596,-0.0048402632,0.0016102807,0.0028447982,0.0052557982,0.0066866579,0.0024979561,0.0012475877,0.011812982,0.00021742105
Swedish_Dalarna_Falun_(n=48),0.13208219,0.12029798,0.075612646,0.06177375,0.038475063,0.020858708,0.0057771042,0.0086198333,0.0036899167,-0.0093585417,-0.0029060833,0.00056822917,-0.0027904375,-0.0023568333,0.014287417,0.0041986042,-0.0074753542,0.0020375833,0.002969625,0.003832625,0.0073568542,0.0024009792,0.00061110417,0.010300021,0.0013172083
Swedish_Finland_(n=1),0.130897,0.107646,0.084852,0.072998,0.040623,0.020359,0.003055,0.012923,0.004909,-0.014579,0.002436,-0.007343,0.011893,0.005367,0.0095,-0.005436,-0.012908,0.002027,0.001383,0.000875,0.011105,0.005193,0.003451,0.009399,0.001796
Swedish_Skane_(n=1),0.133522,0.12733,0.072807,0.060408,0.039865,0.022069,0.007285,0.009755,0.002605,-0.010217,-0.00375,-0.000329,-0.000875,0.002051,0.010659,0.005867,-0.004147,0.001369,0.004353,0.004313,0.002578,0.001161,0.004096,0.010911,0.00061
Swedish_Vastra_Gotaland_(n=2),0.135729,0.1340465,0.0733215,0.061883,0.044676,0.024722,0.00543,0.008135,0.0038,-0.004498,-0.0053905,0.0030095,-0.0081105,-0.0030485,0.023595,0.0026595,-0.0152175,0.0027855,0.001979,0.0021675,0.0054725,0.002241,0.000495,0.0130055,0.00023
Swiss_French_(Romand)_(n=8),0.1273395,0.14483975,0.041436375,0.010214875,0.0411615,0.00648425,0.000822375,0.0028845,0.011811125,0.01943075,-0.000751,0.00659425,-0.01596225,-0.01252375,0.00834675,0.00217125,0.00575325,-0.001615375,0.003661,-0.000343875,0.004788625,0.00364775,0.00166375,0.002575625,-0.000479125
Swiss_German_(n=9),0.12722878,0.14104589,0.045003111,0.022215222,0.04011,0.0073751111,0.0028983333,0.0052048889,0.0093851111,0.011926222,-0.0013893333,0.0046125556,-0.014634667,-0.008915,0.0089273333,-0.00066277778,-0.0035782222,0.00070366667,0.0053211111,-0.0012088889,0.0020242222,0.0032973333,-0.0032044444,0.0075513333,-0.0026211111
Swiss_Italian_(Lombard)_(n=4),0.12196246,0.14267447,0.026290351,-0.012111607,0.029514595,-0.0028633273,0.00010739305,0.0033714022,0.011637487,0.02186436,0.00029716654,0.0037942162,-0.011287541,-0.0053989667,-0.0013198081,0.0023272658,0.0044612096,-0.0016057534,0.0024851788,-0.0022699718,0.0019641213,0.00039946274,-0.0013418128,0.0056798979,-0.00060799212
Syrian_Arab_(Afro-Arab-Mixed)_(n=7),0.026829571,0.12374957,-0.052797,-0.065707429,-0.018289,-0.025219429,-0.0063787143,-0.0014834286,0.0092327143,-0.0047642857,0.003619,-0.010769,0.019665571,0.001848,0.0010661429,0.0053792857,-0.014919571,0.00036171429,0.0049381429,0.0066995714,0.0045988571,0.0049992857,-0.0026585714,-0.0016698571,6.2e-20
Syrian_Arab_(Arabian-Mixed_Profile)_(n=13),0.036248231,0.12592577,-0.057815385,-0.074588154,-0.020477154,-0.024242154,-0.0051519231,-0.0038519231,0.013183846,-0.0071072308,0.005821,-0.012588769,0.024163077,0.001895,0.0019836923,0.011657615,-0.0086756154,0.0020368462,0.001344,0.0049542308,0.0053943077,0.0061922308,-0.002247,0.001548,-0.0015659231
Syrian_Arab_(Levantine_Profile)_(n=26),0.074116269,0.13518265,-0.048010346,-0.068525692,-0.013813154,-0.023684269,-0.0029013462,-0.0038075,0.00071580769,0.0025512692,0.0026668846,-0.0054931538,0.010806423,0.000058230769,-0.0050112308,0.0060328462,0.000055153846,-0.00031673077,0.0011554615,-0.0012746923,-0.0000095769231,0.00019496154,-0.0028631538,0.00077403846,0.0005665
Syrian_Arab_(Mesopotamian_Arab_Profile)_(n=9),0.043379444,0.11960678,-0.057531667,-0.062303111,-0.02079,-0.021474667,-0.0020627778,-0.0028204444,0.0067266667,-0.0052442222,0.0049618889,-0.0095248889,0.018252111,0.00035177778,-0.0010557778,0.012831889,-0.0049111111,0.0026042222,0.0023602222,0.0038906667,0.00031888889,0.0022805556,-0.0020815556,0.0025304444,-0.0014635556
Syrian_Arab_(Syrio-Mesopotamian_Arab_Profile)_(n=27),0.075376148,0.12118644,-0.046888667,-0.058606556,-0.019958148,-0.016444148,-0.0016014815,-0.0034357407,-0.0077188148,-0.0014107037,0.0024658148,-0.0027364074,0.0069264074,0.000071296296,-0.003388,0.0041937037,-0.0015597037,0.0017408519,0.0021088148,-0.0004817037,-0.00035125926,0.00060911111,-0.00036514815,0.00051314815,0.00017740741
Syrian_Arab_Al-Hasakah_(Arabian-Mixed_Profile)_(n=1),0.03187,0.12491,-0.050534,-0.081396,-0.025851,-0.030399,-0.005405,-0.005077,0.012476,-0.00328,0.008282,-0.010491,0.030921,-0.001651,-0.00095,0.010209,-0.008996,0.002407,-0.001257,0.01038,0.010856,0.010634,-0.00986,-0.00012,-0.005987
Syrian_Arab_Al-Hasakah_(Mesopotamian_Arab_Profile)_(n=6),0.041166,0.11864783,-0.057636333,-0.065030667,-0.021645167,-0.022729667,-0.0032116667,-0.003346,0.0079083333,-0.0051328333,0.0060625,-0.010190833,0.020441,0.0009175,0.000022666667,0.014010167,-0.0038245,0.0020268333,0.0062011667,0.0042101667,0.0019756667,0.0050491667,-0.0036768333,0.00243,-0.000099666667
Syrian_Arab_Al-Hasakah_(Syrio-Mesopotamian_Arab_Profile)_(n=2),0.0768305,0.121356,-0.048837,-0.0573325,-0.025697,-0.014223,-0.0024675,-0.003923,-0.0092035,-0.006378,0.003735,-0.0071185,0.0111495,0.001583,-0.0002715,-0.0007955,-0.013104,0.0022805,0.0019485,-0.002501,-0.0005615,0.0034625,-0.0002465,-0.002169,0.002275
Syrian_Arab_Aleppo_(Afro-Arab-Mixed)_(n=4),0.027033,0.11907075,-0.04874275,-0.0660535,-0.01746475,-0.0202895,-0.00658,-0.003,0.01319175,-0.00510275,0.006861,-0.01142725,0.021779,-0.00061925,0.00044075,0.01193275,-0.0076275,0.002217,0.00207425,0.007222,0.002246,0.00290575,-0.004745,0.00213875,-0.0016465
Syrian_Arab_Aleppo_(Arabian-Mixed_Profile)_(n=5),0.0389274,0.1224728,-0.0554366,-0.0742254,-0.0180958,-0.0233152,-0.005358,-0.0016154,0.0138666,-0.0053214,0.007892,-0.0128288,0.0236968,0.0055602,0.0006786,0.009679,-0.00884,0.0021792,0.0033184,0.0068784,0.0044672,0.0019538,-0.000345,0.0032292,0.0002396
Syrian_Arab_Aleppo_(Irano-Mesopotamian_Profile)_(n=2),0.083091,0.1203405,-0.0499685,-0.0508725,-0.02939,-0.014084,0.0012925,-0.0053075,-0.022907,-0.0094765,0.0028415,-0.001574,0.003419,-0.001376,-0.002375,0.006298,0.0008475,-0.0013305,0.005028,0.0015635,0.0047415,0.0008655,-0.000986,-0.004639,0.000299
Syrian_Arab_Aleppo_(Levantine_Profile)_(n=11),0.067362636,0.13155709,-0.046934455,-0.064746818,-0.017010091,-0.018812364,-0.0011536364,-0.0031676364,-0.0020823636,0.0019382727,0.0029820909,-0.0052043636,0.0097846364,0.00052554545,-0.0018014545,0.0071358182,0.001055,0.00074881818,0.0015656364,-0.0013984545,-0.00037436364,0.0014164545,0.000067363636,-0.000087636364,-0.000021636364
Syrian_Arab_Aleppo_(Mesopotamian_Arab_Profile)_(n=2),0.0415455,0.1193245,-0.0512885,-0.063308,-0.0190805,-0.024821,-0.00376,-0.002423,0.010533,-0.000911,0.0073885,-0.012214,0.0220765,0.0070875,0.005836,0.0072925,-0.010822,0.0007605,0.0005025,0.001313,0.0011855,-0.0008655,-0.000678,0.0048195,0.000419
Syrian_Arab_Aleppo_(Syrio-Mesopotamian_Arab_Profile)_(n=57),0.077739118,0.12366296,-0.046537944,-0.055958339,-0.020727047,-0.017663032,-0.00026382982,-0.0043398912,-0.0072624123,-0.00070340175,0.0037634368,-0.0029552421,0.0066375211,0.0010382263,-0.0021857509,0.0042009421,-0.001484514,0.00061793684,0.0017355544,-0.0022817737,-0.00068952281,0.00026245263,0.000017257895,-0.00033398246,0.0000084
Syrian_Arab_Christian_Greek_Orthodox_(n=3),0.092901667,0.14779733,-0.054297667,-0.082398,-0.017172333,-0.030085333,-0.00094866667,-0.0041406667,0.001052,0.009416,0.0073133333,-0.0032816667,0.012670333,0.002655,-0.005815,0.0053973333,0.001067,0.0018883333,-0.0018783333,-0.00094333333,0.0023293333,0.002668,0.000169,0.0018636667,0.00079733333
Syrian_Arab_Christian_Maronite_(n=2),0.095611,0.151314,-0.038089,-0.0860795,-0.018311,-0.0264945,-0.0012925,-0.0028845,0.0100215,0.020957,0.0072265,-0.004196,0.013008,0.0084635,-0.014522,-0.0070935,-0.0099095,0.006144,0.0031425,-0.005378,-0.002558,-0.0016075,-0.0017255,-0.0021085,0.0069455
Syrian_Arab_Christian_Melkite_Greek_Catholic_(n=4),0.09020475,0.13938125,-0.05241975,-0.0864025,-0.014849,-0.0292835,0.00099875,-0.00069225,0.001994,0.008064,0.00738875,-0.003372,0.01289625,0.00319975,-0.00539475,0.007193,0.000978,0.0018685,0.006882,-0.0020635,0.00034275,0.0034005,-0.000493,0.00168675,-0.001766
Syrian_Arab_Damascus_(Levantine_Profile)_(n=13),0.064879154,0.13053446,-0.046240692,-0.067432462,-0.014937462,-0.023148077,-0.0021330769,-0.0029821538,0.0025486923,0.0014579231,0.0055961538,-0.0045881538,0.011069385,0.000127,-0.0041655385,0.0057930769,0.0012837692,-0.00074069231,0.00038684615,0.0013948462,-0.00015353846,0.00019969231,-0.00014223077,0.0012142308,-0.0014461538
Syrian_Arab_Damascus_(Syrio-Mesopotamian_Arab_Profile)_(n=7),0.073172,0.12331429,-0.043530571,-0.055094571,-0.018640714,-0.016334857,0.00077214286,-0.0027031429,-0.00672,-0.0013017143,0.0019021429,-0.0034682857,0.00807,0.0010615714,-0.0018225714,0.004546,0.0049918571,0.0028777143,0.00070028571,-0.001322,0.00094471429,0.0014131429,0.00015857143,-0.00013771429,0.0027541429
Syrian_Arab_Daraa_(Levantine_Profile)_(n=5),0.060269,0.13687,-0.047708,-0.0726568,-0.0144858,-0.0254188,-0.0049828,-0.005556,0.0053858,0.0006442,0.006306,-0.0090374,0.0147094,0.0045782,-0.0008364,-0.000976,-0.0081038,0.0023712,0.000134,0.0016066,0.0005022,0.0001026,0.002051,-0.0023352,0.0024138
Syrian_Arab_Deir_ez-Zor_(Afro-Arab-Mixed)_(n=3),0.0094853333,0.11814,-0.045003,-0.063092667,-0.018157,-0.018035,-0.007285,-0.001923,0.010567333,-0.009962,0.004222,-0.007693,0.015906333,0.0027986667,0.000045333333,0.0068063333,-0.007736,-0.000084333333,0.0027656667,0.0040016667,0.0037853333,0.0054816667,-0.0029576667,0.0033336667,-0.001317
Syrian_Arab_Deir_ez-Zor_(Mesopotamian_Arab_Profile)_(n=4),0.04126075,0.1172935,-0.05751075,-0.06137,-0.02269675,-0.01966175,-0.0043475,-0.004846,0.0072095,-0.00678825,0.00657675,-0.010603,0.01869425,-0.0005505,-0.00115375,0.01382225,-0.00156475,0.0018685,0.002891,0.00519,0.00199675,0.000742,-0.00600825,0.00108475,0.00006
Syrian_Arab_Deir_ez-Zor_(Syrio-Mesopotamian_Arab_Profile)_(n=5),0.0594158,0.1198324,-0.0536264,-0.058786,-0.026405,-0.017124,-0.000235,-0.0019846,-0.0032312,-0.0028792,0.0012992,-0.004676,0.0106738,0.0009358,0.0011942,0.0047202,-0.0080316,-0.0015202,0.0023882,0.0003504,0.0015472,0.0026958,-0.0018486,0.0004578,-0.0003594
Syrian_Arab_Golan_(Afro-Arab-Mixed)_(n=2),0.0204885,0.112216,-0.0494025,-0.0650845,-0.0176955,-0.025937,-0.0094,-0.0040385,0.013294,-0.0028245,0.0043035,-0.009966,0.0202925,-0.0023395,-0.000136,0.0214135,0.0063885,0.0015205,0.005782,0.008629,0.003244,0.0080375,-0.0044985,0.000783,-0.0029935
Syrian_Arab_Golan_(Arabian-Mixed_Profile)_(n=4),0.03471575,0.12795675,-0.05043975,-0.0728365,-0.013618,-0.02628525,-0.0081665,-0.005596,0.025003,-0.0078365,0.00698275,-0.014275,0.02809675,0.0003095,0.002816,0.00931425,-0.007758,0.00266075,0.00066,0.00791,0.0012165,0.00732675,-0.005269,0.0064165,0.0030235
Syrian_Arab_Hama_(Levantine_Profile)_(n=6),0.071346333,0.130272,-0.045553,-0.071770667,-0.019388,-0.020812833,-0.00058666667,-0.005459,-0.0018836667,0.0018923333,0.0019736667,-0.005291,0.011501,0.001382,-0.0072068333,0.0032883333,0.0017595,0.00033616667,0.0013488333,-0.0029025,-0.00066283333,0.0011411667,-0.0036521667,0.0010741667,0.0041665
Syrian_Arab_Homs_(Levantine_Profile)_(n=7),0.061627143,0.12563571,-0.049241286,-0.064553857,-0.017981429,-0.020598,-0.0048344286,-0.0034615714,0.00090585714,-0.0011977143,0.0045237143,-0.0043674286,0.011871429,-0.0019661429,-0.0052348571,0.011440429,0.0053271429,-0.00037985714,0.00064642857,0.002126,-0.00046357143,0.00024728571,-0.00012328571,0.001136,0.00027385714
Syrian_Arab_Homs_(Syrio-Mesopotamian_Arab_Profile)_(n=5),0.0612368,0.1249102,-0.044274,-0.0615638,-0.0225888,-0.0175144,-0.000705,-0.0001844,-0.000777,-0.0022598,0.0053912,-0.0058748,0.0122792,0.004872,-0.0023072,0.000875,-0.011239,0.0043834,0.0046508,0.0018008,-0.0006738,0.0053418,-0.0022184,0.0000482,0.0011494
Syrian_Arab_Idlib_(Arabian-Mixed_Profile)_(n=2),0.045529,0.1198325,-0.055625,-0.073967,-0.01508,-0.0280285,-0.00705,-0.011884,0.015237,0.000638,0.007551,-0.01109,0.0221505,-0.0099775,0.004411,0.02201,0.0067145,-0.0004435,-0.00132,0.013694,0.0020585,0.0115615,-0.0035125,0.00488,-0.002335
Syrian_Arab_Idlib_(Levantine_Profile)_(n=16),0.073700375,0.13081287,-0.047328563,-0.064054937,-0.017330125,-0.021125938,-0.002203125,-0.0032018125,-0.001917375,0.0025058125,0.0059779375,-0.0035125625,0.0090310625,-0.0014191875,-0.0039698125,0.00733375,0.0002118125,0.0014095,0.0014611875,-0.0006644375,0.0002105625,0.0008345625,0.00069325,0.00152125,0.0000899375
Syrian_Arab_Idlib_(Syrio-Mesopotamian_Arab_Profile)_(n=21),0.077724905,0.12471676,-0.047265905,-0.058386095,-0.01888981,-0.017291238,-0.00049238095,-0.0042636667,-0.0054831905,-0.00049461905,0.0045468095,-0.0042390952,0.0078790476,0.0015008095,-0.001557619,0.0036620952,-0.0017322381,0.00081447619,0.002322381,-0.00024414286,0.0020618571,0.00040619048,0.001367381,-0.00045904762,0.000011571429
Syrian_Arab_Latakia_(Syrio-Mesopotamian_Arab_Profile)_(n=2),0.0768305,0.127449,-0.048649,-0.063954,-0.0190805,-0.01506,0.00094,-0.000923,-0.003988,0.000729,-0.000406,-0.0015735,0.006095,-0.0008945,-0.002443,0.001591,0.0024125,-0.0023435,-0.0014455,0.0018135,0.002745,0.0004945,0.001602,0.0037955,-0.0010175
Syrian_Arab_Raqqa_(Arabian-Mixed_Profile)_(n=2),0.029594,0.123387,-0.0586425,-0.0721905,-0.020773,-0.0220325,-0.006815,-0.003577,0.011147,-0.003736,0.0027605,-0.011315,0.0237855,0.0048165,0.0015605,0.0068285,-0.0114085,-0.00114,0.002137,0.007441,0.000562,0.0084085,0.000986,0.0035545,0.0007785
Syrian_Arab_Raqqa_(Mesopotamian_Arab_Profile)_(n=3),0.044391,0.123556,-0.054808333,-0.062016,-0.023286333,-0.022776,-0.0026633333,-0.0073843333,0.0040223333,-0.0032196667,0.004168,-0.011339667,0.016055333,0.00064233333,-0.0018093333,0.010739667,-0.0063886667,0.0019003333,0.0028913333,0.0060863333,0.0043673333,0.0023083333,-0.0019306667,0.0057036667,-0.0047103333
Syrian_Jew_(n=34),0.091398168,0.14686738,-0.040867897,-0.073297006,-0.0073810588,-0.025087268,-0.0020229441,-0.0041906941,0.0023219941,0.012304515,0.0054718676,-0.0025129794,0.0077308294,0.0013545853,-0.0084417853,0.004642,0.00076717941,0.00054328529,0.0010902529,-0.0015688676,-0.00060620588,0.0011038412,-0.00051304706,-0.0013371882,0.00094181176
Tabasaran_(n=14),0.111628,0.10568757,-0.023462214,0.0064138571,-0.039567786,0.010538071,0.0080237857,-0.0051591429,-0.056507,-0.0343775,-0.0016238571,0.0039498571,-0.010576143,-0.0099185714,0.014434786,0.0010320714,0.0015460714,-0.0020724286,-0.0032860714,0.0049219286,-0.001444,0.00037971429,0.0045337143,0.0090715714,-0.0034042143
Tagalog_(n=5),0.0138862,-0.4035714,-0.049629,-0.0451554,0.1178066,0.0509812,-0.005452,-0.0119532,-0.0153802,-0.0119184,0.0262096,0.0026974,-0.0004162,-0.0022846,0.0059446,0.006603,-0.00206,0.003522,0.0065362,-0.006453,0.0025704,-0.0142448,-0.003007,-0.0050124,-0.03729
Tahitian_(n=3),0.0034146667,-0.394364,-0.091389,0.014427333,0.14412933,-0.056429,-0.0078336667,-0.0041536667,-0.02652,-0.018709333,0.035509,0.0053453333,-0.0024776667,-0.002982,0.0089123333,0.010651333,-0.000261,0.003125,0.0056563333,-0.012631,0.0078196667,-0.024854,-0.000986,-0.00723,-0.046223667
Tahitian_(European-Mixed)_(n=3),0.013279333,-0.35205033,-0.078064,0.016257667,0.14023167,-0.045831,-0.0015666667,-0.0093073333,-0.027406,-0.016887,0.037565667,0.0050953333,-0.0070863333,-0.0015593333,0.011174333,0.011226,0.0034333333,0.0039276667,0.0055723333,-0.008879,0.011147,-0.021392,-0.0052993333,-0.0071093333,-0.044547
Tai_Lue_Thailand_(n=9),0.015682333,-0.43949856,-0.038885444,-0.063343889,0.128913,0.057854222,-0.0018277778,-0.0096663333,-0.018884222,-0.010731556,0.0096711111,-0.00024977778,-0.0018996667,-0.0029361111,0.00042222222,0.0053774444,0.0021151111,0.0015483333,-0.0030167778,-0.010880222,0.0089424444,0.0053033333,0.014365111,0.0017672222,0.0069055556
Tai_Lue_Thailand_o_(n=1),0.014797,-0.404181,-0.042615,-0.042959,0.097557,0.054663,-0.00376,-0.000231,-0.011249,-0.002551,-0.000487,-0.002398,0.002081,-0.013762,-0.000814,0.000133,0.005215,0.001394,0.00088,-0.001,-0.001248,0.011376,0.020706,-0.000964,0.013172
Tajik_(n=16),0.083019563,-0.040367375,-0.020765188,0.0146965,-0.03983425,0.012271125,0.005977875,0.0030574375,-0.020682437,-0.012938813,-0.011955875,-0.00167675,0.0025738125,-0.0098744375,0.006056375,0.011046438,0.0001956875,0.000958,0.001312,-0.002860875,-0.007619375,-0.001808375,0.000185,0.00105425,0.003120875
Tajik_Ayni_(n=12),0.091532667,0.0093936667,-0.02910125,0.018276417,-0.040751083,0.014525583,0.0067955833,-0.00065375,-0.026281333,-0.020122,-0.0087555833,0.0015485833,0.00068133333,-0.00791325,0.011298833,0.0080879167,-0.0098115,-0.00058066667,0.0008905,-0.0082746667,-0.00657175,-0.0037199167,0.0016330833,0.00114475,0.0050593333
Tajik_Badakhshan_(n=22),0.094369727,0.031112182,-0.036014955,0.044764864,-0.049421682,0.026862182,0.0043582273,0.00069240909,-0.028967955,-0.028577909,-0.007529,-0.000797,-0.00043918182,-0.012880136,0.016897091,0.010384227,-0.0055115909,0.000501,0.0010856364,-0.007441,-0.0076115,-0.0037150455,0.0018543636,0.0016814091,0.0013335455
Tajik_Balkh_(n=6),0.082711333,0.0074471667,-0.0680075,0.040751833,-0.059754833,0.0296555,0.0040341667,0.0018461667,-0.017827833,-0.016127833,-0.0097431667,-0.0020981667,0.00014866667,-0.0078673333,0.0092515,0.020750167,0.003542,0.0016681667,0.0010685,-0.010400833,-0.0047831667,-0.0068421667,0.00228,-0.0019881667,0.0002995
Tajik_Balkh_o_(n=4),0.07882225,-0.043668,-0.03695775,0.0169575,-0.042854,0.0081575,0.00475875,0.0015575,-0.0154415,-0.01239225,-0.014006,-0.00378425,0.00104075,-0.0037845,0.00648075,0.0093145,0.00316175,-0.001742,0.00135125,-0.00756625,-0.004461,-0.00346225,-0.00292725,0.003675,0.00257475
Tajik_Ghazni_(n=1),0.075123,-0.012186,-0.078818,0.043605,-0.050471,0.034304,0.013161,0.004384,-0.005931,-0.004009,-0.000162,0.001199,-0.001189,0.004817,0.010586,-0.005171,-0.005998,0.001394,0.002263,-0.004377,-0.005116,-0.00371,-0.003944,-0.00482,0.004311
Tajik_Gissar_(n=4),0.091343,0.00710875,-0.02451275,0.02123725,-0.04362325,0.01631525,0.00464125,0.00023075,-0.02623025,-0.0233715,-0.004831,0.0019855,-0.00156075,-0.0088765,0.011638,0.014121,0.00146675,0.00006325,0.00160275,-0.0087855,-0.008173,0.000402,0.00261925,0.00180775,0.0011375
Tajik_Herat_(n=3),0.083091,0.051453333,-0.062602,0.014858,-0.053035667,0.014130667,0.0048566667,-0.0013076667,-0.020861333,-0.017191,-0.0026523333,-0.0002,0.002329,-0.0065596667,0.0072383333,0.008044,-0.0090403333,0.0047296667,0.0034356667,-0.01113,-0.0055733333,-0.0010303333,0.0024236667,0.0016066667,0.0045903333
Tajik_Jowzjan_(n=1),0.0910585,0.0497605,-0.046386,0.031008,-0.04847049,0.022032,0.0050525,0.0015,-0.031496,-0.023691,-0.0043845,0.001348,-0.000817,-0.010941,0.0138435,0.011469,-0.0074,0.0013935,-0.0017595,-0.009192,-0.0046165,-0.00723,-0.002835,-0.004157,0.008083
Tajik_Kabul_(n=2),0.0717085,-0.03859,-0.0629795,0.033269,-0.0595495,0.0245425,0.0027025,0.0053075,-0.0108395,-0.0102055,-0.0133155,-0.0017235,0.0011895,-0.0039225,0.002443,0.010939,-0.004955,0.004561,0.003331,-0.0104425,-0.0054905,-0.0030295,-0.0036975,-0.0064465,0.0035925
Tajik_Kapisa_(n=4),0.0839445,0.03402,-0.077121,0.04643125,-0.06362725,0.031166,0.00393625,-0.00051925,-0.0247475,-0.01867925,-0.00202975,0.00063675,-0.00115225,-0.00784425,0.01350425,0.01445225,-0.00603025,0.00028525,0.00279675,-0.007785,-0.003525,-0.00503875,0.004252,-0.0035545,0.005718
Tajik_Khujand_(n=1),0.0774,-0.103584,0.006411,0.007752,-0.044316,0.013108,0.00611,0.002538,-0.02168,-0.010387,-0.027606,-0.002997,0.006244,-0.007294,0.0019,0.001193,-0.008084,0.002534,-0.001634,-0.002126,-0.003743,-0.004081,-0.008011,-0.00253,-0.001317
Tajik_Kulob_(n=8),0.096322713,0.024541912,-0.033296712,0.025624662,-0.048662913,0.021358375,0.00141,-0.000980625,-0.032016538,-0.025148625,-0.007063875,-0.0024227125,-0.002905,-0.008137125,0.012005788,0.013579413,0.0007876625,0.0003114125,0.0008640875,-0.0082487125,-0.0064364125,-0.0023031625,0.000164375,0.0026357875,0.0017164625
Tajik_Laghman_(n=1),0.0774,-0.006093,-0.105217,0.066538,-0.068628,0.038208,0.013631,0.004154,-0.009613,-0.006014,-0.00406,0.000749,-0.001487,-0.001789,0.003936,0.003315,-0.009779,-0.004054,0.001131,-0.015632,0.003369,-0.007048,-0.002342,0.001446,-0.002874
Tajik_o_(n=1),0.068294,-0.015233,-0.089755,0.064923,-0.060627,0.033467,0.001645,0.007384,-0.000818,0.000729,-0.012342,0.003147,0.004014,-0.003441,0.000543,0.008088,-0.003651,-0.00114,0.004777,-0.008129,-0.009483,-0.004822,-0.003081,0.009158,0.006347
Tajik_Panjshir_(n=3),0.088023333,0.032835667,-0.078315333,0.041128667,-0.065653333,0.028818667,0.0054836667,0.00053833333,-0.029246667,-0.022172,-0.0042223333,-0.00044966667,-0.0025273333,-0.008257,0.013391,0.017723,-0.0023903333,0.003463,0.0033103333,-0.010672,-0.000416,-0.0056053333,0.002999,-0.0017673333,-0.00067866667
Tajik_Parwan_(n=2),0.0808145,0.006601,-0.0842865,0.052972,-0.066628,0.0308175,0.0066975,0.0047305,-0.013908,-0.0134855,-0.010068,-0.000824,-0.0026015,-0.005918,0.0109255,0.010939,0.002021,-0.003674,0.0006915,-0.0118805,-0.001622,-0.0080375,0,0.001687,0.0016765
Tajik_Samangan_(n=1),0.079676,-0.02945,-0.049403,0.01615,-0.04647,0.014223,0.013161,0.004846,-0.01084,-0.008018,-0.013153,-0.002548,-0.001784,-0.005092,0.014522,0.021877,0.004433,0,-0.001006,-0.003502,-0.001872,0.005441,-0.000246,-0.003374,0.004191
Tajik_Samarkand_(n=1),0.076261,-0.048745,-0.02225,0.004199,-0.040623,0.010877,0.0047,0.001615,-0.021475,-0.011299,-0.016888,0.001049,0.002527,-0.014863,0.015201,0.009281,0.002086,-0.011529,-0.004525,-0.005002,-0.00549,-0.007543,0.003821,0.005663,0.005029
Tajik_Takhar_(n=5),0.0849122,0.01503,-0.0559646,0.0352716,-0.055087,0.0287258,0.003807,0.0017536,-0.0187752,-0.0151258,-0.0048718,-0.0002398,0.0007134,-0.0142026,0.0118892,0.0124368,-0.0039638,0.0023058,0.0036704,-0.008529,-0.0015972,-0.0010634,-0.000345,-0.0013494,0.0030176
Tajik_Tashkent_(n=2),0.083259,-0.0540055,-0.005159,0.0183825,-0.0402875,0.011032,0.007443,0.005911,-0.024843,-0.020021,-0.008972,-0.0015195,0.004852,-0.009975,0.0030955,0.0072905,-0.000786,-0.0011525,-0.0019625,-0.001775,-0.005301,-0.002127,-0.0016525,0.0013485,0.0046685
Talysh_Azerbaijan_(n=24),0.0958165,0.10423475,-0.061112667,-0.034898167,-0.04211475,-0.0056405417,0.003895375,-0.0040122083,-0.034104042,-0.013333708,-0.00070458333,0.00053354167,-0.0014775,-0.000934,0.00047170833,0.0059444167,0.00031108333,0.001015875,0.0015611667,-0.0068204167,0.00020983333,-0.0024804583,-0.000694,-0.0025414167,0.0039597917
Tamang_(n=8),0.02432975,-0.35200788,-0.0351665,-0.00541025,0.006654875,0.018615875,0.004141875,0.00637475,0.0101495,0.018383,-0.065746875,-0.00981625,0.0097745,-0.004128625,-0.01080675,0.00038125,0.003536875,-0.006382,-0.006551875,0.00450225,0.000842375,0.02057275,0.0076875,-0.002922,0.0313745
Tamang_Simigaon_(n=20),0.02521175,-0.3504085,-0.0329038,-0.0059109,0.00587785,0.02175345,0.0041478,0.0066919,0.01414285,0.0176131,-0.06562925,-0.0086698,0.0096333,-0.000757,-0.00967,-0.00472015,0.00501975,-0.0017609,-0.00676875,0.0065032,0.0017904,0.02009365,0.0036913,0.00242805,0.02859615
Tamang_Tashinam_(n=11),0.019246455,-0.39891827,-0.014776182,-0.021406091,0.013624818,0.012169909,0.0048068182,0.0053913636,0.0087388182,0.015208364,-0.078197545,-0.0091961818,0.010514182,-0.0017265455,-0.012276636,-0.0062678182,0.005251,-0.0041808182,-0.0096788182,0.0060710909,-0.001089,0.027698364,0.0084257273,0.0027274545,0.038047727
Tamil_Brahmin_Iyengar_(n=2),0.054066,-0.0456985,-0.1444375,0.100776,-0.0787835,0.0546625,-0.0027025,0.0114225,0.02577,0.015399,-0.007957,0.000225,0.0012635,-0.004266,0,0.0086845,0.0017605,-0.0015835,0.0023255,0.0006255,-0.0016845,-0.0002475,0.000986,0.0001205,0.0002995
Tamil_Brahmin_Iyer_Tamil_Nadu_(n=24),0.053070083,-0.045868042,-0.14341583,0.10054746,-0.072385292,0.057521083,0.00094,0.010230375,0.029425917,0.016294917,-0.0030109167,-0.0010490833,-0.00043358333,-0.0010551667,0.0016908333,0.0028120417,0.0022545417,-0.00046454167,0.000329875,-0.0029180833,0.0010605833,-0.00210725,0.00011808333,0.00083845833,-0.0018809167
Tamil_Brahmin_Tamil_Nadu_(n=17),0.055103765,-0.044862412,-0.14170859,0.10153635,-0.076050294,0.055368059,-0.00027652941,0.0066104706,0.026961059,0.018566588,-0.0035629412,-0.00062588235,-0.0035765294,0.0028658235,0.00091017647,-0.00010135294,-0.0014112353,0.0018630588,0.00049547059,-0.0021407059,0.0029434706,-0.00020370588,0.0033567647,-0.0017437647,-0.0016975882
Tamil_Dalit_Tamil_Nadu_(n=13),0.025916615,-0.11373938,-0.18940162,0.128555,-0.076085154,0.065646538,-0.0016450769,0.015318846,0.067602923,0.046652385,-0.0049964615,0.0020174615,-0.0024129231,0.011983769,-0.012079231,-0.0098218462,0.0086152308,0.00024369231,-0.0014213846,0.0064741538,0.0052696154,0.0023779231,-0.0013556154,0.0075265385,-0.0028278462
Tamil_Devendrakulathan_(n=4),0.02589475,-0.118817,-0.1906345,0.124356,-0.0754755,0.0672125,-0.00217375,0.012461,0.07291275,0.044648,-0.004019,-0.00363425,0.00040875,0.01248925,-0.0142165,-0.01471725,0.004759,0.005796,-0.0004085,0.00897275,0.007518,0.0002475,-0.001664,0.00445825,-0.0073045
Tamil_Gounder_(n=2),0.045529,-0.0619475,-0.1772465,0.101422,-0.081554,0.0631685,0.003525,0.009461,0.0308835,0.0235995,-0.009906,-0.0017985,0.000372,0.0091515,-0.0088215,-0.002188,0.003325,0.004941,-0.004085,-0.0026265,0.0018095,-0.00204,0.0007395,0.003193,-0.008442
Tamil_Kuga_Vellalar_(n=4),0.02874025,-0.12034,-0.185732,0.130816,-0.07116675,0.0690255,-0.00669775,0.01667225,0.0721455,0.04747275,-0.00158325,0.002173,0.0005945,0.007191,-0.01635425,-0.017336,0.00612825,0.00018975,-0.00201125,0.00994225,0.0077675,0.003153,-0.00301975,0.00659725,-0.002784
Tamil_Malai_Kuravar_(n=9),0.041861667,-0.079436889,-0.16346089,0.111113,-0.075843222,0.062657556,0.00091388889,0.01482,0.048949444,0.031850889,-0.0062247778,0.0010991111,-0.0015196667,0.0067741111,0.0013573333,-0.0020036667,-0.000652,-0.0020412222,-0.000028,0.00083366667,0.0023154444,0.0043965556,0.00087644444,0.0034675556,-0.0037785556
Tamil_Malaiyali_(n=5),0.029594,-0.109271,-0.1839594,0.1203508,-0.0725674,0.0605752,-0.004277,0.014907,0.0577984,0.0417684,-0.0020784,-0.0016488,-0.0022004,0.003193,-0.0097176,-0.009944,0.0017994,0.0007602,-0.0002012,0.0059782,-0.0003744,0.0056138,-0.0028346,-0.0004818,-0.0034008
Tamil_Mudaliar_Tamil_Nadu_(n=6),0.035285333,-0.078365,-0.17027,0.10906733,-0.078578833,0.060566,-0.0010183333,0.0099225,0.046938333,0.028216,-0.002923,0.00089916667,-0.00034683333,0.005436,-0.0033478333,-0.0026075,0.0025858333,-0.00027466667,-0.0012148333,0.0024176667,0.0014558333,-0.001422,0.00059566667,0.000241,-0.0038318333
Tamil_Mukkulathor_Agamudayar_(n=1),0.026179,-0.119832,-0.197611,0.122095,-0.078168,0.072233,-0.008695,0.015461,0.067697,0.05212,-0.002273,-0.000599,-0.003865,0.026148,-0.017915,-0.01485,0.000782,-0.001774,-0.005782,0.013381,0.003868,0.012242,-0.003821,0.00976,-0.003353
Tamil_Mukkulathor_Kallar_(n=33),0.032767152,-0.090443788,-0.17723527,0.11143597,-0.074139636,0.057671242,-0.0031476364,0.011740697,0.049135303,0.031637273,-0.0024013333,0.000054454545,0.0011532727,0.0037408182,-0.0066461818,-0.0035839091,0.0053496667,0.001389697,-0.00018666667,0.0028006061,0.0017393333,-0.0009630303,-0.0025171818,-0.00045278788,-0.0049967879
Tamil_Mukkulathor_Kallar_Piramalai_(n=3),0.036802667,-0.087335667,-0.17913233,0.116604,-0.079297,0.061077,-0.000705,0.013384,0.048881333,0.028064667,-0.002815,-0.0037466667,-0.0021803333,0.0075233333,-0.0085506667,-0.013347333,-0.0048676667,0.0012666667,-0.0011733333,0.0011253333,0.005324,-0.0016076667,-0.0012326667,0.00068266667,-0.0062666667
Tamil_Muslim_(n=1),0.039448,-0.094029,-0.172322,0.112458,-0.076071,0.068972,0.00053,0.01949,0.054501,0.0332,0.00229,0.000488,0.000882,0.006194,-0.008617,-0.007072,0.004514,-0.001565,-0.00153,0.00845,-0.002083,0.005632,-0.002538,0.003341,0.004531
Tamil_Muslim_Rowther_Kerala_(n=2),0.0393215,-0.083545,-0.1675045,0.108316,-0.070437,0.0600445,-0.002023,0.0109045,0.0422175,0.0255295,-0.003925,-0.000795,0.00125,0.002897,-0.0039375,-0.002254,0.002432,0.000445,-0.001886,0.00306,-0.001054,0.003027,-0.0007625,0.001642,0.0046985
Tamil_Muthuraja_(n=4),0.034147,-0.09901425,-0.18214925,0.11846125,-0.07747575,0.062332,0.000294,0.01113425,0.0516425,0.037723,-0.00487175,0.00168625,0.00055775,0.007397,-0.0074985,-0.01219825,-0.00006525,0.00095025,-0.003708,0.006159,0.00452325,0.0008655,0.00191025,0.00084325,-0.005299
Tamil_Nadar_Tamil_Nadu_(n=15),0.028455733,-0.087200133,-0.17392807,0.11098367,-0.073367533,0.0602588,-0.0027417333,0.011784267,0.048513,0.0337622,-0.0026631333,-0.0007492,-0.00022806667,0.0060738,-0.0072837333,-0.0079022667,0.0020688667,0.0032601333,0.00051953333,0.0018674667,0.0042591333,-0.0004698,-0.0024567333,0.0010040667,-0.0051172667
Tamil_Nadu_Scheduled_Caste_(n=5),0.0175288,-0.114755,-0.1829036,0.1232578,-0.068505,0.0584556,-0.003807,0.0119072,0.0621342,0.04155,-0.0020462,-0.0053652,0.0003566,0.0126888,-0.0128392,-0.0159638,-0.0001564,-0.001723,0.000578,0.0077288,0.0004492,0.0037592,-0.0033032,0.0018556,-0.0067778
Tamil_Pallan_(n=20),0.0279436,-0.1120636,-0.18312975,0.1221111,-0.07269045,0.06241575,-0.00282,0.01591085,0.06318765,0.0404656,-0.0030772,-0.0005021,-0.0003047,0.0064062,-0.01081685,-0.0094735,0.0067474,-0.00013305,-0.000176,0.008379,0.00653845,0.00310365,-0.00157145,0.00090965,-0.00480185
Tamil_Paraiyar_(Adi_Dravida)_(n=10),0.0208295,-0.1178016,-0.1865238,0.1240653,-0.0698285,0.066376,-0.0030315,0.0158994,0.069579,0.0439735,-0.0012666,0.0015887,-0.000119,0.0108584,-0.0143592,-0.0119992,0.0051633,0.0014949,-0.0022877,0.0074661,0.0060892,0.0064916,-0.0048929,0.0013495,-0.0045144
Tamil_Paravar_Tamil_Nadu_(n=6),0.032629333,-0.092751667,-0.17309833,0.11089767,-0.0727315,0.060984167,-0.0028983333,0.012461333,0.052255833,0.029735,-0.0015696667,0.00044966667,0.0004955,0.0060553333,-0.0059263333,-0.0055245,0.00091266667,0.0008235,-0.0034356667,0.0013131667,0.0043463333,0.001463,-0.001212,0.0024498333,-0.0040913333
Tamil_Paravar_Tamil_Nadu_o_(n=2),0.019919,-0.127449,-0.195537,0.132431,-0.0733985,0.066376,-0.005405,0.01523,0.0790485,0.0495685,-0.005034,-0.000974,0.0009665,0.014244,-0.0158115,-0.0147835,0.010496,-0.003357,0.002325,0.0122555,0.006177,0.0041425,-0.004745,0.0064465,-0.0096995
Tamil_Pillai_(n=1),0.036423,-0.07718,-0.169327,0.109175,-0.077245,0.061914,-0.001175,0.016153,0.050313,0.028976,-0.001949,-0.003447,-0.00223,0.01101,-0.0076,-0.013392,-0.013299,0.000633,-0.005656,-0.007504,0.005116,0.003833,0.001479,-0.005543,0.003592
Tamil_Sri_Lanka_(n=101),0.037584139,-0.087174653,-0.17299757,0.11273751,-0.075605802,0.061173673,-0.0026036337,0.013267535,0.047783624,0.030381119,-0.0033683267,0.00029680198,-0.0012981386,0.0049830495,-0.0067497624,-0.0054611386,0.0030633366,0.000051405941,-0.000031138614,0.0025296535,0.0042326535,0.000039188119,-0.0008810099,0.00022785149,-0.0044981782
Tamil_Sri_Lanka_o_(n=3),0.056153,-0.047052667,-0.14079167,0.10336033,-0.072218333,0.055313333,0.0020366667,0.0083843333,0.026179,0.012209667,-0.007903,0.00014966667,0.001338,0.00027533333,0.00022633333,-0.0012373333,0.001434,-0.001309,0.00058666667,-0.0049193333,0.0019963333,-0.00024766667,0.0038206667,0.003173,-0.0011176667
Tamil_Vanniyar_Tamil_Nadu_(n=1),0.04173,-0.07026,-0.16954,0.10871,-0.08296,0.05956,-0.00105,0.0113,0.03774,0.02145,-0.00471,-0.00026,-0.00312,0.00247,-0.00315,-0.00297,0.0022,0.00389,0.00443,-0.00492,0.00529,-0.00086,0.00142,0.00155,-0.0054
Tamil_Vellalar_(n=9),0.040976222,-0.076728889,-0.17590578,0.10917467,-0.076629667,0.057637444,-0.0041516667,0.011999556,0.038836778,0.026242,-0.004565,0.0011656667,0.00021466667,0.0037005556,-0.003755,0.00089866667,0.0054471111,0.00014066667,0.0031005556,-0.00072244444,0.0022044444,0.00016477778,0.00036955556,-0.00028111111,-0.0017428889
Tamil_Yadav_Pondicherry_(n=15),0.040369267,-0.083679667,-0.1724698,0.11393387,-0.0751934,0.061616267,-0.0020366667,0.0103226,0.047844867,0.030457667,-0.0033452,0.0014686667,0.0046184,0.0060368667,-0.0068764667,-0.0008044,0.0036248,-0.0016132,0.00024313333,0.0036184667,0.0034356,-0.000090466667,-0.0016926667,-0.0006426,-0.0022033333
Tanoli_(n=3),0.072846667,-0.012863333,-0.10659967,0.071383,-0.074270333,0.046853667,0.0036816667,0.002769,-0.004977,-0.0075323333,-0.0071453333,0.00029966667,-0.0037163333,-0.003716,0.0090483333,0.0095906667,-0.0038246667,0.0015203333,0.00419,-0.012464333,-0.0029116667,-0.0092736667,-0.000082,-0.004659,0.011775667
Tat_Azerbaijan_(n=5),0.1001644,0.1005374,-0.0460842,-0.027455,-0.0389612,-0.0012826,0.0054992,-0.0023076,-0.0344826,-0.0158182,0.0002924,0.003327,-0.0067196,0.0007706,0.0043432,0.0008484,-0.0060238,0.0008868,0.0004024,-0.0032514,0.0006988,0.0003216,0.000715,0.00294,0.0035206
Tat_Azerbaijan_Ciscaucasia_(n=6),0.10433783,0.10629217,-0.040666167,-0.021533333,-0.038263333,0.0005575,0.0078725,-0.002423,-0.040700167,-0.020926833,-0.00078483333,0.0019735,-0.0053021667,-0.0061701667,0.0068085,0.002431,-0.00052133333,-0.000359,-0.0023256667,0.00075033333,-0.0024748333,-0.0027821667,0.00012316667,0.0023293333,0.0011576667
Tat_Dagestan_Dzhalgan_(n=15),0.10502073,0.099047867,-0.034845933,-0.0078596667,-0.035780933,0.0047412,0.0072380667,-0.0060920667,-0.045690733,-0.027724133,-0.0000542,0.0018482667,-0.0027552667,-0.0072481333,0.011635667,0.00043313333,-0.0022773333,0.0002028,0.0002346,-0.0033599333,-0.00083186667,-0.000057533333,0.0010598667,0.004137,0.00025553333
Tat_Dagestan_Nyugdi_(n=13),0.099814077,0.089288615,-0.044268077,-0.026610231,-0.034846769,-0.00081530769,0.0038143077,-0.0041003077,-0.032723692,-0.016078923,-0.001986,0.0032049231,-0.004437,-0.0024876154,0.0012213846,0.0022745385,-0.0029086154,0.0020367692,0.00069615385,-0.007292,0.00051830769,-0.0032054615,-0.0011280769,-0.0012235385,0.0010501538
Tat_Iran_(n=1),0.093335,0.101553,-0.071653,-0.04199,-0.049855,-0.008367,0.003525,-0.000692,-0.03661,-0.013668,-0.001949,0.004046,-0.003865,-0.005918,0.007057,0.004641,-0.017211,0.001394,0.003268,-0.013632,-0.006114,0.002597,-0.007641,-0.010483,0.007903
Tatar_(n=17),0.10960076,0.0098744118,0.063919118,0.045210824,-0.0052166471,0.0084447647,0.0087821176,0.0096974706,-0.0075767059,-0.023156765,0.0042075882,-0.0061076471,0.014193353,-0.0061032941,-0.0084650588,-0.0056932941,-0.0029577059,-0.0019591176,-0.0064569412,-0.005944,-0.0019375882,0.00017282353,-0.0056301176,0.0010301765,0.0010037059
Tatar_Astrakhan_(n=6),0.087454167,-0.10527683,0.051854167,0.012166333,-0.019593333,-0.0054383333,0.0096353333,0.013653167,-0.0084535,-0.012817333,-0.015454,-0.004696,0.0065908333,0.000321,-0.0026013333,0.00083966667,0.0037158333,0.00012683333,0.0019693333,0.0026051667,-0.0101905,-0.0011538333,-0.0080111667,0.0001405,0.0033928333
Tatar_Astrakhan_(Volga_Tatar-Mixed)_(n=2),0.0961805,-0.0401135,0.0495915,0.0224485,-0.0132335,-0.000279,0.012338,0.0099225,-0.01493,-0.019773,-0.0092565,-0.0108655,0.008771,0.0005505,-0.010247,-0.007624,0.001695,0.0046875,0.002137,-0.000875,-0.003307,-0.002906,-0.002773,-0.0033735,-0.0044905
Tatar_Astrakhan_o_(n=2),0.0722775,-0.176702,0.046763,-0.0050065,-0.035237,-0.006972,0.00752,0.014999,-0.004295,0.000911,-0.0181065,-0.001274,0.0084735,-0.003303,0.0003395,0.00179,0.0025425,-0.004371,0.002514,0.009067,-0.0141625,0.000989,-0.011647,0.001265,0.003293
Tatar_Kazan_(n=15),0.10995313,0.012389267,0.060992933,0.043282,-0.0051700667,0.0092776667,0.0080529333,0.010922533,-0.0078946,-0.022524467,0.0019812667,-0.0057350667,0.0130326,-0.0057892667,-0.0092108667,-0.0025899333,0.0020774,-0.000152,-0.0069636667,-0.0041102,0.00078186667,0.0010138,-0.0072058667,0.000988,0.000479
Tatar_Lipka_(n=6),0.10376883,-0.024711167,0.046888667,0.0221255,-0.0030775,0.004741,0.0092043333,0.0084995,-0.010089833,-0.014153833,-0.0084711667,-0.0050455,0.0073835,0.0096336667,-0.0026465,-0.007403,-0.0060845,-0.000739,0.0014035,0.000146,-0.0067798333,-0.0027615,-0.0010066667,-0.0021286667,0.0017563333
Tatar_Mishar_(n=10),0.1162133,0.0372698,0.0644877,0.0478686,0.0088938,0.0152833,0.0090007,0.0132918,-0.0065242,-0.0189343,-0.0007145,-0.0057548,0.0153418,0.0050508,-0.0092155,-0.0050782,-0.0047067,-0.0023184,-0.0032933,-0.0025137,-0.000624,-0.0011377,-0.0047452,-0.0013254,0.0006706
Tatar_Siberian_Buhar_(n=3),0.077399333,-0.14454367,0.061847667,0.023579,-0.043905667,-0.01004,0.00752,0.010614667,-0.0053856667,-0.017373,-0.00097433333,-0.0060943333,0.010009667,-0.018533333,-0.005655,0.000265,-0.0039983333,-0.000084333333,-0.001173,-0.00371,-0.0043673333,0.003668,-0.0036973333,-0.0036146667,0.00095766667
Tatar_Siberian_Irtysh_Barabinsk_(n=2),0.0745545,-0.195997,0.0678815,0.016473,-0.050163,-0.012132,0.013513,0.0179995,-0.0014315,-0.009567,0.008363,-0.00015,0.0118185,-0.0250475,-0.002443,0.0023205,0.0041725,-0.00057,-0.0018225,-0.0001875,-0.0093585,0.0068625,0.003266,0.0027715,-0.009161
Tatar_Siberian_Ishtyak_Toguz_(n=5),0.082408,-0.1466424,0.0623006,0.0198322,-0.0449316,-0.009036,0.004982,0.0105226,-0.0063404,-0.016875,0.003118,-0.0041962,0.009752,-0.0230932,-0.0035286,-0.0033678,-0.0022686,-0.0029646,0.0004022,0.001851,-0.0057148,0.0013848,-0.0049792,-0.0000722,-0.0008144
Tatar_Siberian_Iskero-Tobolsk_(n=5),0.0819528,-0.1517204,0.070446,0.024548,-0.0483782,-0.013833,0.0072382,0.0077072,-0.009817,-0.0170936,0.0017536,-0.0025478,0.0128444,-0.0218546,-0.009799,-0.0045346,-0.0028946,-0.000076,0.002338,0.0051274,-0.0071872,0.006059,-0.0029334,-0.0005302,-0.0004312
Tatar_Siberian_Tomsk_(n=2),0.083091,-0.12948,0.059208,0.022933,-0.0278515,-0.0093425,0.011868,0.011884,-0.0091015,-0.0152165,-0.0064145,-0.0017985,0.0057235,-0.012868,-0.005632,0.0050385,-0.0012385,-0.004434,-0.0010055,0.00594,-0.0016845,0.003524,-0.0087505,0.00247,-0.0001795
Tatar_Siberian_Yalutorovsky_(n=6),0.086885,-0.11373917,0.0654305,0.034345667,-0.039392,-0.0060891667,0.010340667,0.0087688333,-0.0053175,-0.019043833,0.0045198333,-0.003297,0.010976,-0.017638667,-0.0077813333,0.001326,-0.00032583333,0.001478,-0.0039385,-0.0020425,-0.010918333,0.0035035,-0.0014378333,0.0021488333,-0.00059883333
Tatar_Siberian_Zabolotniye_(n=5),0.0812698,-0.1598442,0.0899056,0.0479978,-0.061673,-0.0134984,0.0118444,0.0160608,-0.0044178,-0.0261326,0.0268268,-0.0055152,0.0152824,-0.0461588,-0.0121878,-0.0093608,-0.0053458,0.0002532,-0.0021368,-0.0052526,-0.0045668,0.0132556,0.0073702,-0.0054946,-0.005221
Tatar_Ufa_(n=1),0.109591,0.000068,0.065845,0.055036,-0.011792,0.010923,0.011475,0.014178,-0.009171,-0.027089,0.011494,-0.004948,0.011529,-0.012762,-0.003406,-0.002967,-0.004916,-0.000795,-0.003211,-0.003648,-0.003744,0.00368,0.000425,-0.001097,-0.001541
Tatavi_(n=3),0.088023,0.12389467,-0.059836333,-0.050388,-0.036314333,-0.011992333,0.0040733333,-0.0053073333,-0.021815667,-0.005771,0.002111,-0.0018983333,0.0055006667,-0.001514,-0.003619,0.003978,-0.0095613333,0.0015203333,-0.0010476667,-0.011339,-0.002163,0.0015663333,-0.002506,-0.00012033333,0.00471
Telengit_(n=6),0.054824833,-0.28874883,0.0691385,-0.0067291667,-0.061344833,-0.026308667,0.0135915,0.0172685,-0.0021475,0.0010021667,-0.018999667,-0.0026475,-0.0007435,-0.0099546667,0.0060393333,0.0026296667,-0.0051718333,-0.0011403333,0.011187333,0.014215,-0.024727167,0.001587,-0.018569333,-0.0063865,-0.0017161667
Teles_(n=4),0.0577655,-0.2942495,0.0701445,-0.00880175,-0.060396,-0.0270525,0.0112805,0.01465325,-0.004704,0.00300675,-0.0181465,-0.00187325,-0.000892,-0.011354,0.00719325,0.00218775,-0.0062585,0.00095025,0.01168975,0.02126025,-0.033441,-0.000371,-0.012941,-0.0066875,-0.00535875
Teles_(European-Mixed)_(n=1),0.094473,-0.114755,0.076178,0.028424,-0.025235,-0.004183,0.014101,0.016845,0.001023,-0.012392,-0.015427,-0.004046,0.004757,-0.000688,-0.0057,-0.007558,0.002217,0.001774,0.005782,0.006253,-0.013726,-0.001237,-0.001602,-0.001205,-0.001197
Teleut_(n=13),0.063215538,-0.24958592,0.071159923,0.011652846,-0.054684769,-0.020187385,0.0093280769,0.012407769,-0.0041533846,-0.0079343077,-0.013478308,-0.0025823077,0.0016009231,-0.011126231,0.0055125385,0.0021826154,-0.0040219231,-0.00088684615,0.0040900769,0.0082250769,-0.023295385,0.0038523846,-0.0082102308,-0.0039393077,-0.003924
Telugu_(n=108),0.04166138,-0.080358407,-0.17266189,0.1114477,-0.078621472,0.063083481,-0.0011271296,0.012762315,0.043146954,0.027656009,-0.0043664167,0.00067437963,-0.00092501852,0.0040458704,-0.0053760741,-0.0034608241,0.0034902222,0.000064564815,-0.00026185185,0.0012274722,0.0034776481,-0.00053702778,0.00024192593,0.00051543519,-0.0032232315
Telugu_Balija_(n=2),0.040407,-0.0858125,-0.1717785,0.1106285,-0.08063,0.0623325,-0.00094,0.015807,0.043359,0.0277,-0.0044655,0.0004495,-0.0046825,0.001445,-0.006243,0.006828,0.0083445,-0.0013935,-0.0022625,0.002876,0.0081105,0.002164,-0.0001235,0.002048,-0.002694
Telugu_Bestha_(n=5),0.037334,-0.0873356,-0.1712882,0.111888,-0.0701054,0.0628618,-0.0042302,0.0153684,0.0519898,0.0268252,-0.0016238,-0.0018284,0.0008324,0.0062756,-0.0100706,-0.0063376,0.0032858,-0.0001266,0.003268,0.0013756,0.0025204,0.0007418,-0.0023172,0.0021448,-0.0029698
Telugu_Brahmin_(n=2),0.053497,-0.041637,-0.1382145,0.0972235,-0.071552,0.0561965,-0.00141,0.0050765,0.030474,0.0108435,-0.0074695,-0.0016485,-0.000966,0.0014455,-0.0012215,-0.001591,-0.000717,0.003484,0.000126,0.000125,0.003681,-0.009521,0.0017255,0.0051815,-0.002395
Telugu_Brahmin_Andhra_Pradesh_(n=27),0.054339963,-0.051039778,-0.14318015,0.10271433,-0.072856889,0.05701763,0.00098351852,0.0070852222,0.032511778,0.016772444,-0.004624963,-0.0000055555556,-0.0019765926,0.0020490741,-0.0014476667,0.0008102963,-0.000019296296,0.0020363704,0.0012895185,-0.00072707407,-0.0003697037,-0.00080155556,0.0018578148,0.0027446667,-0.00016862963
Telugu_Brahmin_Niyogi_(n=1),0.052359,-0.040621,-0.1467,0.094962,-0.071398,0.064982,-0.000235,0.008769,0.026179,0.016219,-0.012179,-0.002248,-0.005203,0.002477,0.003393,-0.020551,-0.02047,0.011149,0.000628,-0.006003,0.003619,0.004081,0.007641,0.002169,-0.007185
Telugu_Brahmin_Vaidiki_(n=32),0.052572031,-0.047095156,-0.14380081,0.10165438,-0.071551719,0.057303312,0.00065359375,0.010225438,0.032084781,0.016509438,-0.0066935,-0.00064165625,-0.000748,-0.0031222813,0.0007125,0.000377,-0.0003951875,0.0018686875,-0.0012687813,-0.0033923125,0.0008345,-0.0024459375,0.00038896875,0.00028621875,-0.0030423437
Telugu_Budaga_Jangam_(n=4),0.03642375,-0.09215925,-0.17328675,0.10812475,-0.0729365,0.06442375,-0.00182125,0.010038,0.04949475,0.032028,-0.00341,0.0019855,0.0017095,0.00423175,-0.01041675,-0.0068285,0.0069755,0.00098175,0.0014455,0.00297,0.00527175,-0.00262775,0.007549,-0.00006025,-0.0016765
Telugu_Ediga_(n=3),0.031111333,-0.082257667,-0.17473267,0.10755967,-0.072424,0.055127333,0.00062666667,0.0093073333,0.048812667,0.029886667,-0.0043303333,0.002548,0.002131,0.006973,-0.0087766667,-0.0047733333,0.0093876667,-0.00046466667,0.0036453333,0.0024176667,0.003494,0.0014016667,-0.0018486667,-0.00060233333,-0.003792
Telugu_Jew_(Bene_Ephraim)_(n=4),0.02788675,-0.12135575,-0.192237,0.1306545,-0.07247475,0.0690255,0.00041125,0.02048,0.07255475,0.04624225,-0.0022735,0.00089925,0.0018585,0.0030965,-0.015506,-0.01229775,0.008051,-0.00133,0.00056575,0.01653925,0.00527175,0.0055645,0.000185,0.00674775,-0.00550825
Telugu_Kalinga_(n=5),0.0377892,-0.0725088,-0.1557506,0.1083998,-0.0679512,0.0621928,-0.000235,0.0131996,0.0402094,0.0221964,0.0006496,0.0035668,-0.0005948,0.0018168,-0.0024972,0.0026256,0.0066234,0.0035218,-0.0013324,0.0008752,0.0052158,-0.0009398,0.0020462,-0.000747,0.0006706
Telugu_Kamma_(n=5),0.0465956,-0.0692234,-0.1680582,0.1032008,-0.0808088,0.0597956,0.00201,0.013218,0.0357668,0.0234802,-0.0066114,-0.0018192,-0.0005698,0.0069354,0.0000414,-0.0022272,-0.0013866,-0.001344,0.000945,0.0009552,-0.0020502,-0.0040224,0.0030198,-0.0009398,-0.0033902
Telugu_Kapu_Andhra_Pradesh_(n=2),0.035854,-0.105615,-0.165179,0.11402,-0.0646275,0.058288,-0.004935,0.0129225,0.0525625,0.034534,-0.00747,-0.000599,-0.000743,0.002202,-0.008822,-0.0070275,0.0069105,-0.0048775,-0.0009425,0.012131,0.005116,0.000804,-0.000678,0.004398,-0.0028735
Telugu_Kshatriya_Agnikula_(n=5),0.0364234,-0.1009438,-0.1773978,0.1119528,-0.068628,0.064145,-0.002115,0.0111688,0.0506402,0.0311988,0.000942,0.0011388,-0.001308,0.0103218,-0.0086862,-0.0057544,0.001356,-0.000152,0.0004774,0.0055278,0.003943,0.001682,-0.0051272,-0.0006264,-0.001413
Telugu_Kshatriya_Karnataka_(n=1),0.048838,-0.074124,-0.155033,0.109822,-0.076498,0.053426,-0.002487,0.010888,0.033089,0.017625,-0.000475,-0.000051,0.001001,0.000163,-0.001986,-0.000071,0.00092,-0.000116,0.000392,0.001038,-0.00087,-0.000369,-0.000513,0.001177,0.00427
Telugu_Madiga_Andhra_Pradesh_(n=17),0.026380176,-0.11780135,-0.18368,0.12332994,-0.071198706,0.066425176,-0.0042992353,0.016478941,0.065507765,0.043736706,-0.0023499412,0.000097,0.0017401765,0.009237,-0.013691706,-0.0079398824,0.0068872353,0.00090917647,-0.00042882353,0.012527941,0.0049838235,0.0010837647,-0.00052917647,0.002254,-0.0081498235
Telugu_Madiga_Dakkali_Andhra_Pradesh_(n=2),0.036423,-0.0832735,-0.1791325,0.112405,-0.0681665,0.067073,0.0041125,0.0122305,0.045813,0.0343515,-0.008038,-0.0005995,-0.0023785,0.002615,-0.007193,0.000928,0.0011735,0.002977,0.0072275,-0.0031265,-0.001747,0.0023495,-0.005546,0.0040365,-0.0052685
Telugu_Mala_Andhra_Pradesh_(n=30),0.028342033,-0.1205433,-0.1866998,0.1311067,-0.069130833,0.066785067,-0.003713,0.016253133,0.067976867,0.045127667,-0.0048065667,0.00004,-0.00098116667,0.0083445333,-0.015055833,-0.013449,0.0051805,-0.00048983333,-0.0020823667,0.0069534,0.0055776,0.0041011667,0.00065323333,0.0059485333,-0.0084382667
Telugu_Medari_Andhra_Pradesh_(n=4),0.03869975,-0.1066305,-0.1781895,0.12556725,-0.0718595,0.0637265,-0.00182125,0.01494175,0.06013,0.04195975,-0.00276075,0.0022855,0.00007425,0.01004675,-0.011468,-0.00606575,0.00521525,-0.004434,-0.00025125,0.00628425,0.002901,0.0019785,0.00123275,0.001777,-0.00631675
Telugu_Muslim_Dudekula_(n=4),0.0395535,-0.09063625,-0.17281575,0.11377775,-0.073552,0.06128625,-0.0050525,0.01298025,0.04499525,0.031208,-0.00954025,2.71e-20,-0.00241575,0.0046445,-0.00624325,-0.0021545,0.00163,-0.00335725,0.00204275,0.00062525,0.00311925,0.0033075,-0.0004005,0.0015365,-0.00775375
Telugu_Naidu_Andhra_Pradesh_(n=10),0.0356266,-0.0865231,-0.1705716,0.1115975,-0.0744754,0.0626668,-0.0016685,0.0078459,0.0464064,0.0325839,-0.0023871,0.0007644,-0.0020219,0.0040461,-0.0066775,-0.0072128,0.0032205,-0.000304,0.0006412,0.0019884,0.0044671,0.0026584,-0.001294,0.000301,-0.0011974
Telugu_Padmashali_Telangana_(n=5),0.0409762,-0.0966784,-0.1757382,0.1178314,-0.0761988,0.0626946,-0.00141,0.0127378,0.052399,0.032511,-0.0006172,-0.0013786,-0.0041032,0.0047068,-0.0060258,-0.0092018,0.004772,0.0020018,-0.003243,0.0015758,0.0011232,0.003042,0.0030812,0.003928,-0.007113
Telugu_Panta_Kapu_(n=18),0.0423675,-0.0641475,-0.1691805,0.103145,-0.081981111,0.058752889,-4.82e-20,0.010653333,0.037132389,0.0219595,-0.005404,-0.00068277778,-0.00064416667,0.0043428333,-0.0005655,0.0034104444,-0.0012313333,0.00015494444,0.00044688889,-0.0032723333,0.0047001111,-0.0045132778,0.00095855556,-0.0024768333,-0.0023949444
Telugu_Reddy_Andhra_Pradesh_(n=3),0.042114667,-0.060254667,-0.16970433,0.10271433,-0.080938,0.060798333,-0.0013316667,0.005615,0.02952,0.024905333,-0.0081193333,-0.0005,-0.000793,0.006468,-0.002443,-0.0034916667,-0.00339,0.000929,-0.00016766667,-0.0067533333,0.007778,-0.00441,-0.001068,-0.002932,-0.00004
Telugu_Reddy_Telangana_(n=9),0.041229222,-0.075938889,-0.17251156,0.10834933,-0.077108333,0.059713556,-0.0022977778,0.012384222,0.043291,0.027902333,-0.0053588889,0.000433,-0.0019492222,0.0063918889,-0.0087463333,-0.0086183333,0.0023322222,0.0017172222,-0.00071211111,-0.000542,0.0075563333,-0.0010717778,-0.0018622222,-0.0011111111,-0.0024482222
Telugu_Syed_(n=1),0.026179,-0.08632,-0.163293,0.110144,-0.062781,0.066097,-0.00752,0.006692,0.04745,0.026606,-0.006333,0.002248,0.003271,0.00523,0.001086,-0.003978,0.011083,-0.000127,0.00352,0.003377,0.000749,0,-0.003944,0.006868,0.002275
Telugu_Velama_(n=4),0.043822,-0.07235675,-0.17027,0.108206,-0.0803225,0.06128625,0.00111625,0.01298025,0.0392175,0.02578625,-0.0031665,0.0022105,-0.00148675,0.004163,-0.00559825,-0.00086175,0.0064215,-0.00003175,0.004651,-0.00012475,0.00371225,-0.00123675,0.0016945,0.00243975,-0.0012275
Telugu_Vishwakarma_Achary_(n=2),0.035854,-0.092413,-0.1770585,0.113374,-0.076322,0.06289,0.00141,0.0107305,0.0521535,0.031527,-0.0069825,0.0006745,-0.0002975,-0.001376,-0.010111,-0.00305,0.015972,-0.000697,-0.0018855,0.007941,0.0061765,-0.00204,-0.003266,0.0037355,-0.003832
Telugu_Vysya_Andhra_Pradesh_(n=43),0.036952744,-0.09033493,-0.18578019,0.12011193,-0.084624023,0.067582326,-0.0011968605,0.010588116,0.049280721,0.034107791,-0.0047697674,0.0021887674,0.00042872093,0.0044487674,-0.008174814,-0.0033270698,0.0072469767,0.00091037209,-0.00036830233,0.0013960465,0.0023563023,-0.00057806977,-0.00030383721,-0.0005212093,-0.0058816512
Telugu_Waddar_Andhra_Pradesh_(n=3),0.028076333,-0.09309,-0.175361,0.116281,-0.070782333,0.067677333,-0.0072853333,0.012615,0.055085,0.034685333,-0.0038973333,-0.0028976667,0.0015363333,0.0075233333,-0.0025786667,-0.011005,0.0012603333,0.0013513333,-0.0022203333,0.0046273333,0.0095246667,-0.0017723333,-0.003615,-0.00004,-0.0015166667
Telugu_Waddar_Telangana_(n=4),0.037277,-0.103076,-0.1815835,0.12007625,-0.076245,0.05975225,0.001175,0.0140185,0.058545,0.03672075,0.00028425,0.00003775,-0.00275025,0.00946175,-0.0076005,-0.0089165,0.00570425,0.0032305,-0.0016655,0.008723,0.00580225,0.000711,-0.001479,0.00054225,-0.0058975
Telugu_Yadav_(n=2),0.0386995,-0.0903825,-0.1719675,0.1148275,-0.071244,0.058149,-0.0027025,0.0141915,0.045711,0.0305245,-0.0052775,0.00045,-0.0055,0.0050235,-0.003597,-0.010342,0.0029335,-0.003421,-0.0039595,0.006253,0.0038055,-0.0029675,0.001602,0.002289,-0.0034725
Temiar_(n=48),-0.0037703542,-0.36303058,-0.094185917,-0.0027656875,0.12352942,0.058044083,-0.0070550417,-0.011297604,0.0058033958,-0.00922575,0.082445937,0.00898575,-0.0103815,0.008833625,0.0042440208,-0.0017872083,0.0028413125,-0.002478375,-0.0015136042,0.016570417,-0.016551479,0.012161771,-0.012961542,0.0064916667,0.034749771
Temiar_o_(n=6),0.0094853333,-0.3992725,-0.058391,-0.030631167,0.11037933,0.0508045,-0.0048175,-0.0038845,-0.0034086667,-0.0058618333,0.03015,0.0037466667,-0.0050793333,0.00073366667,0.0038,-0.0013921667,0.0032378333,-0.00078133333,-0.0001255,0.0018341667,-0.0039306667,0.0069656667,-0.0011913333,0.0038358333,0.018620833
Temuan_(n=9),0.0053116667,-0.37788989,-0.089796556,-0.014893889,0.12877611,0.062161556,-0.0048044444,-0.014025111,-0.00072711111,-0.014437111,0.083828556,0.0088922222,-0.011149667,0.0051226667,0.0074344444,-0.0015468889,0.00069533333,-0.0039273333,0.00019555556,0.017313889,-0.016457,0.0077626667,-0.011489444,0.0017538889,0.027369333
Temuan_o_(n=4),0.009106,-0.40545025,-0.06505325,-0.0337535,0.123023,0.0579395,-0.00599275,-0.01303775,-0.00869225,-0.012802,0.03978525,0.00576975,-0.00315925,0.00450725,-0.00027125,0.00086175,0.00244475,-0.00228025,-2.5e-7,0.0066285,-0.00383675,0.0076665,-0.0021875,-0.000783,0.0188905
Tetum_Kamanasa_(n=17),-0.010645824,-0.34432418,-0.14312841,0.096710353,0.16327035,-0.16904059,-0.0017003529,-0.0045065882,-0.025553412,-0.017580412,0.031102176,0.0032264706,-0.0050194706,0.00013758824,0.0059317059,0.0041882941,-0.0031523529,0.00088682353,0.0018262941,-0.0073931765,0.00015405882,-0.014467353,-0.0018777647,-0.0051813529,-0.028317235
Tetum_Umaklaran_(n=1),-0.020488,-0.35442,-0.13878,0.087856,0.162184,-0.139445,-0.00376,-0.004384,-0.020657,-0.020046,0.043195,0.009142,-0.004014,0.004404,0.00475,-0.002519,-0.004303,0.001014,0.00088,-0.001126,0.00025,-0.012118,0.005176,-0.003253,-0.024668
Tetum_Umanen_Lawalu_(n=16),-0.010030688,-0.35035769,-0.13920481,0.086220812,0.1585295,-0.14924131,-0.003436875,-0.0023941875,-0.025003,-0.014829438,0.033776875,0.0027163125,-0.003967375,-0.0003441875,0.0066503125,0.0052704375,-0.00176025,0.0014569375,0.0044073125,-0.0046115625,-0.0021368125,-0.0143515,-0.00410575,-0.00422475,-0.027040813
Thai_(n=11),0.019764,-0.37611509,-0.062259091,-0.029246182,0.094507091,0.054383727,-0.0027131818,-0.005769,-0.0051317273,-0.0063782727,0.019870273,0.0022344545,-0.0048111818,0.00065063636,0.00066654545,-0.0010124545,-0.0013392727,-0.0019693636,-0.0032225455,-0.001785,0.0014747273,0.0077563636,0.0037309091,0.0016760909,0.013509909
Tharu_(n=26),0.021495038,-0.30044054,-0.075728731,0.033331115,-0.0091849231,0.035376154,0.0024765385,0.0089108462,0.031764192,0.028534038,-0.046711692,-0.0050320385,0.0055461538,0.0024455,-0.013650423,-0.011637308,0.0027732692,-0.0017005385,-0.0050956538,0.0080663846,0.0030954615,0.018100731,0.0056220385,0.0014505,0.019076923
Tibetan_(n=19),0.023663263,-0.41054116,0.0036124737,-0.036312,0.015290158,0.0066053158,0.0079284211,0.0063641579,0.0044673158,0.013293579,-0.082074526,-0.011910579,0.012135316,-0.0045487895,-0.010714947,-0.0043546316,0.0037194737,-0.0037473158,-0.0066487895,0.0052787895,-0.00016410526,0.024925842,0.0077127368,0.00045015789,0.033284
Tibetan_Chamdo_(n=12),0.020677833,-0.42440667,0.0117535,-0.043928,0.017592833,0.00085983333,0.0083426667,0.0046920833,0.0023519167,0.0146395,-0.08829875,-0.0083300833,0.0099973333,-0.0018121667,-0.010608917,-0.00239775,0.0029010833,-0.00039066667,-0.0079085,0.004648,-0.00091525,0.024534667,0.00529975,0.0025103333,0.03768125
Tibetan_Gangcha_(n=19),0.027077947,-0.40070653,0.014648,-0.039049,0.0080984211,0.00045505263,0.010043579,0.0064248421,0.00095815789,0.0085363158,-0.075621684,-0.0083452105,0.0079258947,-0.0013691053,-0.0047573158,-0.0022819474,-0.000398,-0.0023402632,-0.0062782105,0.0047653158,-0.0021343684,0.017330842,0.0018486316,0.0011035263,0.028513053
Tibetan_Gangcha_o_(n=1),0.022765,-0.403165,0.013953,-0.052003,0.030775,0.016176,0.005405,-0.003692,-0.0045,-0.005285,-0.067391,-0.013788,0.010109,-0.013074,-0.006243,-0.003713,0.000391,-0.007221,-0.005908,-0.003877,0.01148,0.012242,0.006902,0.003615,0.011735
Tibetan_Gannan_(n=5),0.0305046,-0.3938224,0.0058076,-0.0490314,0.0306518,0.017849,0.0072382,0.005077,-0.0114944,0.001968,-0.0671966,-0.0095014,0.0099602,-0.0070184,-0.0059444,-0.0043222,0.0004172,-0.0018496,-0.0069888,-0.0074038,0.0028448,0.0113762,0.011043,0.0015424,0.0103462
Tibetan_Lhasa_(n=9),0.022764667,-0.41298189,0.0071652222,-0.038975333,0.014361667,0.0048961111,0.0089042222,0.0071023333,0.0037042222,0.013566444,-0.083449667,-0.0072601111,0.0091674444,-0.0055814444,-0.011581556,-0.0037124444,0.000478,-0.003674,-0.010670333,0.0051133333,0.00091511111,0.022587111,0.0048475556,-0.0014862222,0.035898222
Tibetan_McLeod_Ganj_(n=16),0.018852,-0.4090045,0.00431325,-0.036721063,0.014695,0.003155,0.0081959375,0.006562375,0.0035151875,0.011218938,-0.083690938,-0.0090295,0.008938125,-0.005384625,-0.0077105625,-0.0030993125,0.003096625,-0.003634375,-0.006882,0.0068626875,-0.0025189375,0.025851188,0.003782125,-0.0009489375,0.0355655
Tibetan_Muslim_Srinagar_(n=15),0.0282282,-0.29477433,-0.031954733,-0.002584,-0.0042058,0.020544933,0.0060004,0.0064921333,0.0025903333,0.0063660667,-0.058048533,-0.0051553333,0.0078394,-0.0028441333,-0.0042887333,0.0019535333,0.0043461333,-0.0013598,-0.0052292,0.0019676667,-0.00057393333,0.0181028,0.0066965333,0.0011967333,0.0221776
Tibetan_Muslim_Srinagar_o_(n=1),0.018212,-0.406212,-0.000754,-0.043282,0.02185,0.009482,0.007755,0.006461,0.007772,0.009112,-0.086228,-0.008842,0.012933,-0.017891,-0.012079,-0.003182,-0.001173,-0.006968,-0.003771,0.005753,-0.004367,0.02337,0.005916,-0.005181,0.042631
Tibetan_Nagqu_(n=8),0.020772625,-0.42017525,0.008767875,-0.037831375,0.01431025,0.002579875,0.00834275,0.0079325,0.002607625,0.013052625,-0.084847875,-0.007999,0.0130265,-0.0041115,-0.009025375,-0.001955625,0.000440125,-0.002454625,-0.007525875,0.005393,-0.001793625,0.024529625,0.00366675,0.0013105,0.033410125
Tibetan_Nepal_(n=1000),0.021891601,-0.39018263,-0.005811804,-0.026826442,0.011555274,0.006878273,0.007066116,0.006972641,0.004629389,0.012183764,-0.07750703,-0.009760376,0.010216706,-0.004106123,-0.009008705,-0.004016951,0.0032429,-0.002087839,-0.008122107,0.00642232,-0.000519217,0.025605641,0.005498207,0.00097975,0.035370182
Tibetan_Shannan_(n=9),0.022258667,-0.40711456,0.0036455556,-0.035099333,0.015250556,0.0021691111,0.0068934444,0.0040767778,0.0048857778,0.012857889,-0.081482889,-0.0085755556,0.012702333,-0.000581,-0.0090481111,-0.0049794444,-0.00060866667,-0.0030404444,-0.0074581111,0.0053636667,-0.0031612222,0.023246778,0.0055324444,-0.00024111111,0.035193222
Tibetan_Shigatse_(n=10),0.0196915,-0.4133205,0.0039975,-0.0341411,0.0139411,0.00449,0.0050761,0.006069,0.0026384,0.010916,-0.0792943,-0.0082427,0.0110455,-0.0029726,-0.0097854,-0.0036726,-0.0022947,-0.0038894,-0.0085601,0.0038769,-0.0012353,0.0241865,0.0034509,-0.0026388,0.034895
Tibetan_Xinlong_(n=10),0.0208297,-0.4374901,-0.0012065,-0.0540379,0.0465932,0.0215025,0.0049585,0.0004384,-0.0052972,0.0060321,-0.0675537,-0.009082,0.0110456,-0.0047891,-0.0060802,-0.0004244,0.0009648,-0.001381,-0.0068253,-0.0012882,0.0065011,0.0142447,0.0092683,0.0002048,0.0201657
Tibetan_Xunhua_(n=3),0.020488,-0.401134,0.00352,-0.037360333,0.021439667,0.007809,0.00799,0.004769,-0.0024543333,0.012453,-0.075023667,-0.009991,0.010555,-0.004358,-0.0090933333,0.002033,0.0055193333,-0.003632,-0.0077513333,0.002543,0.0045336667,0.016198333,0.0046013333,0.0058643333,0.021914333
Tibetan_Xunhua_o_(n=1),0.023903,-0.397072,0.005657,-0.053618,0.044008,0.011435,0.007285,0.009692,-0.014726,0.000182,-0.058135,-0.013188,0.005649,-0.00812,-0.005972,0.002652,0.004433,-0.006081,-0.005782,-0.001126,0.009608,0.007172,0.007765,0.002771,0.012574
Tibetan_Yajiang_(n=10),0.0215124,-0.4228665,0.0059586,-0.049096,0.0280052,0.0066656,0.0067682,0.0029999,-0.00362,0.0089115,-0.0823635,-0.0087821,0.0111793,-0.0029589,-0.0075189,-0.0041897,0.0000912,-0.0009629,-0.008296,0.0035142,0.0026828,0.0228882,0.0108826,-0.0002048,0.0306917
Tibetan_Yunnan_(n=5),0.0209434,-0.4324124,0.0057322,-0.047481,0.0344064,0.0093708,0.0076142,0.0044304,-0.0050314,0.0070708,-0.073984,-0.0070136,0.007255,-0.0043764,-0.0100432,-0.0032882,0.0002346,0.0008616,-0.007793,0.0025512,-0.0002746,0.0249778,0.007247,-0.0054222,0.034943
Tigray_Ethiopia_(n=17),-0.21505876,0.10710835,-0.034828235,-0.084854,0.00019923529,-0.039848647,-0.016575294,-0.00061070588,0.10128735,-0.060491588,-0.0023595294,-0.013778824,0.019763118,0.0014491176,0.021020706,-0.009445,0.011604059,0.00019370588,0.0058560588,0.0030456471,0.0038535294,0.0065243529,-0.0030375882,0.0030548235,-0.0045504118
Tigrinya_Eritrea_(n=6),-0.21323517,0.1060535,-0.0339985,-0.081730333,-0.000131,-0.039243667,-0.0146995,-0.0007815,0.10610417,-0.062234167,-0.00098983333,-0.013263333,0.019788667,-0.00017716667,0.022287833,-0.0097428333,0.0081053333,-0.0011011667,0.0067383333,0.0029488333,0.0015065,0.0039755,-0.0024698333,0.0037481667,-0.0036593333
Tikar_South_(n=2),-0.6283035,0.064486,0.01961,0.0172805,0.000154,0.013805,-0.0143355,0.0265375,-0.0338485,0.0219595,0.0061705,-0.003447,0.0026755,-0.001445,-0.000611,0.0035135,0.0001955,-0.00019,0.00044,0.0013755,-0.000811,-0.0014835,-0.001171,-0.001265,-0.0002395
Tindi_(n=18),0.11249517,0.104261,-0.025539444,0.0096361667,-0.042862611,0.013293667,0.0086039444,-0.0055382222,-0.062368389,-0.041306778,-0.0034010556,0.0084425,-0.012760056,-0.0088078333,0.016286444,-0.0053404444,-0.0031799444,-0.0028011667,-0.0060403333,0.0075592222,-0.0016845556,0.0015800556,0.0047861111,0.0078857778,-0.0016032778
Tlingit_(European-Mixed)_(n=2),0.08992,-0.1310035,0.0971085,0.065569,-0.040315,0.0029285,-0.062513,-0.07442,-0.006647,-0.026242,0.012017,-0.0053955,0.014197,-0.0051605,-0.0171685,-0.002851,0.0045635,0.007918,0.0109985,0.004252,0.0091715,-0.0129215,0.007518,0.0083745,0.013831
Toda_(n=2),0.039838,-0.048238,-0.1631045,0.104168,-0.0854005,0.0499215,0.00094,0.0102685,0.028838,0.019499,0.0031665,-0.0002995,-0.003791,0.002408,-0.0031895,0.0062315,0.0004565,-0.0008865,0.005594,-0.0008755,0.004804,-0.010325,-0.003944,-0.0072295,-0.006706
Todzhin_(n=7),0.050082286,-0.36297929,0.11195086,-0.0021687143,-0.10551414,-0.054981286,0.019942429,0.027427429,0.015310143,0.010882,0.026190857,0.0043034286,-0.00055214286,-0.021076,-0.0025204286,-0.0011932857,0.0016575714,0.0011762857,0.014527143,0.013256429,-0.024528429,0.0037804286,0.0028524286,-0.0078494286,-0.0025831429
Todzhin_(European-Mixed)_(n=2),0.059757,-0.2686075,0.108045,0.0088825,-0.084477,-0.036953,0.0142185,0.024922,0.0131915,0.0019135,0.02241,-0.0029975,0.0055005,-0.0152075,-0.0045465,0.0008615,0.0001955,0.0027235,0.019986,0.01507,-0.022897,0.001051,0.0049915,-0.0095795,0.002155
Tofalar_(n=21),0.050570048,-0.37337643,0.11423167,-0.000030761905,-0.1115519,-0.063454238,0.019606667,0.026350571,0.013478952,0.006161381,0.034171238,0.000014238095,-0.0018193333,-0.023468048,-0.001221381,-0.0023992857,-0.0031789048,0.0036619048,0.014539095,0.014679619,-0.023007,0.0082435238,0.0085040952,-0.0082569048,-0.0030734762
Tofalar_(European-Mixed)_(n=4),0.06118,-0.32420775,0.11040225,0.00799425,-0.094479,-0.0582185,0.015217,0.02342175,0.0123735,-0.00109325,0.03243725,0.00014975,0.0002605,-0.02322375,-0.000916,-0.00116,-0.0006845,0.00114025,0.01018125,0.01431925,-0.02018325,0.00228775,0.005053,-0.008766,-0.00125725
Tofalar_(European-Mixed)_o_(n=2),0.0904895,-0.1238945,0.0940915,0.0323,-0.0383145,-0.0198015,0.016686,0.0265375,0.009919,-0.0024605,0.0153455,0.00015,0.0057975,-0.0052985,-0.0079395,0.0009945,0.0062585,-0.001267,0.01081,0.0073785,-0.0152855,0.0058735,0.0115855,-0.006868,-0.003233
Tongan_(n=6),0.000569,-0.3833625,-0.10452517,0.030577333,0.15787567,-0.0818545,-0.0015275,-0.0040766667,-0.027781167,-0.0184665,0.040759333,0.006794,-0.0044598333,-0.0016515,0.005836,0.0071598333,-0.0026291667,0.0055743333,0.0063478333,-0.0099421667,0.0025165,-0.023143667,-0.0036358333,-0.0070691667,-0.048039833
Tongan_(European-Mixed)_(n=2),0.009675,-0.343249,-0.0873035,0.0324615,0.147566,-0.073348,-0.00611,-0.0015,-0.0219865,-0.017768,0.03061,0.008992,-0.0075075,0.0006195,0.0065145,0.0089495,-0.003781,0.004434,0.0052165,-0.0121935,-0.0004365,-0.024236,0.000308,-0.006266,-0.0457445
Tongan_(European-Mixed)_(low_res)_(n=2),0.0113825,-0.342741,-0.086738,0.0198645,0.142488,-0.0627505,0.001175,-0.0046155,-0.020657,-0.013303,0.0340205,0.0026975,-0.004906,-0.0001375,-0.001425,0.0003315,0.0103005,-0.004624,0.000314,-0.002126,-0.0037435,-0.021454,0,-0.000723,-0.040715
Tongan_(SSA+European-Mixed)_(n=1),-0.0387,-0.341218,-0.084852,0.034884,0.145566,-0.077253,-0.001175,-0.003692,-0.030679,-0.008018,0.035888,0.008842,0.001635,0.006468,0.012622,0.007425,-0.011474,0.003294,0.005154,-0.013757,0.000624,-0.016569,-0.006039,-0.000482,-0.042032
Torbesi_North_Macedonia_(n=3),0.120273,0.13980433,0.017976,-0.010982,0.023183667,-0.0066,0.0045433333,0.0023843333,-0.0012953333,0.012088333,0.0025983333,0.0015486667,-0.0051533333,0.005872,-0.017372333,-0.00066266667,0.011387,0.00012666667,0.005028,-0.007045,-0.0073203333,0.00041233333,0.0060393333,0.003213,-0.0063866667
Torwali_(n=1),0.068294,-0.013202,-0.099183,0.073967,-0.074475,0.040718,0.006345,0.008307,-0.012271,-0.004738,0.00065,0.000749,-0.004014,-0.010046,0.002714,0.015646,0.011343,0.003294,-0.004525,-0.007379,-0.00574,-0.004451,0.002342,0.003374,-0.002515
Totonac_(n=9),0.059820111,-0.30330467,0.11640467,0.089578667,-0.10326711,-0.014471444,-0.27094122,-0.32606333,-0.0063403333,-0.014659889,-0.0072534444,-0.002298,0.00069377778,0.022141889,-0.0057756667,0.0043165556,0.010981222,-0.0021255556,0.0014104444,-0.0022651111,-0.0036602222,0.001896,0.00094488889,-0.0043513333,0.003965
Totonac_(European-Mixed)_(low_res)_(n=4),0.0580495,-0.269369,0.11615325,0.08309175,-0.09117075,-0.0147115,-0.25933425,-0.30108375,-0.00664725,-0.0103875,-0.0056025,0.0022855,0.0014125,0.023568,-0.006447,0.0016905,0.00642125,-0.00190025,-0.001163,-0.00550275,0.00059275,-0.00605875,-0.003944,0.00090375,0.00547825
Toubou_Daza_Chad_(n=18),-0.42620439,0.080791056,-0.0051330556,-0.042528333,0.0072490556,-0.019491333,-0.039690889,0.027203833,0.091899444,-0.0620615,-0.0097072778,0.0069438889,-0.0085315556,-0.0093048333,0.0194005,-0.020514556,0.016414,-0.0201645,-0.0070181111,-0.0074549444,-0.0084918889,-0.012983556,0.0078194444,-0.0051477778,0.0025146667
Toubou_Daza_Chad_o1_(n=2),-0.483748,0.0741335,-0.0032055,-0.026163,0.0080015,-0.009343,-0.040657,0.028268,0.070152,-0.0590445,-0.010718,0.007943,-0.0091425,-0.0101155,0.0183225,-0.015579,0.014994,-0.017483,0.0006915,-0.0068785,-0.002683,-0.0121795,0.009675,-0.001265,-0.0017365
Toubou_Daza_Chad_o2_(n=1),-0.523586,0.06804,0.003017,-0.015504,0.004616,-0.006693,-0.036427,0.031383,0.051949,-0.042097,-0.007795,0.007643,-0.004162,-0.001376,0.015201,-0.016574,0.01369,-0.006208,0.000251,-0.011255,-0.005989,-0.008408,0.00456,0.000241,-0.002275
Toubou_Teda_(n=2),-0.4200075,0.084289,-0.00264,-0.0363375,0.0093865,-0.016036,-0.0421845,0.0302295,0.0767985,-0.049659,-0.0043845,0.004646,-0.009886,-0.0097025,0.0209685,-0.013259,0.020079,-0.0222975,-0.01257,-0.0026885,-0.006613,-0.0166315,0.0133725,-0.008977,0.006586
Transylvanian_Saxon_(n=2),0.133727,0.145679,0.054354,0.031728,0.040353,0.0146,0.004233,0.0045135,0.0020005,0.005427,-0.0062445,0.0043805,-0.0094165,0.002179,0.011085,0.0022685,-0.003864,0.0011765,0.0048385,0.0015485,0.0028965,-0.0018195,0.000821,0.0092105,-0.000246
Tripuri_(n=19),0.019110263,-0.36190268,-0.052340474,-0.007531,0.037432,0.034699842,0.0018057895,0.0028541579,0.010204684,0.011164526,-0.027375421,-0.0036598947,0.0049761053,0.00066636842,-0.0088504211,-0.0054291579,0.004831,-0.0026471579,-0.0078198421,0.0075102105,-0.0023971579,0.022725947,0.0022767368,0.0038114737,0.035647579
Tripuri_Jamatia_(n=18),0.019223389,-0.36412378,-0.051162722,-0.0090260556,0.040588611,0.035605167,0.0022455556,0.0012819444,0.0099307222,0.011551778,-0.0295185,-0.0035218889,0.0055913333,0.0010167778,-0.0068915,-0.0056056111,0.0037015556,-0.0021255556,-0.0074021667,0.0091501111,-0.0038751111,0.023720778,0.0020609444,0.0012451111,0.034328333
Tripuri_Reang_(n=10),0.0223094,-0.3742226,-0.046763,-0.0114988,0.0447775,0.0327418,0.0016215,0.0015,0.0088354,0.0102417,-0.0310486,-0.0049156,0.0032409,0.00267,-0.0086046,-0.0070006,0.003351,-0.0048903,-0.0078561,0.0083165,-0.0014224,0.022072,0.0008258,0.0054584,0.0361764
Tsakhur_(n=1),0.110408,0.102568,-0.021496,0.001615,-0.032314,0.007809,0.003055,-0.001154,-0.05154,-0.033167,-0.005196,0.008542,-0.009812,0.005643,0.015472,-0.012861,-0.01708,0.005321,0.002263,-0.006003,-0.001248,0.011005,0.001602,0.005663,0.001317
Tsez_(n=18),0.11262156,0.11735006,-0.038885222,-0.0049347222,-0.046675333,0.011326111,0.0083949444,-0.0043588333,-0.066856556,-0.038168389,-0.0021652778,0.0063111111,-0.016691167,-0.0094042222,0.016241222,-0.0051489444,0.0030134444,-0.001295,-0.0047486111,0.0039185556,0.0041108333,-0.00022666667,0.0048613889,0.0078925556,0.00033272222
Tsez_o_(n=1),0.110408,0.09546,-0.026021,0.013889,-0.038161,0.021196,0.00329,-0.003461,-0.061971,-0.039363,-0.013803,0.007643,-0.006095,-0.011836,0.026873,-0.003845,-0.001043,-0.002534,-0.001257,0.005753,-0.003369,-0.004451,0.018364,0.008555,-0.003233
Tsimshian_(European-Mixed)_(n=1),0.047806,-0.221385,0.101068,0.070414,-0.070475,-0.01255,-0.157457,-0.193607,-0.007976,-0.012392,0.005521,-0.004946,-0.002527,0.002752,-0.001764,-0.009812,-0.014212,0.013936,0.016718,0.003252,0.007487,-0.008161,-0.005176,0.009881,0.009819
Tsuut'ina_(European-Mixed)_(n=1),0.088791,-0.103889,0.084834,0.067365,-0.0443,-0.001154,-0.12504,-0.148877,-0.00645,-0.013084,0.000868,-0.001757,0.00018,0.009021,-0.000085,0.003023,0.001013,0.001239,0.004497,0.004175,0.003064,-0.003968,0.001945,0.001435,0.004778
Tswa_(n=6),-0.63095933,0.063301167,0.022124333,0.017980333,-0.00046166667,0.012271333,-0.012299,0.023075833,-0.031394333,0.0109645,0.00032466667,-0.0004745,-0.0102825,0.000046,-0.018028167,0.011203833,-0.011799833,0.0109375,-0.0096576667,0.0030848333,0.0007485,-0.000886,0.0020131667,0.0015265,-0.00019983333
Tswana_(low_res)_(n=3),-0.62299167,0.064317,0.016342,0.016257667,0.0015386667,0.012085333,0.035721667,-0.021614333,-0.024065667,0.0084436667,0.0064413333,-0.0042963333,-0.013924333,0.0034403333,-0.010314667,-0.0013703333,-0.012125667,0.058234667,-0.028072667,-0.001334,-0.0022876667,-0.010263,0.0052173333,0.000482,0.0013173333
Tswana_(low_res)_o_(n=1),-0.631718,0.063978,0.034695,0.017442,0.00677,0.000837,0.058048,-0.047767,-0.021475,0.034989,0.013153,-0.016036,-0.003865,0.015689,-0.00665,0.009414,-0.011735,0.09831,-0.034441,0.006628,-0.011729,-0.001731,0.013064,0.005904,-0.008023
Tu_(n=5),0.0239028,-0.4041808,0.009805,-0.0462536,0.0279434,0.0096496,0.005734,0.0036,-0.0060128,0.0051754,-0.0671314,-0.0084224,0.0094844,-0.0039362,-0.0074104,0.0008486,0.000965,-0.0010134,-0.0051534,-0.001951,0.0024208,0.01286,0.0073702,0.0015182,0.014298
Tubalar_(n=31),0.070129645,-0.21499742,0.069390258,0.023787387,-0.056030226,-0.011020742,0.0048440645,0.0067888387,-0.0082996452,-0.013702871,-0.012744935,-0.0031569032,0.0015202258,-0.026059516,0.0061293226,0.0026133871,-0.0077515161,-0.001230129,0.0082109032,0.012538226,-0.03402471,0.0059593871,-0.005748871,-0.0035642903,-0.0047551935
Tubalar_(European-Mixed)_(n=5),0.099254,-0.0589006,0.0727088,0.0425714,-0.009663,0.009817,0.0064392,0.007338,-0.0062992,-0.017203,-0.0066902,-0.0035366,0.0095144,-0.0048444,-0.0017642,-0.0032088,-0.0028944,0.0008362,0.0071398,0.0051276,-0.0193656,0.004674,0.0003452,-0.002217,-0.0010776
Tubalar_(European-Mixed)_o_(n=3),0.081573333,-0.16282367,0.069516,0.031008,-0.041033,-0.0062283333,0.0039166667,0.0059226667,-0.0034086667,-0.01142,-0.010825667,-0.0016486667,0.0072843333,-0.013624667,0.0080073333,-0.00084,-0.012169,-0.003083,0.012737333,0.01038,-0.026827667,0.0029676667,-0.0077236667,-0.00084333333,0.0034726667
Tujia_Chongqing_Youyang_(n=4),0.020488,-0.45267225,-0.012822,-0.065569,0.0840155,0.036535,0.00440625,-0.0051345,-0.01339625,-0.000228,-0.051193,-0.00704375,0.00613225,-0.00808525,-0.00973775,-0.000398,-0.00009775,-0.0038955,-0.0087045,-0.01122425,0.01565975,0.01823875,0.02372525,-0.002199,0.00553825
Tujia_Guizou_Tongren_Jiangkou_(n=51),0.019126784,-0.45115388,-0.016378863,-0.066759667,0.089446471,0.040827392,0.0022301961,-0.0045111176,-0.015844569,-0.0050989608,-0.038712196,-0.0052454314,0.0062874314,-0.0053726667,-0.0044121961,0.0012973137,0.00032466667,0.00061601961,-0.0023586667,-0.011792392,0.013992471,0.0074652941,0.015244039,-0.00042052941,0.0033012157
Tujia_Hunan_Xiangxi_(n=1),0.011382,-0.447848,-0.015839,-0.058463,0.075091,0.038487,0.00235,-0.006,-0.013294,-0.00164,-0.052127,-0.009591,0.009366,-0.00234,-0.008686,0.002917,0.00352,0.00038,-0.005656,-0.005378,0.01435,0.013231,0.011832,0.002771,0.018681
Tulalip_(European-Mixed)_(n=1),0.06701,-0.290136,0.120166,0.085341,-0.100568,-0.017256,-0.232918,-0.277162,-0.008086,-0.014776,0.002844,-0.003973,0.00272,0.014542,-0.008244,0.000569,0.002805,0.002407,0.00708,0.003594,0.002517,-0.002483,-0.000552,0.004966,0.003836
Tulu_Brahmin_Karnataka_(n=5),0.0548628,-0.0446836,-0.1403642,0.0983214,-0.0722596,0.059125,-0.000705,0.007938,0.026261,0.01549,-0.0043844,0.002488,-0.0006542,-0.0033584,0.0023614,-0.001379,-0.0048242,0.0031166,0.002665,-0.0005752,0.0016972,-0.0036354,-0.0023168,0.0013734,-0.0020356
Tulu_Bunt_(n=2),0.0426835,-0.0538235,-0.1576365,0.103522,-0.07386,0.053826,0.00047,0.017076,0.0365075,0.0204105,-0.004547,-0.0060695,-0.0053515,0.000344,-0.004275,0.0025855,-0.0000655,-0.0002535,-0.0060335,-0.000938,0.0056155,0.001484,0.000801,0.0013255,-0.0005985
Tumbuka_Malawi_(n=10),-0.6231815,0.064486,0.0198742,0.0155363,0,0.0115462,-0.0188009,0.0231682,-0.0266903,0.0103145,-0.0020298,0.0048258,-0.0125023,0.0022847,-0.0174538,0.0152744,-0.0152681,0.0059418,-0.0097666,0.0024387,-0.0009607,0.0004204,0.000986,-0.001229,-0.0009579
Tunisian_Arab_(n=8),-0.037392375,0.1355325,-0.014760125,-0.071326875,0.0164375,-0.031420625,-0.022569625,0.00505275,0.05130675,0.02235725,0.0059335,-0.006414625,0.021604375,-0.012366375,0.012531,-0.0093685,-0.001454625,-0.016936125,-0.029655875,0.008586875,-0.0103425,-0.025935625,0.015473125,-0.003195875,0.001535125
Tunisian_Arab_(Intermediate_Shwashin_Profile)_(n=2),-0.34773,0.0908895,-0.012822,-0.033915,0.004924,-0.0158965,-0.0311385,0.022384,0.024236,-0.006925,0.0030855,-0.00532,0.0111495,-0.0078445,0.0097715,-0.004906,0.0035855,-0.011275,-0.0121295,0.0043145,-0.0064885,-0.004699,0.008751,0.005362,0.003411
Tunisian_Arab_(SSA_Profile)_(n=1),-0.476919,0.075149,0.001131,-0.007106,0.007078,0.001116,-0.045357,0.032768,0.016362,-0.004556,0.000487,0.004196,0.007879,-0.007019,0.012351,-0.001458,0.007823,-0.009248,-0.00905,0.000125,-0.01148,-0.006554,0.008751,0.00241,0.001078
Tunisian_Arab_Bizerte_(n=2),-0.016504,0.1320185,-0.0135765,-0.066861,0.0136945,-0.033606,-0.016216,-0.001846,0.0440745,0.0220505,0.0113675,-0.0094415,0.0202175,-0.0101155,0.008822,0.0021875,-0.0014345,-0.006968,-0.024134,0.0076285,-0.0039305,-0.0174965,0.009305,0.0028315,-0.003892
Tunisian_Arab_Douz_(n=31),-0.052909452,0.13391887,-0.029804774,-0.087574677,0.0090933548,-0.036345774,-0.022166806,0.0030297097,0.054726613,0.011316258,0.008328871,-0.016823774,0.039898645,-0.0043816129,0.010205323,0.0043027742,-0.011229935,-0.0073723871,-0.01981171,0.015939065,-0.0014007419,-0.011025065,0.00885,0.0015042581,-0.0013635806
Tunisian_Arab_Douz_(Intermediate_Shwashin_Profile)_(n=1),-0.298217,0.09546,-0.00792,-0.039729,0.003077,-0.016176,-0.029846,0.021922,0.026384,0.008747,0.006658,0.002398,0.008622,-0.003991,0.012351,-0.00305,0.005085,-0.00038,-0.009553,0.004627,-0.002496,-0.007172,0.011216,-0.002289,0.003952
Tunisian_Arab_Douz_(SSA_Profile)_(n=1),-0.511066,0.076165,0.009051,-0.013566,0,-0.001116,-0.035957,0.032999,0.014317,-0.001093,-0.007632,0.003297,0.00996,-0.003578,0.011129,-0.005701,0.007562,-0.010262,-0.005656,-0.001876,-0.004243,-0.005193,0.00419,-0.000241,0.003473
Tunisian_Arab_Jendouba_(n=2),-0.077969,0.1330345,-0.009805,-0.067507,0.0198495,-0.026913,-0.020211,0.0083075,0.050006,0.0211395,0.004872,-0.0093665,0.022076,-0.006399,0.008958,-0.00232,-0.002673,-0.011275,-0.0294135,0.0063785,-0.0082355,-0.016446,0.020829,-0.0007835,0.0020355
Tunisian_Arab_Monastir_(n=6),-0.0013278333,0.1384505,-0.011124833,-0.0631465,0.020003667,-0.026122667,-0.018409333,0.003846,0.041859167,0.025877667,0.0043035,-0.0060196667,0.010901833,-0.011743833,0.0089575,-0.0081763333,0.004433,-0.0118665,-0.0260615,0.004252,-0.0082771667,-0.020608833,0.015796167,-0.0019278333,0.0015368333
Tunisian_Arab_North_(n=5),-0.0300492,0.1338468,-0.015462,-0.0676362,0.0175416,-0.0266062,-0.017015,0.0046616,0.0460998,0.0176404,0.0055212,-0.0060246,0.0226264,-0.0103218,0.009609,-0.0027312,-0.0009386,-0.0133276,-0.0281062,0.008779,-0.0048664,-0.0164212,0.009638,-0.0013738,0.0061072
Tunisian_Arab_R'Baya_(n=7),-0.019512571,0.13840243,-0.039759429,-0.098007429,0.0027695714,-0.040279857,-0.020546714,0.00082428571,0.059779286,0.0072372857,0.012666286,-0.022030286,0.052031429,-0.0055638571,0.011187286,0.022199286,-0.0094807143,-0.0036378571,-0.013054571,0.024815571,0.00089114286,-0.0020315714,0.0011618571,0.0038901429,-0.0060557143
Tunisian_Arab_Sfax_(n=6),0.013469167,0.1391275,-0.011816333,-0.061693,0.017079667,-0.0229155,-0.012416667,0.002577,0.040700333,0.025391333,0.0033831667,-0.002248,0.0091428333,-0.009175,0.004275,-0.0027403333,0.0070625,-0.0074748333,-0.021976167,0.0051273333,-0.0077986667,-0.017228833,0.0076413333,-0.0030121667,0.0057078333
Tunisian_Arab_Sousse_(n=2),-0.0022765,0.137604,-0.0092395,-0.062016,0.0235425,-0.0237055,-0.014688,0.0059995,0.0416205,0.022597,0.0031665,-0.004646,0.0138255,-0.0052295,0.0084825,-0.0072925,-0.004824,-0.015646,-0.0243225,0.0051895,-0.0101695,-0.019475,0.0167,-0.006507,0.004251
Tunisian_Arab_Tunis_(n=11),-0.044786273,0.13229755,-0.013569364,-0.072845182,0.019174727,-0.029378545,-0.021972364,0.0054736364,0.052262727,0.020673364,0.0052499091,-0.0072060909,0.024197636,-0.010161636,0.012055091,-0.0078126364,-0.0030554545,-0.012778909,-0.028812455,0.0065407273,-0.010167182,-0.022534091,0.017274818,-0.0037531818,0.0015925455
Tunisian_Jew_(n=22),0.072845909,0.14940214,-0.030399727,-0.073654545,0.003807,-0.027496455,-0.0076759545,-0.0010263636,0.021465636,0.019584409,0.0053625455,-0.0034661364,0.0098545455,-0.0010413182,-0.0011037727,0.0013093182,-0.0016646818,-0.0017307273,-0.004971,0.0011360455,-0.0011802727,-0.0047874091,0.0018344545,-0.00034954545,0.0011562727
Turkish_Adana_(n=28),0.09738475,0.066060429,-0.025903714,-0.035783571,-0.028088929,-0.013401786,0.0031896071,0.00017303571,-0.017567143,-0.0025082143,-0.0028567857,0.00011767857,0.0011841786,-0.0021405,-0.00024207143,0.0020943929,-0.000098178571,-0.00024971429,0.000076357143,-0.0017032857,-0.0016420357,-0.0028589643,0.00016321429,-0.0017377857,0.0010009643
Turkish_Adiyaman_(n=2),0.1009755,0.0887125,-0.0384,-0.038851,-0.032907,-0.009623,0.0050315,0.00056,-0.0212635,-0.000699,-0.0041955,0.002466,-0.002869,-0.0047215,0.001104,0.0052735,0.0066965,-0.0001795,0.0003515,-0.003797,-0.0021435,-0.000089,0.0007395,-0.0004375,0.0002665
Turkish_Afyonkarahisar_(n=18),0.10545961,0.078739611,-0.015950944,-0.034279389,-0.017911389,-0.012394278,0.0010983889,0.0016033333,-0.014604389,0.00035722222,-0.0025075,-0.00078838889,0.0018291667,-0.0036175556,0.00051994444,0.0026486111,-0.00066927778,-0.00090261111,-0.0013922222,-0.00060711111,-0.0012559444,-0.0029461667,0.0011246111,-0.0022464444,0.0015067222
Turkish_Afyonkarahisar_Northeast_(n=28),0.10041539,0.072093071,-0.027629607,-0.036030929,-0.027351321,-0.01129225,0.0018236786,0.00017303571,-0.018394,-0.00423525,-0.0023276429,-0.0010114643,0.0018816786,-0.0020254286,0.00058578571,0.0030091071,-0.00018635714,-0.00037653571,-0.00045121429,-0.00069425,-0.0020656071,-0.0022386786,0.00043157143,-0.0021345,0.0019219643
Turkish_Aksaray_(n=23),0.10307713,0.085406391,-0.028129261,-0.040731913,-0.023670696,-0.01246813,0.0014919565,-0.00022378261,-0.018811174,-0.0029233478,-0.0019652174,-0.00094026087,0.0018672609,-0.0032783478,0.0010069565,0.0023275217,-0.0015887391,-0.00064604348,-0.0013058261,-0.0012759565,-0.00076526087,-0.0021375652,0.001096913,-0.0016078696,0.00075391304
Turkish_Amasya_(n=12),0.10292658,0.09326025,-0.03520225,-0.043227833,-0.025843667,-0.014356583,0.0029730833,0.00078383333,-0.019955417,-0.0031040833,-0.0010095,0.00021091667,0.001914,-0.0029085833,0.0011459167,0.0030076667,-0.000616,-0.0014376667,-0.00127325,-0.00097466667,-0.001055,-0.00252075,0.00079108333,-0.0025525833,0.0011401667
Turkish_Ankara_(n=27),0.10268385,0.073921741,-0.017442926,-0.035379704,-0.020909852,-0.013146852,0.0026558889,0.0012704074,-0.013999519,-0.0011204815,-0.00087966667,-0.00091348148,0.0026930741,-0.0028123704,-0.00050403704,0.003142,-0.00071603704,-0.00018174074,-0.00010003704,-0.00057833333,-0.0018432222,-0.0022135185,0.0006102963,-0.0011018519,0.0011005556
Turkish_Ankara_Manav_(n=1),0.097888,0.058901,-0.007542,-0.028747,-0.023697,-0.015339,0.00141,0.001846,-0.013499,-0.000729,0.000974,-0.003147,0.000149,0.002752,-0.010586,-0.008884,-0.004563,-0.00114,0.005908,-0.008754,-0.013975,-0.000124,-0.002095,-0.002892,-0.001796
Turkish_Ankara_Sereflikochisar_(n=11),0.099502818,0.080522727,-0.032777,-0.040577,-0.030766091,-0.011788182,0.0024872727,0.00026509091,-0.021496545,-0.006644,-0.0036707273,-0.0012731818,0.0030814545,-0.004123,0.0037512727,0.0045962727,-0.0030452727,-0.000085909091,-0.00052363636,-0.0011563636,-0.00056081818,-0.0022299091,0.00070763636,-0.0014805455,0.0011325455
Turkish_Antalya_(n=12),0.095275917,0.051590833,-0.013239333,-0.032361833,-0.01993525,-0.010105833,0.0068155833,0.00034475,-0.013553,0.00256,0.00042558333,0.0022675833,-0.0014793333,0.00038825,-0.0057040833,0.00088175,-0.00042716667,-0.00084033333,0.0023819167,-0.0015193333,-0.0038736667,0.000286,-0.0030841667,-0.00020008333,0.00181175
Turkish_Antalya_o_(n=2),0.1072415,0.108636,-0.029961,-0.055679,-0.0194645,-0.0171645,-0.0000355,0.0016425,-0.011322,0.0095355,-0.0038935,0.001226,-0.001034,-0.005499,0.0022865,0.002369,-0.0013675,-0.0012245,-0.0023345,-0.001741,-0.000744,-0.004281,0.000696,-0.003648,0.001534
Turkish_Antalya_Yoruk_(n=2),0.082522,0.0558545,-0.013765,-0.034238,-0.021235,-0.016594,-0.0005875,-0.0047305,-0.012169,-0.0028245,0.001299,0.003372,-0.007433,-0.004817,-0.006311,-0.001127,0.0015645,0,0.001571,0.0003125,-0.0001245,-0.0018545,-0.004868,0.0010845,0.0026945
Turkish_Ardahan_(n=3),0.10097633,0.10108333,-0.041133667,-0.042115,-0.033062667,-0.013164333,0.0020346667,-0.0029033333,-0.025676667,-0.0066616667,-0.0037183333,0.0012973333,-0.0015746667,-0.0046776667,0.0040806667,0.0036866667,-0.0012146667,-0.000694,-0.0015393333,-0.0035376667,-0.0017323333,-0.003788,0.00095,-0.0039646667,0.0010813333
Turkish_Artvin_(n=7),0.109652,0.137517,-0.053395571,-0.052550857,-0.035309571,-0.010564143,0.0040725714,-0.0048087143,-0.041117429,-0.012347571,-0.0033028571,0.00338,-0.0053102857,-0.0054515714,0.0063838571,0.0030131429,-0.0013332857,-0.00081128571,-0.0026031429,-0.005,-0.00043542857,-0.0041932857,0.0013365714,-0.0046838571,0.000836
Turkish_Aydin_(n=31),0.10003361,0.066368032,-0.013766613,-0.035495903,-0.019020774,-0.012796871,0.0023064839,0.0013632258,-0.014479226,-0.00013541935,-0.0017830645,-0.00035122581,0.00048635484,0.000039290323,-0.0029818387,0.00081348387,-0.00073267742,-0.00026174194,-0.00041925806,-0.0013441613,-0.0028352581,-0.0025455806,-0.0011215806,-0.0021503548,0.00095493548
Turkish_Balikesir_(n=17),0.10233788,0.062176118,-0.007844,-0.028569059,-0.017660941,-0.011335941,0.0037637647,0.0026776471,-0.013998118,0.00078452941,-0.0014710588,0.00067470588,0.00060447059,-0.00065529412,-0.00078411765,0.00012194118,-0.00098405882,-0.00017558824,0.00087470588,-0.0010294706,-0.0029213529,-0.0019972941,0.00065641176,-0.0016437059,0.00084723529
Turkish_Balikesir_(Anatolian_Turk-Mixed_Balkan_Turk_Profile)_(n=1),0.106994,0.08632,0.004903,-0.00969,-0.008617,-0.000558,0.000705,0.009923,-0.0045,-0.000364,-0.003573,-0.001049,0.002973,0.004129,0.002443,0.011138,0.009257,-0.001647,-0.001257,-0.003502,0.000873,0.000742,0.000123,-0.003012,-0.005029
Turkish_Balikesir_Cepni_(n=2),0.0899205,0.041129,-0.0267755,-0.034884,-0.0312365,-0.0071115,0.0041125,0.0038075,-0.0224975,-0.0058315,-0.0027605,0.002773,-0.0036425,0.002615,-0.009433,0.0070275,0.0114085,-0.000507,0.009679,0.0016255,-0.007175,0.0027205,-0.003266,0.008435,0.0002395
Turkish_Balkans_(Anatolian_Turk-Mixed_Profile)_(n=11),0.11351264,0.10386091,0.011142182,-0.0088090909,0.0055672727,-0.0044875455,0.0056827273,0.0040067273,-0.0075115455,0.0010437273,-0.00059045455,0.00059936364,0.00072972727,0.0043664545,-0.0093030909,0.0023262727,0.0077163636,-0.000011545455,0.0058163636,-0.0016711818,-0.0041630909,-0.0016860909,-0.00019045455,0.00098572727,-0.000021727273
Turkish_Balkans_(Balkan_Profile)_(n=7),0.12276643,0.13463014,0.018694429,-0.0098745714,0.019564,-0.0014342857,0.0039614286,0.0040547143,-0.0024544286,0.010413429,-0.0024125714,-0.00023557143,0.0014441429,0.010656,-0.011381,-0.0028412857,0.0040232857,0.0011582857,0.0060332857,-0.0073785714,-0.010089429,0.0010952857,0.0055638571,0.00080885714,-0.0018304286
Turkish_Bartin_(n=8),0.10669587,0.082139125,-0.018707125,-0.036714125,-0.022006125,-0.014325125,0.003151875,0.000674125,-0.016839,0.000512625,-0.000192375,0.00045475,-0.000582875,-0.00200425,-0.002065,-0.00302925,-0.001392875,-0.00023075,-0.00117525,-0.000576,-0.000938875,-0.00204325,0.000677625,-0.00173775,0.00186175
Turkish_Bayburt_(n=14),0.10897221,0.136679,-0.050472714,-0.057857429,-0.029729,-0.015159571,0.0019319286,-0.0024185714,-0.0328505,-0.006477,0.0007805,0.0011740714,-0.00067928571,-0.00064092857,0.0012185714,0.000091642857,-0.0020628571,-0.00076207143,-0.0014503571,-0.0036425,-0.0010394286,-0.0023545,0.000687,-0.0047734286,0.00047207143
Turkish_Bilecik_(n=4),0.10381175,0.07271,-0.009725,-0.027657,-0.01350325,-0.01152225,0.00335775,0.0038815,-0.01200825,0.001165,-0.0014295,-0.001416,0.00320625,-0.00053975,-0.00222825,-0.000454,-0.001324,-0.001586,-0.00113075,-0.00131125,-0.00223525,-0.002861,0.0017015,-0.0020295,0.001131
Turkish_Bitlis_(n=1),0.101103,0.114588,-0.052815,-0.04258,-0.02781,-0.003531,-0.000189,-0.003484,-0.02759,-0.00797,-0.000914,-0.000452,0.001751,-0.002708,0.004992,0.005718,-0.002431,-0.000787,-0.002102,-0.003287,-0.001216,-0.00158,0.001212,-0.00292,0.000344
Turkish_Bolu_(n=14),0.10096242,0.042121729,-0.0038292714,-0.027104607,-0.022135264,-0.011471743,0.00432705,0.0035307286,-0.013468721,-0.0032894143,-0.0029448214,-0.0019837286,0.0028909357,-0.0016295571,-0.0017724786,-0.00088713571,-0.0020378286,-0.00099315,0.00048858571,0.00016472857,-0.0022662571,-0.0018038214,-0.0010618571,-0.0010244357,0.00015977857
Turkish_Burdur_(n=16),0.10156938,0.067642437,-0.013618313,-0.036492563,-0.021462688,-0.012493125,0.002775375,0.0017255625,-0.015211438,-0.0011116875,-0.00312125,-0.000881125,0.001579875,-0.0022149375,-0.000179375,0.0007300625,-0.0025105,-0.0007950625,-0.000110375,-0.0011930625,-0.00104425,-0.0026261875,0.0005890625,-0.0021290625,0.0017681875
Turkish_Bursa_(n=6),0.1054145,0.0702485,-0.0082321667,-0.030235667,-0.015669667,-0.011459167,0.0011156667,0.002781,-0.010042333,-0.0012018333,-0.00056816667,-0.0019931667,0.0048236667,-0.0023968333,-0.0016281667,0.0012388333,-0.000631,-0.001208,-0.0015071667,-0.00011033333,-0.001681,-0.0031043333,0.0013385,-0.0026265,0.0014418333
Turkish_Canakkale_Biga_Peninsula_(n=3),0.10354867,0.064786667,-0.008556,-0.029523,-0.014584,-0.014517,0.003564,0.0030706667,-0.012497667,-0.001381,-0.00063333333,-0.00096233333,0.003449,-0.0015326667,-0.0038036667,-0.0013813333,0.00036366667,-0.001072,-0.0013806667,0.00095166667,-0.0013303333,-0.000962,0.001179,-0.000474,0.00024966667
Turkish_Cankiri_(n=12),0.10526192,0.090673667,-0.023998083,-0.038833167,-0.01875125,-0.01139475,0.0013713333,0.0018215,-0.01475225,-0.00083008333,-0.000944,-0.00058583333,0.0029426667,-0.0019548333,-0.0008985,0.00178975,-0.00080966667,-0.0011145833,-0.0013918333,-0.00076208333,-0.0011724167,-0.0027825833,0.00101275,-0.0027769167,0.0012473333
Turkish_Central_Macedonia_(n=3),0.11344367,0.122202,0.010559333,-0.01292,0.008309,-0.0039973333,0.003995,-0.00053833333,-0.0013636667,0.003341,0.005034,-0.00049966667,-0.00059466667,0.0045873333,-0.010948,-0.00026533333,0.011039333,-0.00029566667,0.0048603333,0.0017923333,-0.0048663333,0.0040393333,-0.00078033333,0.000241,0.00075833333
Turkish_Corum_(n=19),0.10299905,0.091723842,-0.031888316,-0.039663105,-0.026335684,-0.011938684,0.00085705263,-0.000086947368,-0.018564895,-0.0036915789,-0.0019025263,-0.00089610526,0.0031061053,-0.0023438421,0.0022480526,0.0027405789,-0.0039967368,-0.00040178947,-0.00057573684,-0.0014783684,-0.00041915789,-0.0022235789,0.00094905263,-0.0019375789,0.00086989474
Turkish_Cyprus_(n=33),0.093672091,0.14233064,-0.034883,-0.067095818,-0.0047125758,-0.022244788,-0.000013393939,-0.0032944242,-0.0018685758,0.013779727,0.0044830909,0.00062730303,0.0018661515,0.0029466061,-0.010166576,-0.00013560606,0.0022999394,0.000093575758,0.0022632121,-0.0022444545,-0.0012513636,0.00077933333,-0.00081948485,-0.0017271818,0.00064218182
Turkish_Cyprus_(Afro-Cypriot-Mixed)_(n=9),0.070884778,0.14000422,-0.037222444,-0.066989,-0.0065285556,-0.021877444,-0.0014147778,-0.0040295556,0.0027141111,0.0097757778,0.0039703333,0.000435,0.00081266667,0.0014914444,-0.011637556,0.0040961111,0.0051374444,-0.0016487778,0.0018143333,-0.0018068889,-0.001819,-0.000088222222,0.00074733333,-0.0012703333,0.00080333333
Turkish_Denizli_(n=9),0.094220111,0.057997778,-0.014707667,-0.031008,-0.021747444,-0.012859889,0.0039688889,0.000025666667,-0.016066444,0.0022677778,-0.001227,0.001532,-0.0019821111,0.000841,-0.0072383333,0.000604,0.0064758889,0.00012655556,0.0017038889,-0.0018203333,-0.00531,0.0010166667,-0.0013008889,-0.0011113333,-0.0033796667
Turkish_Dodecanese_(n=2),0.0973185,0.086828,-0.0199875,-0.04199,-0.0101555,-0.0164545,0.003525,-0.001154,-0.0068515,0.0064695,0.0002435,-0.000674,0.00275,0.0039225,-0.013029,-0.0031825,-0.0075625,0.0004435,0.000503,-0.0063155,-0.0006235,-0.003895,-0.000986,-0.002832,0.002275
Turkish_Duzce_(n=4),0.09995475,0.055742,-0.01131475,-0.0295245,-0.01624275,-0.00843575,0.00699475,-0.00150875,-0.01744775,0.0010735,-0.002712,0.00207775,0.00020675,-0.00296275,-0.003851,0.0030385,-0.0009665,-0.0013375,-0.00129,-0.0011585,-0.0000065,0.00148125,0.0010965,0.002624,0.00189075
Turkish_East_Thrace_Edirne_(n=2),0.120641,0.109847,0.019473,-0.0105685,0.0104215,-0.0052615,-0.001099,0.002495,-0.0016895,0.005459,0.002551,-0.0000775,0.001062,-0.0017345,-0.0022035,-0.000995,0.000625,-0.002009,-0.002582,-0.00078,-0.002043,-0.002871,0.001424,-0.00317,0.000696
Turkish_East_Thrace_Gelibolu_(n=3),0.10757167,0.098707667,0.000155,-0.020064667,0.000765,-0.0049926667,0.00181,0.00046133333,-0.007258,0.0058686667,-0.000361,-0.0024886667,0.0022113333,0.00088033333,-0.004881,0.0044796667,0.005405,-0.0013496667,-0.000739,-0.000244,-0.004822,-0.0020626667,0.0024463333,-0.002609,0.00040666667
Turkish_East_Thrace_Kirklareli_(n=2),0.1186235,0.1020515,0.020836,-0.007074,0.010202,-0.0005835,0.003647,0.003724,-0.0065545,-0.001444,-0.00023,-0.00069,0.000373,0.0064245,-0.007283,-0.006333,-0.006516,-0.000824,0.0031475,-0.0034135,-0.0041145,-0.000872,0.002604,-0.001787,0.0019335
Turkish_East_Thrace_Tekirdag_(n=1),0.12134,0.120534,0.006655,-0.023053,-0.001065,-0.007224,0.002866,0.006566,-0.007551,-0.00108,0.004668,-0.002637,0.006353,-0.000058,-0.003336,0.000372,-0.000149,-0.001846,-0.002061,0.000025,-0.002378,-0.00252,0.001645,-0.002297,0.000282
Turkish_Eastern_Macedonia_(n=3),0.11875567,0.11475467,0.014456333,-0.010982,0.015387,-0.006786,0.0068153333,0.004769,-0.009272,0.007168,0.0018946667,-0.0012986667,0.0051536667,0.005367,-0.010540667,-0.0049056667,0.003477,0.0019846667,0.0050276667,-0.0016673333,-0.0072786667,0.001154,0.00069866667,0.000924,0.00035933333
Turkish_Elazig_(n=4),0.10293425,0.11446275,-0.044151,-0.04291725,-0.03055275,-0.01106325,0.003111,-0.0018745,-0.02387975,-0.00464125,-0.000204,0.000786,0.00044,-0.0026925,0.00133775,0.00455325,-0.00012725,-0.00036725,-0.0012135,-0.0036765,-0.00016625,-0.0018075,-0.00021275,-0.00414525,-0.00006075
Turkish_Erzincan_(n=16),0.10480456,0.11754931,-0.047992375,-0.0503075,-0.031754437,-0.013572188,0.000822625,-0.0024295,-0.0259925,-0.0052863125,-0.000401125,-0.0006615,0.0016613125,-0.001770125,0.0012549375,0.0036263125,-0.0014093125,-0.0008193125,-0.0015918125,-0.002618375,-0.0012911875,-0.00271375,0.00025925,-0.0026789375,0.0011144375
Turkish_Erzurum_(n=12),0.10291508,0.12144042,-0.054022583,-0.047696333,-0.033801083,-0.010830167,0.0046216667,-0.0038653333,-0.036661083,-0.0069401667,0.0018945833,0.0034219167,-0.00852325,0.00164,-0.0024429167,-0.0063531667,0.000032666667,0.00060183333,0.0011520833,0.000031166667,0.0027555,-0.00070066667,-0.0012015833,-0.0032534167,-0.0020656667
Turkish_Erzurum_Central_(n=11),0.10598318,0.12286364,-0.055464091,-0.047176818,-0.035558273,-0.010832364,0.0022786364,-0.0015684545,-0.030763909,-0.0096968182,-0.0013883636,-0.00019545455,0.0014080909,-0.0034462727,0.0048569091,0.0056782727,-0.0022286364,-0.00078772727,-0.0019742727,-0.0034495455,-0.001706,-0.0028118182,0.0010599091,-0.0037646364,0.00026727273
Turkish_Erzurum_North_(n=15),0.10933667,0.1387862,-0.054417267,-0.0552072,-0.0331014,-0.015098533,0.0014633333,-0.0035006667,-0.033551533,-0.0086086,-0.0019192667,0.00077673333,-0.00042286667,-0.0041344667,0.0059486,0.0058804667,-0.0023692,-0.000811,-0.0021608667,-0.0040486667,-0.0015622667,-0.0031256667,0.00096286667,-0.0040615333,0.00014086667
Turkish_Eskisehir_(n=9),0.10352333,0.070143889,-0.011951889,-0.029425889,-0.020388778,-0.010287,0.0030996667,0.0016014444,-0.015984556,-0.0030487778,-0.0028255556,-0.000437,0.00075088889,-0.0019456667,0.00074644444,-0.00089911111,-0.0015458889,-0.00099866667,-0.0019842222,-0.00083233333,-0.002661,-0.0011856667,0.00011155556,-0.000459,0.00038822222
Turkish_Gaziantep_(n=19),0.090857737,0.082569684,-0.036343105,-0.039453895,-0.028588,-0.012375789,0.0034508421,-0.0010015263,-0.019471684,-0.0061581053,-0.0012050526,-0.00070626316,-0.00083131579,-0.0010026316,-0.00070594737,0.0043467895,0.00014726316,-0.00021757895,0.00025168421,-0.0025821579,-0.00034952632,-0.001352,-0.00027142105,0.00044415789,0.0014566316
Turkish_Giresun_(n=18),0.09802855,0.049614078,-0.021317028,-0.036744378,-0.029223528,-0.014675711,0.0058001333,-0.00036338333,-0.0239325,-0.0013520944,-0.00244935,0.0038720111,-0.00656515,0.0016258833,-0.00491235,-0.0013483056,0.0054477056,-0.0005453,0.000014644444,0.00033448333,-0.0033446167,0.0015204667,-0.0038760556,-0.0010863111,0.00035936111
Turkish_Giresun_North_(n=44),0.10198707,0.053682614,-0.021047795,-0.038696318,-0.032154682,-0.015354273,0.0031656136,0.0015372273,-0.021841091,-0.0042137727,-0.0056782727,-0.00031559091,0.0011769091,-0.0052227273,0.0017689545,0.0027954318,-0.0017155909,-0.00034190909,-0.00050290909,-0.0013655909,-0.0011554091,-0.0038141364,0.00087652273,-0.0027629545,0.0019845227
Turkish_Giresun_South_(n=10),0.1066954,0.1019475,-0.036088,-0.0472924,-0.0269574,-0.0134661,0.0014484,-0.0001185,-0.0230901,-0.0043774,-0.0018711,-0.0006623,0.0023065,-0.0034947,0.002515,0.0039831,-0.001852,-0.0008822,-0.0016945,-0.0020736,-0.0013862,-0.0030337,0.0011044,-0.0030913,0.000915
Turkish_Gumushane_(n=3),0.10775233,0.13777333,-0.050534333,-0.059432,-0.027184333,-0.013665667,0.0045433333,-0.0036923333,-0.038587,0.0012146667,0.0015156667,0.005795,-0.0092663333,0.0038993333,-0.0066046667,-0.0071156667,0.0093006667,0.00050666667,-3.33e-7,0.0031266667,0.0042423333,0.00082433333,0.00024633333,-0.0065066667,-0.000599
Turkish_Gumushane_Kurtun_(n=1),0.100695,0.037796,-0.017043,-0.034809,-0.033241,-0.012115,0.004543,0.005264,-0.014708,-0.000607,-0.00815,-0.000857,0.001797,-0.006752,0.003451,0.003555,-0.003418,0.000354,0.000274,0.000151,0.000206,-0.00304,0.000218,-0.001222,0.002234
Turkish_Gumushane_Siran_(n=1),0.104717,0.116786,-0.048271,-0.055233,-0.022773,-0.004741,0.01081,-0.009923,-0.033746,0.000911,0.003573,0.001049,-0.004014,-0.004679,-0.006515,0.01485,0.018906,-0.006208,0,0.001,0.004866,0.000618,0.005793,0,-0.001916
Turkish_Hatay_(n=13),0.091772538,0.067324,-0.027898692,-0.040145846,-0.029569615,-0.013502154,0.0031395385,0.00087523077,-0.016831077,-0.0046253846,-0.0031972308,-0.0013130769,0.0025103846,-0.0034745385,0.00066361538,0.0027784615,-0.00079292308,-0.00049638462,-0.00057038462,-0.00051738462,-0.0011139231,-0.0025220769,0.00084930769,-0.0021045385,0.0016950769
Turkish_Hatay_o_(n=2),0.087954,0.1068415,-0.042036,-0.057388,-0.020914,-0.0168185,0.0001525,-0.004107,-0.012708,-0.001282,-0.0015945,-0.003033,0.003202,-0.001762,-0.0048255,0.008599,0.0051445,0.0001855,-0.001942,0.001091,-0.0000855,0.001582,-0.0001935,-0.0001075,-0.003027
Turkish_Igdir_(n=5),0.1017886,0.094239,-0.0475936,-0.0359262,-0.0388064,-0.007963,0.0024876,0.000739,-0.0234402,-0.007198,-0.001959,-0.0011848,0.0031828,-0.003208,0.0031372,0.0047558,-0.002473,-0.0003412,-0.0007814,-0.0018728,-0.0012636,-0.0026006,0.000807,-0.0020936,0.0007976
Turkish_Isparta_(n=34),0.10507521,0.094858176,-0.020040824,-0.039332794,-0.016692588,-0.013961676,0.00074055882,0.0013072059,-0.013866294,0.00061470588,-0.00016014706,-0.0012350294,0.0032050294,-0.0020246176,-0.0011900294,0.0019937059,0.00030408824,-0.0013471471,-0.0014011765,-0.00088076471,-0.0016123824,-0.0026916471,0.0010545,-0.0025245294,0.0011052353
Turkish_Istanbul_(Anatolian_Turk_Profile)_(n=13),0.10098246,0.086156692,-0.024668385,-0.035314,-0.019320077,-0.0086659231,0.0056963846,-0.001442,-0.020018923,-0.00072738462,-0.00040630769,0.0036054615,-0.006421,0.00039053846,-0.0068287692,0.00010784615,0.0083510769,0.00031338462,0.0031887692,0.00077023077,-0.0016383077,-0.000059615385,-0.0010640769,0.00011661538,0.00017176923
Turkish_Istanbul_(Anatolian_Turk-Mixed_Balkan_Turk_Profile)_(n=4),0.11184575,0.097449,0.00785875,-0.009056,0.004925,-0.00363,0.00403775,0.0028345,-0.0085815,-0.00080175,-0.0005585,-0.001013,0.0012565,0.00194575,-0.006422,0.0030845,0.00588675,0.002206,0.00249875,0.001303,-0.000699,0.00080525,0.00295225,-0.00057,-0.00229025
Turkish_Istanbul_(Balkan_Profile)_(n=1),0.117238,0.135065,0.021119,0,0.028621,-0.004462,0.00517,0.012923,0.00409,0.00656,0.001949,0.001649,-0.004608,-0.003028,-0.014794,-0.004641,0.002477,-0.002407,0.003394,-0.007754,-0.003119,-0.002844,0.007765,0.002771,0.006466
Turkish_Izmir_(n=9),0.097969222,0.070681444,-0.013588,-0.034598333,-0.018128556,-0.014177889,0.0028355556,0.0025424444,-0.010451,0.0027803333,-0.0018708889,-0.00018744444,0.0010067778,-0.0012682222,-0.0011452222,0.000327,-0.0027247778,-0.00010655556,0.00052211111,0.000045555556,-0.0021651111,-0.0011017778,0.0015806667,-0.0020998889,0.0021293333
Turkish_Izmir_Cepni_(n=2),0.0963,0.0606565,-0.020504,-0.0353485,-0.036512,-0.0139735,0.0006175,-0.002254,-0.022154,-0.010426,-0.0031745,-0.00221,0.004903,-0.0034975,0.001461,0.0036565,-0.002165,-0.000164,-0.000199,-0.0005555,-0.0012845,-0.0030565,0.00093,-0.0019975,0.0013355
Turkish_Kahramanmaras_(n=25),0.099826,0.08395012,-0.03305696,-0.04166424,-0.0317212,-0.01375008,0.00260756,-0.00121652,-0.02024364,-0.0033942,-0.001797,0.00071048,0.000793,-0.00240052,-0.00034836,0.00322,-0.00103216,0.00055656,0.00047128,-0.00186628,-0.00140496,-0.0022694,0.00061748,-0.00168352,0.00149236
Turkish_Karabuk_(n=8),0.1056935,0.079939125,-0.01453725,-0.033395,-0.0172355,-0.012897875,0.003248625,0.002435625,-0.013806125,-0.0001155,-0.00212525,0.001175375,0.000704125,-0.0020765,-0.001637375,0.00152125,-0.00043775,-0.000087375,-0.0000365,-0.00258725,-0.001042875,-0.00182325,0.000424125,-0.0008485,-0.000089125
Turkish_Karaman_(n=20),0.1030636,0.09237965,-0.02509645,-0.04267975,-0.01855325,-0.0157993,0.00097605,0.00002375,-0.01338405,0.0020484,-0.0020952,0.0000477,0.00086985,-0.0034937,0.00017505,0.00253425,-0.0020053,-0.0004596,-0.0006057,-0.00102065,-0.0009758,-0.00212875,0.00029815,-0.0022633,0.001026
Turkish_Kars_(n=4),0.1025595,0.113583,-0.05139825,-0.0421415,-0.03580525,-0.00872375,0.00169,-0.00264175,-0.02807425,-0.00861775,-0.0021245,0.00049775,0.00003025,-0.003772,0.00450925,0.0048225,-0.0016035,-0.00080925,-0.00191675,-0.0036785,-0.001846,-0.0031785,0.001063,-0.004036,0.000576
Turkish_Kastamonu_(n=24),0.10738575,0.10125429,-0.024280458,-0.040626792,-0.018579375,-0.014002417,0.00079554167,0.0012033333,-0.016349042,0.00067904167,-0.00072875,0.00029920833,0.00078004167,-0.002010875,0.000022583333,0.001660375,-0.00047408333,-0.00059741667,-0.0014802917,-0.001789125,-0.0021394167,-0.0025155417,-8.33e-7,-0.002152,0.00075241667
Turkish_Kayseri_(n=35),0.10046917,0.095045094,-0.033657738,-0.043505711,-0.022569738,-0.01305305,0.0051110155,-0.0018124145,-0.022151611,0.00018963353,-0.00011477097,0.00159066,-0.0035010281,0.001662495,-0.0051904719,-0.00039909825,0.0013594103,0.00063224919,0.0021654145,-0.0027546398,-0.0011706589,0.0017993005,-0.0024241679,-0.00066876798,0.000089992967
Turkish_Kilis_(n=1),0.105506,0.111811,-0.04041,-0.043544,-0.027423,-0.014048,0.001839,0.002423,-0.016395,-0.002364,0.000758,-0.001775,0.004895,-0.002044,0.000454,0.003326,-0.001459,-0.001124,-0.001725,-0.001138,-0.001698,-0.00311,0.001104,-0.002639,0.000662
Turkish_Kirikkale_(n=6),0.0962575,0.073530167,-0.030255833,-0.038678833,-0.026365667,-0.012677667,0.0036143333,0.00063116667,-0.018119,-0.0035296667,-0.0014226667,-0.000311,0.0018361667,-0.0028218333,0.00048833333,0.0029558333,-0.0004375,-0.00010616667,-0.0018808333,-0.00058166667,-0.0016083333,-0.0024128333,0.0000815,-0.000792,0.0026285
Turkish_Kirsehir_(n=20),0.09864485,0.0741202,-0.029864,-0.0364511,-0.0283499,-0.01241915,0.0031575,0.00078945,-0.01933675,-0.0053581,-0.00271235,-0.0017261,0.00271865,-0.00275005,0.0008917,0.0029207,-0.0009945,-0.0012464,-0.00072185,-0.0003907,-0.00070385,-0.00250165,0.00114545,-0.0016991,0.0015568
Turkish_Kocaeli_(n=5),0.1054794,0.0751388,-0.0063554,-0.0248482,-0.016725,-0.0097082,0.0039312,0.0031274,-0.0118206,-0.0017042,-0.000553,-0.0017592,0.004045,-0.0014098,-0.001104,-0.0001946,-0.0000564,0.0022784,0.0019608,0.0006298,-0.0029576,0.0000904,0.0010768,-0.0005982,0.0014728
Turkish_Konya_(n=14),0.097648043,0.082074619,-0.026305373,-0.040325203,-0.020699951,-0.01247937,0.0024777443,-0.0013806143,-0.017443373,0.0014762071,0.00042228,0.0027874186,-0.0025072414,0.00090206714,-0.00427716,-0.000015377143,0.0017842871,0.00081831,0.00319414,-0.0011063343,-0.0037577657,0.00069723714,-0.0030197071,-0.0012678557,0.000076824286
Turkish_Kutahya_(n=17),0.10312782,0.070458824,-0.0086747059,-0.031767882,-0.018555765,-0.013098588,0.0020901765,0.0022422353,-0.012683824,0.0011384118,-0.0029903529,-0.00068535294,0.00046382353,-0.003437,-0.000071882353,0.0010150588,0.0013518235,-0.00070288235,-0.0011338824,-0.0000068823529,-0.0018627647,-0.002859,-0.000482,-0.0021570588,0.0011927059
Turkish_Lesbos_(n=1),0.103579,0.075149,-0.006411,-0.032946,-0.004308,-0.009482,0.002115,-0.003231,-0.012271,0.005467,-0.002436,0.000749,-0.005054,-0.003578,-0.012758,0.016839,0.017471,-0.000633,0.000126,0.005002,-0.001373,-0.000618,0.001356,-0.003374,-0.006227
Turkish_Malatya_(n=19),0.10583979,0.110811,-0.042734789,-0.042227211,-0.029629474,-0.010466,0.00092405263,-0.0018241579,-0.024394211,-0.0061082105,-0.00037526316,-0.00041394737,0.0020673684,-0.0034421053,0.0017307368,0.0059995263,0.00096889474,-0.00090784211,-0.0012801053,-0.0020531579,-0.0016723158,-0.0022357895,0.00077094737,-0.0030248947,0.00010010526
Turkish_Manisa_(n=9),0.10436167,0.074032778,-0.0083272222,-0.029981111,-0.016945556,-0.010976,0.0029746667,0.0016368889,-0.013900667,-0.0025886667,-0.0013846667,-0.00082188889,0.0021162222,-0.002241,-0.00085744444,0.0012605556,-0.002544,-0.000919,0.00001,-0.00057611111,-0.0011582222,-0.0025735556,0.001034,-0.0015827778,0.0018394444
Turkish_Manisa_Cepni_(n=1),0.0947,0.057334,-0.022563,-0.04154,-0.03107,-0.014896,-0.001721,-0.005319,-0.01675,-0.004814,-0.005576,-0.000781,0.002003,-0.004931,0.003367,0.003685,-0.002641,0.000078,-0.000224,-0.000743,-0.000255,-0.002759,0.000581,-0.001493,0.00177
Turkish_Manisa_Yoruk_(n=9),0.095348667,0.044356111,-0.015173889,-0.033709,-0.027042,-0.014328444,0.0041003333,0.0018781111,-0.015478222,-0.0015524444,-0.0040775556,-0.0010757778,0.0023594444,-0.0037306667,-0.0023684444,0.003231,0.002042,0.00053877778,0.00040666667,-0.00091655556,-0.0016614444,-0.0039605556,0.00049244444,-0.0028872222,0.00043466667
Turkish_Mersin_(n=19),0.097252842,0.048832842,-0.017226316,-0.036157053,-0.025387947,-0.015367842,0.0033613684,0.0033351579,-0.014778947,-0.00036657895,-0.0044884737,-0.0013573158,0.0029055789,-0.0041169474,-0.00044252632,0.001957,-0.001623,-0.00045105263,-0.00043863158,0.00062457895,-0.0015865263,-0.0028417895,0.000279,-0.0014881579,0.0018533158
Turkish_Mersin_Yoruk_(n=3),0.092955667,0.041298,-0.016090667,-0.032407667,-0.026774,-0.011713333,0.0094003333,0.0026153333,-0.013976,-0.001701,-0.0029773333,-0.001199,-0.00024766667,-0.002661,-0.002669,0.0012816667,0.0063886667,0.0022803333,-0.000377,-0.00020866667,-0.001705,0.0050696667,-0.0042316667,0.0018076667,0.003393
Turkish_Meskhetian_Ardahan_(n=5),0.1097254,0.1301908,-0.052797,-0.0512924,-0.0348986,-0.0080876,0.006016,-0.0059996,-0.047204,-0.0133398,-0.0010066,0.009202,-0.0144202,0.006826,0.0001088,-0.0149562,0.0066234,-0.0035724,-0.007517,0.0089294,0.0066382,0.0037838,-0.0026618,-0.006121,-0.0013414
Turkish_Meskhetian_Georgia_(n=4),0.10528625,0.13074925,-0.0574165,-0.05176075,-0.03539125,-0.00725125,0.008049,-0.0056535,-0.05031275,-0.01061525,-0.00133975,0.01153975,-0.01702175,0.00123875,-0.0007805,-0.00835325,0.01281025,-0.0013935,-0.00235675,0.007347,0.00705,0.00018575,-0.000339,-0.00153625,0.000569
Turkish_Mugla_(n=12),0.093889583,0.041393,-0.0073571667,-0.0285535,-0.025975083,-0.012393,0.0016585833,0.00078233333,-0.01108525,0.00149925,-0.0044745,-0.000692,0.00070033333,-0.0031890833,-0.0013174167,0.0022794167,0.0022334167,0.000044166667,0.00075141667,0.00076091667,-0.00034358333,-0.0015006667,-0.00062633333,0.00075158333,0.00142775
Turkish_Nevsehir_(n=32),0.10283544,0.099070281,-0.030735,-0.045049875,-0.023103062,-0.013927313,0.0015084063,0.00072509375,-0.017913188,-0.0009668125,-0.00081659375,-0.00047825,0.002246875,-0.0018625,-0.00032615625,0.001323375,-0.00086425,-0.00090959375,-0.0013805,-0.0015304688,-0.0018565938,-0.0030108438,0.00028815625,-0.00303075,0.0012330312
Turkish_Nigde_(n=10),0.1052148,0.0966064,-0.0286598,-0.045838,-0.0191573,-0.0157373,0.0001012,0.0005568,-0.0152166,-0.0004783,-0.0005807,-0.0014038,0.0039499,-0.0027038,0.0005472,0.0028733,-0.0014137,-0.0011607,-0.0018907,-0.0009842,-0.0013194,-0.0029721,0.0011813,-0.0027159,0.001062
Turkish_North_Macedonia_(n=15),0.12106073,0.12873687,0.022930067,-0.0047729333,0.016804067,-0.0015308,0.0019618667,0.0052200667,-0.00023033333,0.002074,0.0037831333,-0.0012520667,0.0033158,0.0016709333,-0.0038462667,0.0011200667,0.0013964667,-0.00086093333,-0.0012706667,-0.0005428,-0.0030588667,-0.0000032666667,0.0015195333,0.0008356,-0.000834
Turkish_North_Thrace_(n=52),0.11727137,0.096825154,0.017641769,-0.0076303077,0.0053718654,-0.0040599615,0.0033063654,0.0053777115,-0.0053345,-0.0012159038,0.0020177115,-0.0016436154,0.0040956538,0.00021001923,-0.0036669423,0.00040194231,0.0013122308,-0.0015764615,-0.00063221154,-0.000019403846,-0.0027591154,-0.0013604231,0.0016096538,-0.0013095962,0.00014019231
Turkish_Northern_Bulgaria_(n=17),0.11281882,0.10041794,0.019765706,-0.000741,0.0082547647,-0.00090223529,0.0058473529,0.0048866471,-0.0063642941,-0.00035364706,-0.0010221765,-0.0021245294,0.0025534118,0.0087431176,-0.0080393529,-0.0023477059,0.0029528824,0.0022208235,0.0022551765,-0.0026777647,-0.0049912353,-0.0010618824,-0.000174,0.00042529412,0.00026758824
Turkish_Ordu_(n=30),0.10240927,0.0774498,-0.029102533,-0.0435115,-0.0277642,-0.014520167,0.0032266667,-0.000402,-0.0210795,-0.0030104,-0.0020311667,-0.00027046667,0.00097726667,-0.0011343333,-0.0013028,-0.00032433333,-0.0014780333,-0.0012770333,-0.00034106667,-0.0016545333,-0.0019289333,-0.0021311,-0.0007744,-0.0018379333,0.0017764333
Turkish_Osmaniye_(n=2),0.099998,0.0694525,-0.0236825,-0.046798,-0.02801,-0.0169275,0.0017705,0.001308,-0.0169095,-0.0012195,-0.005228,-0.000792,0.0022465,-0.005415,0.002815,0.003554,-0.002474,-0.000403,-0.001041,-0.000686,-0.0005325,-0.0033785,0.0006595,-0.0025655,0.0016625
Turkish_Rize_(n=5),0.1104084,0.1379088,-0.0554368,-0.0619514,-0.0292978,-0.015897,0.008366,-0.008215,-0.0451998,-0.0030616,0.002241,0.0060544,-0.0163528,0.003991,-0.0089302,-0.0050118,0.0141336,-0.003218,-0.0000502,0.0079786,0.0057648,0.0041054,-0.0009364,-0.0059526,-0.00182
Turkish_Romania_(n=2),0.1226425,0.1123555,0.0238605,0.0025,0.0131055,-0.0003615,0.0030765,0.00546,-0.0046185,-0.003482,0.003713,-0.001503,0.0033265,-0.0008925,-0.0007175,0.000274,-0.0006085,-0.0014895,-0.0018965,-0.0003105,-0.001855,-0.00115,0.0013685,-0.0018325,-0.0000035
Turkish_Sakarya_(n=2),0.104622,0.0531295,-0.006062,-0.0307225,-0.019587,-0.0193175,0.0048185,0.0047045,-0.012274,0.0023315,0.002427,0.0001945,0.003199,0.0046295,-0.0098145,-0.0022485,0.00147,-0.0004715,0.001515,0.0041585,-0.0027115,-0.0036805,0.002309,-0.003306,-0.000941
Turkish_Samsun_(n=16),0.10378231,0.088470875,-0.026814313,-0.042763437,-0.025350437,-0.01302575,0.0032508125,-0.0014009375,-0.021947875,-0.001744375,-0.001925375,0.000777625,-0.001461375,-0.0031501875,0.0006148125,-0.00069825,-0.00161925,-0.0011734375,0.0000219375,-0.001486125,-0.001614375,-0.0004873125,0.000044625,-0.004179875,0.0000798125
Turkish_Sanliurfa_(n=2),0.0947385,0.1058235,-0.0531775,-0.0424785,-0.0338645,-0.010061,0.000261,-0.001721,-0.016422,-0.0071675,-0.0010915,-0.002243,0.0053305,-0.0029385,0.004649,0.005898,-0.003422,-0.0002715,-0.001297,-0.000912,-0.000508,-0.001574,0.0005835,-0.001578,0.0003545
Turkish_Sinop_(n=11),0.10436045,0.092896091,-0.023620909,-0.041425909,-0.020875364,-0.014266273,0.0029774545,-0.00012927273,-0.018880091,-0.0014487273,-0.00071927273,0.00083454545,-0.00068227273,-0.0018726364,-0.00011236364,0.0019518182,-0.00021009091,-0.0010055455,-0.00017709091,-0.000039545455,-0.0012934545,-0.0030519091,0.00046372727,-0.0019575455,0.00079509091
Turkish_Sinop_Northwest_(n=10),0.1119952,0.1235058,-0.0255359,-0.0480139,-0.0155632,-0.0160347,0.0004568,-0.0016265,-0.0194985,0.002357,0.0008073,0.0014844,-0.0000742,-0.0011006,-0.0030814,0.0006843,0.0014731,-0.0004426,0.0007388,-0.0024151,-0.0011817,-0.0015569,0.0006284,-0.0013646,-0.0006475
Turkish_Sivas_(n=63),0.10338262,0.095385968,-0.036390238,-0.042663476,-0.029256587,-0.013700905,0.0023533016,-0.00076995238,-0.023007063,-0.0042983333,-0.0015074603,-0.00036377778,0.00082449206,-0.0024655714,0.00078207937,0.0028402063,-0.0001647619,-0.00016466667,-0.00039107937,-0.0018119841,-0.0009098254,-0.0021450159,0.00016588889,-0.0020879841,0.0013078571
Turkish_Thessaly_(n=3),0.11306433,0.11780133,0.011816333,-0.013243,0.013335667,-0.004834,0.004935,-0.00046133333,-0.00013633333,0.0076543333,0.00048733333,-0.00024966667,-0.00069366667,0.01023,-0.0078263333,-0.002917,-0.0044766667,0.0030826667,0.0028493333,-0.0086293333,-0.004617,0.0021433333,-0.001027,0.0040163333,-0.0032733333
Turkish_Tokat_(n=21),0.10291814,0.086867524,-0.03195381,-0.042980238,-0.026795667,-0.013891714,0.0028685714,0.000096428571,-0.021437667,-0.0024402857,-0.0025328095,-0.00023471429,-0.00054214286,-0.0027283333,0.00065442857,0.0022761429,-0.00013661905,-0.00028485714,-0.00073838095,-0.0020315238,-0.001889381,-0.0018367619,0.00077047619,-0.002866619,0.0014000476
Turkish_Trabzon_(n=34),0.10947097,0.13963529,-0.055547706,-0.0631465,-0.026783118,-0.017102588,0.0071192647,-0.0074997059,-0.038769324,-0.0012488529,0.0020202941,0.0059770882,-0.012771588,0.0065169118,-0.010210971,-0.010404441,0.0088316471,0.00013423529,-0.00014797059,0.0024202941,0.0039012353,0.0016911176,-0.00016323529,-0.0037388824,-0.0013136471
Turkish_Trabzon_Besikduzu_(n=2),0.1007715,0.0977295,-0.0390945,-0.053256,-0.020583,-0.0130965,0.0039605,-0.0065375,-0.028093,0.0036655,-0.0018695,0.0037265,-0.0085435,0.000535,-0.012935,-0.0000965,0.011421,0.0034705,0.002665,-0.000863,-0.0034645,-0.0015515,0.0033365,0.00584,-0.001509
Turkish_Tunceli_(n=3),0.10131333,0.117458,-0.053572667,-0.038830333,-0.034967,-0.01036,0.0032406667,-0.0051343333,-0.033483667,-0.010646667,0.000217,0.0010663333,-0.0011143333,0.0012976667,-0.001205,0.002558,-0.0036566667,0.0024756667,0.00079466667,-0.0059486667,-0.0012053333,-0.0022546667,0.0013356667,-0.0030103333,0.001828
Turkish_Usak_(n=21),0.10141252,0.071781762,-0.013887429,-0.033547381,-0.020036476,-0.012416905,0.0016780476,0.00071504762,-0.014820143,-0.0024960476,-0.0014042857,-0.0006952381,0.0024428095,-0.0025800476,-0.0012625238,0.0031291905,0.0010423333,-0.00064861905,-0.0007807619,-0.0006867619,-0.0020650476,-0.0020003333,0.0009502381,-0.0014215238,0.0014956667
Turkish_Van_(n=2),0.107259,0.124124,-0.0618005,-0.054783,-0.035672,-0.014234,0.0022765,-0.0014765,-0.031214,-0.008242,0.0002745,-0.000785,0.002975,-0.0017505,0.0024405,0.004938,-0.001832,-0.0008325,-0.001375,-0.0032295,-0.001863,-0.002731,0.0013265,-0.0024745,0.000525
Turkish_West_Thrace_(n=3),0.10395833,0.080226667,0.011439333,-0.0097976667,-0.005437,-0.0092963333,0.0010966667,0.0055383333,-0.0051133333,0.0035233333,-0.000379,0.00074933333,-0.00029733333,-0.005184,-0.012034,0.01264,0.009605,0.00067566667,0.0089666667,0.0035016667,-0.002662,0.001072,-0.0010683333,0.0081133333,-0.00075833333
Turkish_Western_Macedonia_(n=5),0.11701,0.1316124,0.0217978,-0.0108528,0.0204346,-0.0010598,0.003995,0.001477,-0.0033542,0.0059772,0.0036374,0.0013488,-0.002111,0.0112024,-0.011998,-0.0069742,0.0009648,-0.0023056,0.0073158,-0.0009254,-0.0053906,0.0029676,0.0023172,-0.0013256,-0.0030894
Turkish_Yalova_(n=1),0.105966,0.105334,-0.006233,-0.0208,-0.008854,-0.011624,0.000962,0.000431,-0.005981,0.00396,-0.003387,0.00133,-0.002045,-0.005199,0.004175,0.001984,-0.002396,-0.000251,-0.000656,-0.000987,-0.000047,-0.002443,0.000099,-0.001001,0.000939
Turkish_Yozgat_(n=30),0.1016316,0.0867622,-0.0329887,-0.0418385,-0.026057467,-0.012388267,0.0025492667,0.00012253333,-0.020677667,-0.003701,-0.0011653667,-0.0000055333333,0.0010012667,-0.0020886,-0.0006976,0.0011566333,-0.0020595333,-0.00075523333,0.00037986667,-0.0026106333,-0.0021523,-0.0021820333,0.00045556667,-0.0023925667,0.00063893333
Turkish_Zonguldak_(n=17),0.10455029,0.068146118,-0.013815,-0.033541706,-0.021359588,-0.012321,0.0030207059,0.0035745882,-0.015442176,-0.0012455294,-0.0031902353,0.00052164706,0.00077094118,-0.0038035882,0.00020741176,-0.00011976471,-0.0040455294,-0.00010388235,0.000574,-0.0012991765,-0.000573,-0.0023043529,-0.00017464706,-0.0015994118,0.00076447059
Turkmen_(n=55),0.083070145,-0.045384909,-0.008708,-0.0050681636,-0.041551727,-0.0031337455,0.0062255455,0.0036712182,-0.017700564,-0.010728655,-0.0091055636,-0.0010654909,0.0013892182,-0.0035256727,0.0024503273,0.0051275273,-0.0013986909,0.0004284,0.00068107273,-0.0024807091,-0.0075095091,-0.0021200545,-0.0036593636,-0.0019169455,0.0025756545
Turkmen_Afghanistan_(n=5),0.0835462,0.0243728,-0.0702198,0.0365636,-0.0566874,0.0257694,0.005546,0.001246,-0.0226202,-0.0178228,-0.0058134,-0.0003896,-0.0038654,-0.0079272,0.0119432,0.0138956,0.0004434,-0.0013172,0.001659,-0.0132066,-0.0014474,-0.005861,0.000641,-0.0056392,0.0043588
Turkmen_Afghanistan_o_(n=3),0.079676161,-0.093767157,0.0087993333,0.005491017,-0.037032496,0.000093025833,0.0082254113,0.0042303333,-0.013566524,-0.0088687731,-0.013478416,-0.0015987111,-0.00014870803,-0.0033490632,0.005067,0.010297815,0.0038679926,-0.0016049678,-0.0033937164,0.00050033333,-0.0051575596,-0.0045753377,-0.0033686545,0.00024100413,0.0013173333
Turkmen_Golestan_(n=8),0.086220875,0.01028225,-0.030452375,-0.01292,-0.0422385,-0.001987125,0.0056695,0.000547875,-0.022727625,-0.010342,-0.008342625,-3.39e-21,0.0024155,-0.002959,0.003783125,0.008121125,0.001564625,0.000775875,0.00102125,-0.003986125,-0.004882,-0.00196275,-0.001756375,-0.00323825,0.000868
Turkmen_Golestan_o_(n=4),0.08052975,-0.0594085,-0.0049025,-0.0046835,-0.04200775,-0.00536875,0.007285,0.0021345,-0.01625975,-0.00833725,-0.01368125,-0.00082425,0.0017095,-0.00471375,0.002952,0.0045745,0.000228,0.00152025,0.002388,-0.000469,-0.00839175,-0.003153,-0.00551525,-0.0008435,0.002395
Turkmen_Iraq_(n=18),0.083020722,0.10422478,-0.058861056,-0.043668778,-0.039510944,-0.0062655556,0.0024002778,-0.0037371667,-0.022584667,-0.010296778,0.0020610556,-0.0026773333,0.0045259444,-0.000073888889,0.0027936667,0.0054332222,-0.0075480556,0.0016581667,0.0026624444,-0.0058362778,0.00079244444,-0.0024391111,-0.0023587778,-0.0039608333,0.0033638333
Turkmen_Iraq_o_(n=1),0.0663,0.1175,-0.0714,-0.0614,-0.0374,-0.0177,-0.0002,-0.0051,-0.0124,-0.0026,0.0058,-0.0059,0.0099,0.0002,-0.001,0.0143,0.0022,-0.0018,0.0047,-0.0061,0.0047,-0.0022,-0.0012,-0.0048,0.0038
Turkmen_Uzbekistan_(n=7),0.081952714,-0.048165,-0.012714143,-0.0056755714,-0.042205571,-0.0034661429,0.009031,0.0073512857,-0.013790857,-0.0094242857,-0.0054285714,-0.0011774286,0.0019962857,-0.0065272857,0.0032184286,0.0059665714,-0.0062398571,0.0016107143,0.0015984286,-0.0037697143,-0.0075937143,-0.002685,-0.0046835714,-0.00039585714,0.0031135714
Tuscarora_(European-Mixed)_(n=3),0.108161,-0.0062936667,0.075472333,0.061185667,-0.008817,0.0089,-0.073833,-0.087995,-0.0040263333,-0.010279333,-0.0016896667,-0.000154,-0.0020986667,0.000911,0.0053696667,0.0032503333,-0.001754,0.00035933333,0.0019656667,0.0018513333,0.0010883333,0.001707,0.0000036666667,0.0064026667,0.001035
Tutsi_(n=4),-0.4342355,0.0787035,-0.0156505,-0.0389215,-0.00384675,-0.0207075,-0.005934,0.004673,0.08308775,-0.0698875,-0.00824125,0.00756825,-0.01646425,-0.00030975,0.00804125,-0.00934725,0.01030025,-0.00006325,0.003771,-0.00659675,0.00012475,0.003988,0.000616,-0.00216875,-0.00290375
Tutsi_Banyamulenge_(n=5),-0.429796,0.0804298,-0.0093528,-0.0382432,0.0016618,-0.0226458,-0.0089772,0.0070152,0.0768598,-0.0638192,-0.0077946,0.0082426,-0.0100196,0.0011286,0.010233,-0.0097056,0.0144204,0.0003296,0.0012568,-0.0034018,0.0003994,0.0005194,-0.0003942,0.0000724,-0.0010056
Tutsi_Burundi_(n=4),-0.4419185,0.07235625,-0.00886225,-0.036176,0.0018465,-0.02154425,-0.00687375,0.00496125,0.07853725,-0.070161,-0.01079875,0.00715625,-0.017951,-0.00258025,0.001934,-0.0089165,0.00896375,0.002882,0.007039,-0.004252,-0.00190275,0.00064925,-0.00052375,0.00057225,-0.000838
Tutsi_Rwanda_(n=8),-0.44291437,0.077434125,-0.009428,-0.03609525,0.000884875,-0.01565275,-0.00834275,0.002596125,0.07651725,-0.061778,-0.007408875,0.00147975,-0.016575625,-0.002202,0.0055305,-0.004524625,0.01083825,0.00166275,0.00568775,-0.00519,0.001013875,-0.00095825,-0.001432625,-0.002771375,-0.0002845
Tuvinian_(n=55),0.049999345,-0.34051635,0.085428145,-0.010394727,-0.075862982,-0.038066055,0.017207218,0.021817255,0.0059758,0.0047779273,-0.0026070364,-0.0014032364,-0.00034867273,-0.012323509,0.00080934545,-0.0013017818,-0.0036057636,0.00058510909,0.010355236,0.014404618,-0.024765382,0.00020912727,-0.0046543273,-0.0039697636,-0.0018942
Twa_Uganda_(n=5),-0.613279,0.0552448,0.0184788,0.017442,0.0080014,0.0028448,0.1500778,-0.128533,0.0136214,-0.0026608,-0.0071774,0.0420826,0.0127254,0.0034406,-0.0035286,0.0058072,-0.0032072,0.006157,-0.0011062,0.0090044,-0.0039428,0.00643,0.0017256,-0.0005544,-0.0018922
Udi_(n=3),0.10585533,0.12626433,-0.053802333,-0.039190667,-0.033032,-0.009947,0.0065016667,-0.0053846667,-0.037019,-0.012574333,0.004168,0.0038466667,-0.007334,-0.0063303333,-0.0029856667,0.002077,0.0031726667,-0.0017736667,-0.0023046667,-0.00083366667,0.0038266667,0.0021843333,0.000082333333,-0.0025706667,0.003273
Udmurt_(n=51),0.10777478,-0.021087196,0.080134471,0.066056667,-0.030642157,0.0076831373,0.0090869804,0.011121686,-0.010827725,-0.03582551,0.020976824,-0.0059975882,0.01457751,-0.031666647,-0.010088588,-0.006190098,-0.0045812941,-0.0011923922,-0.0098586667,-0.0095045294,0.00092966667,0.0033749608,-0.004475549,0.0079763922,-0.0029396275
Ukrainian_(n=25),0.13057784,0.12365092,0.067927,0.05758444,0.03756996,0.02148572,0.00942852,0.0111964,-0.00267512,-0.0222036,-0.00083788,-0.00771512,0.01538932,0.02388576,-0.01128648,-0.00288516,0.00149164,-0.00033448,0.0033586,0.00003504,-0.00572992,-0.00468404,0.006404,-0.00484876,0.00036884
Ukrainian_Cherkasy_(n=4),0.13203475,0.11932475,0.0621305,0.0502265,0.0347755,0.01701225,0.00969425,0.01419175,-0.00460175,-0.01681125,-0.00308525,-0.0072685,0.01334225,0.0208845,-0.01313075,-0.00268475,0.0014015,-0.00069675,0.003331,0.002939,-0.0040865,-0.00581175,0.00742575,-0.00165675,0.002814
Ukrainian_Chernihiv_(n=9),0.13228767,0.122992,0.068216778,0.061334111,0.04011,0.023240778,0.0098442222,0.013589111,-0.0029086667,-0.023022667,-0.0027787778,-0.0084925556,0.018433778,0.024710778,-0.013300667,-0.00013233333,0.0037521111,-0.00080233333,0.0023186667,-0.000014,-0.0026343333,-0.0063751111,0.0063266667,-0.004378,0.00075833333
Ukrainian_Cossack_Dnipropetrovsk_(n=1),0.127482,0.12491,0.064488,0.048773,0.037853,0.018686,0.009165,0.010615,-0.00409,-0.02041,-0.000162,-0.006744,0.012042,0.023121,-0.008686,-0.01127,-0.009779,0.00076,0.003142,0.002001,-0.000873,-0.006925,0.000986,-0.001566,0.002155
Ukrainian_Cossack_Zaporizhzhia_(n=1),0.135449,0.116786,0.071653,0.060078,0.033852,0.023148,0.011281,0.010615,0.003068,-0.017859,-0.000974,-0.008243,0.017839,0.021744,-0.009093,0.001989,0.000391,0.005194,0.00352,0.003377,-0.009608,-0.002349,0.004067,-0.006868,0.000599
Ukrainian_Crimea_(n=1),0.12862,0.126941,0.065996,0.057817,0.036622,0.017291,0.010575,0.008538,-0.00225,-0.021504,0.005359,-0.004946,0.017245,0.016928,-0.008686,-0.003845,-0.010822,-0.0019,0.005405,-0.00988,-0.010606,-0.004699,0.010599,-0.000964,-0.003473
Ukrainian_Dnipro_(n=9),0.13089667,0.11881689,0.070060556,0.060472778,0.036929889,0.021412556,0.010941,0.012640444,-0.0031132222,-0.023953778,-0.0029408889,-0.009708,0.016369333,0.023105333,-0.010133667,0.00073666667,0.0034045556,0.0020411111,0.0027374444,0.00061133333,-0.0048112222,-0.0056466667,0.0039712222,-0.0031462222,0.00049233333
Ukrainian_Donetsk_(n=3),0.131276,0.11780167,0.068761667,0.056740333,0.03416,0.024356667,0.0082253333,0.011537667,-0.000886,-0.022658,-0.0023276667,-0.010740667,0.017641333,0.025643333,-0.011988667,-0.0071156667,-0.0025206667,-0.0010556667,-0.000419,-0.0024176667,-0.0016223333,-0.0038333333,0.0066963333,-0.0040166667,-0.0015166667
Ukrainian_Ivano-Frankivsk_(n=1),0.12862,0.123895,0.061848,0.052326,0.03139,0.02259,0.01034,0.010153,-0.000409,-0.020957,-0.000325,-0.005245,0.011893,0.012524,0.000814,-0.000663,0.002477,-0.003041,0.002891,-0.001,-0.003619,-0.003339,0.007272,-0.005543,-0.002634
Ukrainian_Kharkiv_(n=1),0.129758,0.125926,0.064865,0.05814,0.040007,0.018965,0.010575,0.014538,-0.002454,-0.019499,-0.006496,-0.003747,0.011744,0.020231,-0.010858,-0.008486,-0.005867,0.00114,0.008673,0.003001,-0.00574,-0.00507,0.009983,-0.013737,-0.003592
Ukrainian_Kiev_(n=1),0.121791,0.116786,0.067882,0.056202,0.039392,0.020638,0.01081,0.016384,-0.010431,-0.028064,-0.003248,-0.013038,0.018137,0.019405,-0.014658,0.003978,0.002999,0.000887,-0.002765,-0.003001,-0.008111,-0.001607,0.005916,-0.000843,-0.001317
Ukrainian_Kropyvnytskyi_(n=2),0.1286205,0.1244025,0.0590195,0.060078,0.0338525,0.020638,0.0066975,0.0114225,0.0028635,-0.017768,-0.0060895,-0.006519,0.0137515,0.0148635,-0.017033,0.0002655,0.007432,-0.001267,0,0.000938,-0.0068005,-0.0037095,0.0032045,-0.0021085,0.0020955
Ukrainian_Lviv_(n=12),0.13230975,0.12711692,0.061813833,0.04748325,0.03605475,0.018674583,0.0085994167,0.010686083,-0.00030008333,-0.01505225,-0.0038866667,-0.005709,0.010927417,0.020843167,-0.0092874167,-0.0014189167,0.00108875,-0.00094333333,0.0043944167,0.00028558333,-0.00436175,-0.003681,0.0056135833,-0.0015840833,-0.0011400833
Ukrainian_Moldova_(n=2),0.132604,0.1178015,0.0661845,0.0534565,0.033083,0.0217535,0.00893,0.0086535,-0.0047045,-0.0178595,-0.0002435,-0.008917,0.0137515,0.0187165,-0.0124865,-0.0001325,0.0028685,0.00095,0.0018225,0.0003125,-0.0038055,-0.000309,0.003759,-0.003133,-0.0016165
Ukrainian_Poltava_(n=2),0.128051,0.1193245,0.068636,0.0570095,0.0390845,0.0214745,0.00611,0.012115,-0.0029655,-0.0241465,0.0005685,-0.0065195,0.013974,0.025873,-0.0099755,-0.0023205,0.003064,0.005004,0.0021995,0.0035015,-0.0047415,-0.004575,0.0115235,-0.006567,0.0037725
Ukrainian_Pontic_(n=3),0.131276,0.120848,0.063481667,0.052326,0.037956,0.022404333,0.0084603333,0.011461,0.0045676667,-0.013789333,-0.0027606667,-0.008093,0.016105,0.020184667,-0.012712667,-0.0017236667,0.0018686667,0.0018156667,0.005028,-0.0028346667,-0.0012476667,-0.0041626667,-0.00036966667,-0.0054223333,0.00043933333
Ukrainian_Rivne_(n=12),0.131181,0.12524875,0.071401667,0.062231333,0.039007083,0.021125917,0.0098704167,0.01005725,-0.00088616667,-0.021883583,-0.0038161667,-0.0080054167,0.014358167,0.0211595,-0.013459,-0.00054133333,0.006215,-0.0016891667,0.0022100833,0.000667,-0.0041695833,-0.0034828333,0.00621375,-0.0039661667,0.00091816667
Ukrainian_Sumy_(n=16),0.13054088,0.12376769,0.068942312,0.0595935,0.039084187,0.022956188,0.008372125,0.01270625,-0.0011376875,-0.02047875,-0.0024054375,-0.0095633125,0.014773188,0.022002437,-0.011027313,-0.0020883125,0.002346875,-0.000150625,0.003071625,0.00053925,-0.0032053125,-0.004265875,0.0055923125,-0.00589675,-0.0007784375
Ukrainian_Ternopil_(n=2),0.1337425,0.126941,0.058642,0.0511955,0.0350835,0.020638,0.0066975,0.009461,-0.004602,-0.0127565,0.000081,-0.003597,0.010258,0.0176155,-0.011129,0.002387,0.009648,-0.00057,-0.000126,-0.001063,-0.011854,-0.0027205,0.0033275,-0.0043375,0.002754
Ukrainian_Vinnytsia_(n=1),0.13212,0.122577,0.066224,0.055381,0.035799,0.021123,0.009668,0.012334,-0.004654,-0.022346,-0.002553,-0.008998,0.0155,0.025222,-0.014485,-0.001585,0.005475,0.000137,0.004372,0.000713,-0.006748,-0.004235,0.007015,-0.002658,-0.000729
Ukrainian_Volyn_(n=1),0.134311,0.123895,0.071653,0.063954,0.044008,0.022869,0.003525,0.016615,-0.01084,-0.025331,-0.004384,-0.005095,0.011744,0.030277,-0.00855,-0.010475,-0.01356,-0.003927,-0.005279,-0.012131,-0.007861,-0.006925,0.001356,-0.006266,-0.005748
Ukrainian_Zakarpattia_(n=25),0.12898436,0.12629128,0.05782012,0.0423776,0.03420928,0.01695652,0.00840388,0.0090088,-0.00134168,-0.01285128,-0.00148104,-0.005623,0.01003764,0.01716968,-0.01093364,-0.00206828,0.00446436,-0.00152028,0.00165916,0.00030012,-0.00374836,-0.00360568,0.00417068,-0.0002698,-0.00045508
Ukrainian_Zaporizhzhia_(n=1),0.134311,0.135065,0.060716,0.051357,0.038161,0.019243,0.011516,0.014769,-0.0045,-0.014397,0.001299,0.00015,0.013528,0.025047,-0.009365,-0.014452,-0.002738,0.002534,0.002388,0.003627,-0.011605,-0.003586,0.004807,-0.001325,0.000359
Ukrainian_Zhytomyr_(n=11),0.13110336,0.12472555,0.068944636,0.058932818,0.037013727,0.023984545,0.0093149091,0.013677727,-0.0030678182,-0.021520364,-0.0033215455,-0.0097004545,0.016041818,0.023508364,-0.010623273,-0.0031098182,0.0039944545,-0.0012324545,0.0024568182,0.0022853636,-0.0056378182,-0.0025291818,0.0064649091,-0.0021908182,0.0023078182
Ulchi_(n=23),0.028703217,-0.44153452,0.084917739,-0.037060739,-0.069096391,-0.044695261,0.011515522,0.014648217,0.012787217,0.018191826,-0.02235313,0.0010947826,-0.0026113043,0.00074191304,-0.0096361739,-0.010186304,-0.0016099565,0.0098155652,0.024385478,0.018160913,0.013742,-0.039160217,-0.014934435,0.0063076957,-0.0054042609
Ulchi_(European-Mixed)_(n=3),0.081952667,-0.17670233,0.077184,0.016688333,-0.013335667,-0.0065073333,0.011985667,0.012307,0.0032723333,-0.0068033333,-0.015048,-0.0074933333,0.0080276667,0.010276,-0.013843333,-0.008574,0.0058673333,0.0035046667,0.011815667,0.006503,0.007154,-0.016281,-0.003944,0.0054623333,-0.0011973333
Ulchi_(European-Mixed)_o_(n=1),0.052359,-0.339187,0.069767,-0.025194,-0.034776,-0.020638,0.00705,0.014538,0.008795,0.003462,-0.016239,-0.001798,-0.007136,-0.003578,-0.006379,-0.01538,-0.008736,0.008108,0.025517,0.016508,-0.004991,-0.029306,-0.012818,0.009881,0.004431
Ulchi_o1_(n=3),0.036802667,-0.43938567,0.10949067,-0.034238,-0.092735333,-0.058474,0.019976,0.023922,0.014589333,0.014214333,0.012828667,0.0072933333,-0.0054013333,0.0033486667,-0.0091836667,-0.011668,0.000087,0.010810667,0.024720667,0.012505667,0.026203667,-0.032314333,-0.0044776667,0.0076713333,0.0035526667
Ulchi_o2_(n=2),0.0335775,-0.442263,0.062979,-0.0550715,-0.0336985,-0.026216,0.0108105,0.0131535,0.003988,0.0159455,-0.0345075,0.000225,0.00171,-0.001101,-0.013097,-0.001657,-0.001695,0.008488,0.0080445,0.0127565,0.018779,-0.0228755,-0.0014175,0.0054825,0.0008385
Ulladan_(n=22),0.012365364,-0.15426818,-0.19697691,0.14605573,-0.066208,0.065083,-0.0018052273,0.013751182,0.087229364,0.059756909,-0.0029303636,0.0038011364,-0.0024124091,0.015269864,-0.013701545,-0.020105409,0.010175864,-0.0015894545,0.0033481364,0.016723909,0.010504136,0.010465545,-0.00088522727,0.0063314545,-0.013079909
Ulster_Scot_(n=1),0.1315,0.1334,0.063,0.0485,0.0397,0.0177,0.0006,0.0055,0.0038,0.0021,-0.0044,0.0037,-0.0126,-0.0129,0.0193,0.0086,-0.0034,0.0025,0.0025,-0.001,0.0042,0.0005,-0.0021,0.0083,-0.0017
Umbundu_(n=20),-0.6262548,0.06326735,0.0217409,0.0160531,0.00147715,0.01165765,-0.01451205,0.02331825,-0.0330613,0.01688425,0.001965,-0.0002998,-0.0027279,0.00053665,-0.00935105,0.00625155,-0.00561955,0.00300265,-0.0045817,0.00206345,0.000262,0.000779,0.00167625,-0.0001084,-0.0001797
Unkechaug_(European+SSA-Mixed)_(n=1),-0.357027,0.068915,0.034162,0.028259,0.009594,0.015317,-0.028757,0.003835,-0.020492,0.013239,-0.001659,0.00628,-0.001003,0.000008,0.008828,0.004895,-0.006543,-0.000297,0.000734,0.001639,0.003737,-0.000977,0.000107,0.006121,0.001798
Uros_Peru_Titicaca_(n=5),0.0594156,-0.30933,0.123243,0.0940576,-0.1158986,-0.0192436,-0.3011896,-0.359339,-0.0124758,-0.0177132,-0.0007796,-0.0016784,0.0013976,0.0263688,-0.0057818,0.0066296,0.0086576,-0.0010388,0.0020614,0.0003752,-0.001198,0.0049708,-0.0034016,-0.0000724,-0.0007904
Uruguayan_Euro-Mestizo_(n=117),0.094692735,0.105885,0.043800009,0.0042818974,0.025924504,-0.0037018547,-0.030318906,-0.030498607,0.018523197,0.023637581,-0.0013315812,0.0043006239,-0.0080799573,-0.0059093932,0.0058413248,-0.000012025641,-0.0018640342,-0.00074094872,-0.0023194017,0.000007008547,0.0020572906,-0.0015368632,-0.00044811111,-0.00051915385,0.00083164103
Uruguayan_Mestizo_(n=16),0.065672188,0.0042161875,0.061241125,0.026877875,-0.0059451875,-0.0068115,-0.096068875,-0.11031244,0.010971312,0.015213875,0.001615375,0.0034294375,-0.006962125,-0.001954,0.0033931875,0.000007875,-0.000220625,-0.000248625,-0.00154425,-0.0002959375,0.00147425,-0.001313875,-0.0000584375,-0.000462875,0.0010509375
Uruguayan_Mestizo_(Highly_SSA-Mixed)_(n=3),-0.081636667,0.044543333,0.051678,0.022485333,0.006186,0.00018166667,-0.059460667,-0.063790333,0.002757,0.018583667,0.0013256667,0.00472,-0.00682,-0.0052416667,0.004849,-0.000109,0.00099,-0.000063666667,-0.002922,-0.0013753333,0.00013233333,-0.0010366667,0.00069266667,0.000060666667,0.001151
Uttar_Pradeshi_Jat_(n=2),0.073985,0.006601,-0.086549,0.0838185,-0.062165,0.0457385,0.00094,0.007269,0.001534,-0.0057405,-0.004709,0.0002995,-0.0005945,-0.0066745,0.009229,0.0068285,0.0017605,0,0.0032685,-0.0096295,-0.0074245,0.0061205,-0.000678,0.0023495,0.000838
Uttar_Pradeshi_Jat_Hindu_(n=4),0.08479825,0.0096475,-0.07617825,0.0847875,-0.0571645,0.04776,0.00205625,0.0036345,-0.0060845,-0.01416875,-0.005034,-0.001274,-0.0023785,-0.008567,0.0103825,0.00626475,-0.0044655,-0.0027555,0.00109975,-0.0061905,0.00065525,-0.00241125,-0.00006175,0.00391625,-0.00143675
Uttar_Pradeshi_Jat_Sikh_(n=1),0.085367,0.016248,-0.090132,0.079781,-0.065858,0.046854,0.01034,0.010846,-0.002863,-0.008565,-0.007145,-0.001049,-0.008771,-0.013762,0.012893,0.008618,-0.002477,-0.0019,-0.004274,-0.008379,0.004243,-0.004946,0.007025,-0.000361,0.007185
Uyghur_(n=22),0.065603545,-0.16525427,0.0013712727,-0.001938,-0.027151909,0.0062369545,0.0063236818,0.0032726364,-0.014130636,-0.0089709545,-0.027724227,-0.0026090455,0.0014730455,-0.0065057727,0.0028933182,0.0070092273,0.00069940909,-0.0015432273,-0.0010512727,-0.00041486364,-0.0079632273,0.000050727273,-0.00086831818,0.0019115909,0.0031297273
Uzbek_(n=18),0.074870389,-0.11311861,0.0024094444,0.0086851111,-0.033784056,0.0058257222,0.0098181667,0.0060638333,-0.014884833,-0.0088181667,-0.016644833,-0.002198,0.0026015556,-0.0044421111,0.0049161111,0.0047659444,-0.0021295556,-0.0013865,0.000908,0.00013911111,-0.0091021111,-0.00078322222,-0.0050599444,0.0011982778,0.0023218889
Uzbek_Afghanistan_(n=14),0.0800015,-0.021543643,-0.042533929,0.022748429,-0.047833,0.018227643,0.0054219286,0.0028514286,-0.017399143,-0.013993214,-0.0091749286,-0.0012418571,0.0033449286,-0.0083653571,0.0096167143,0.013457786,-0.0059045714,0.0011855714,0.00095164286,-0.0097904286,-0.0049912143,-0.0049196429,-0.0012237857,-0.0027542143,0.0021555714
Uzbek_Afghanistan_o_(n=2),0.087075,0.03859,-0.079761,0.0511955,-0.067859,0.029981,0.007285,0.006115,-0.02894,-0.021686,-0.0053585,0.0031475,-0.002007,-0.010597,0.012351,0.01127,0.0056065,-0.002534,-0.0034565,-0.0103175,-0.007362,-0.0016075,0.002835,-0.0037955,0.0007185
Uzbek_Khorezm_(n=6),0.077968833,-0.094105833,0.0098051667,0.0040913333,-0.035032,-0.0040905,0.0081468333,0.0069228333,-0.011282667,-0.0041005,-0.01337,-0.0027976667,0.0010406667,-0.0040596667,0.0018321667,0.0079995,0.002021,-0.0023226667,-0.000084,0.0016885,-0.0115005,-0.0058735,-0.0043341667,-0.00092383333,-0.0020356667
Uzbek_Khorezm_o_(n=2),0.08992,0.0137095,-0.0096165,0.0059755,-0.030467,0.0089245,0.0036425,-0.005654,-0.022191,-0.0112075,-0.0095805,-0.0052455,0.0055745,0.0020645,-0.006447,0.0055685,-0.001565,0.003674,0.0010685,-0.003877,-0.0056155,-0.006059,0.0005545,-0.0020485,-0.003173
Uzbek_Tashkent_(n=9),0.076514333,-0.088463889,-0.0027654444,0.0052756667,-0.035904,0.0036874444,0.0062928889,0.0063074444,-0.015612,-0.011501111,-0.016888444,-0.0036633333,0.001817,-0.0022785556,0.0076758889,0.0062465556,-0.0020138889,-0.00021122222,0.0013407778,-0.0030013333,-0.0082631111,-0.0032425556,-0.003177,-0.00074977778,-0.00031933333
Venezuelan_Blanco_(n=54),0.064623704,0.093063685,0.03934013,0.0020868148,0.018451111,-0.0053755926,-0.036520815,-0.038152926,0.015343778,0.021367407,-0.00013781481,0.0035561852,-0.0062742407,-0.0055390741,0.0055235,0.0002775,-0.0016177222,-0.00079014815,-0.0022361667,0.00016794444,0.0017237593,-0.0015558704,-0.00014275926,-0.00043238889,0.00070190741
Venezuelan_Indo-Moreno_(n=1),0.034932,-0.182701,0.095443,0.068799,-0.068752,-0.01102,-0.223467,-0.259257,-0.00447,-0.003062,-0.002443,-0.002725,-0.000474,0.014588,-0.005936,0.002691,0.0046,0.00034,0.000978,0.000507,0.000798,0.002568,-0.001088,-0.000652,0.001744
Venezuelan_Moreno_(n=87),-0.0014024943,0.022835943,0.052753218,0.02222223,-0.0020868851,-0.004568931,-0.075903632,-0.086115885,0.0078126782,0.015766897,0.0017072874,0.0025088046,-0.004202092,-0.0016504943,0.0032938161,0.00030432184,0.000081528736,-0.00012768966,-0.0012654368,-0.000060241379,0.0014819655,-0.0012814713,-0.000076333333,0.00026843678,0.00087590805
Veps_(n=29),0.12763886,0.073958586,0.091185172,0.079257517,0.024545621,0.021551483,0.01142631,0.015142621,0.0023343793,-0.029911828,0.0047428621,-0.011141793,0.022227379,0.012077552,-0.0085597241,-0.002692931,-0.0014702069,-0.00041068966,-0.0019938276,0.004114,0.004733,-0.0028696552,0.0012027241,0.00098044828,0.0031712414
Vietnamese_(Dong_Profile)_(n=2),0.018781,-0.4478485,-0.0250785,-0.066538,0.104327,0.0546625,0.003055,-0.0098075,-0.015646,-0.004738,-0.0215975,-0.0040465,0.0055745,-0.005367,-0.002714,0.003845,0.003716,-0.0009505,-0.0030795,-0.012756,0.0147865,0.0064915,0.012448,0.004639,-0.006167
Vietnamese_(Kinh_Profile)_(n=104),0.017336154,-0.4384646,-0.041501413,-0.060115269,0.11746566,0.0570385,-0.00036605769,-0.0074086731,-0.015720837,-0.010879817,0.0034991827,-0.00089492308,0.0026473077,-0.0028067115,0.00056119231,0.002681125,0.0010092115,0.00080158654,-0.0032524327,-0.010194817,0.0081118654,0.0058271442,0.012584337,-0.00019114423,0.00416125
Visayan_(n=4),0.0119515,-0.40697325,-0.060528,-0.0337535,0.132717,0.0340945,-0.0059925,-0.01528775,-0.015595,-0.01954475,0.04952825,0.0031845,-0.002267,0.001204,0.006752,0.00590025,-0.00475925,0.0055425,0.005531,-0.00747225,0.0002185,-0.02578175,-0.00693275,-0.00316275,-0.05068425
Vlach_Aromanian_(n=1),0.127999,0.15604,0.017823,-0.015041,0.02957,-0.010809,-0.001716,0.005995,0.008847,0.01472,0.00568,-0.000487,0.002258,-0.001018,-0.001609,-0.000713,-0.000492,-0.0023,-0.003292,0.000447,-0.001035,-0.00177,0.000995,-0.001807,-0.000193
Vlach_Aromanian_Greece_(n=7),0.12174967,0.14773763,0.019851871,-0.013782686,0.025276929,-0.0047701143,0.0021272429,0.0015774857,0.0025737429,0.016354571,0.0026934429,0.0030950571,-0.0082657143,0.0040991571,-0.010174243,-0.0042450857,0.004629,0.00087071429,0.0071803,-0.0059828143,-0.0069395,0.0034042857,0.0010118286,0.0018619143,-0.0030657143
Vlach_Aromanian_Greece_o_(n=1),0.1225,0.1389,0.0333,0.0053,0.026,0.002,0.0036,0.007,0.0011,0.0023,-0.0015,-0.0012,0.0001,0.0044,-0.0121,0.0097,0.0137,-0.0044,0.0053,-0.0016,-0.0082,0.003,-0.0002,0.0015,-0.002
Vlach_Aromanian_Serbia_(n=1),0.1279902,0.135022,0.0370872,0.018242,0.0309973,0.0050341,0.0064941,0.0042377,-0.0053745,-0.0005297,-0.0037673,0.0000899,-0.0005415,0.0187624,-0.0121529,-0.0040379,0.0070727,0.0000098,0.0053734,-0.0003595,-0.0052107,-0.0033689,0.0053746,0.0000287,-0.0010474
Votian_(n=4),0.13061225,0.09698325,0.0889065,0.078489,0.03269825,0.0260065,0.0107515,0.0170185,-0.00214775,-0.032347,0.000487,-0.00940425,0.017988,0.0129365,-0.0064805,0.00487275,0.00488925,-0.000475,-0.001037,0.00540875,0.0026515,-0.00244225,0.0021875,-0.00006025,0.002455
Wa_(n=15),0.0119134,-0.41975213,-0.0443494,-0.042722133,0.10241913,0.046928067,0.000893,-0.0062613333,-0.005754,-0.006925,0.015307733,0.0021382,-0.00066406667,0.00072473333,-0.0017190667,-0.0023337333,0.0036595333,-0.001402,-0.0052541333,0.0095212,-0.0085848,0.021499067,-0.0022349333,0.0027472667,0.0423514
Wabondei_(n=48),-0.591145,0.065374604,0.014912042,0.0075030208,0.00014745833,0.0076986042,-0.0094199375,0.01873475,-0.010673604,-0.0021222917,-0.0001386875,0.0040495625,-0.014221854,0.00051895833,-0.018361833,0.013250688,-0.010824542,0.0085672917,-0.0084035208,0.003762125,-0.0002339375,-0.00015454167,0.0018230208,-0.0008308125,-0.00082322917
Wakhi_(n=22),0.08607899,0.0097181499,-0.044024629,0.053074409,-0.053432883,0.028841556,0.0053491111,-0.00098629159,-0.024230627,-0.022437043,-0.0097832161,-0.0012233676,-0.00029771015,-0.014666476,0.015317421,0.011489709,-0.0029688797,-0.00045374999,-0.00076565381,-0.0064257444,-0.0066454647,-0.00085606727,0.0015166648,0.0013287564,0.0016934923
Walloon_(n=6),0.12977383,0.140788,0.052366167,0.028813,0.039668,0.010775833,0.0031891667,0.0041753333,0.0075271667,0.011579333,-0.0051758333,0.0063988333,-0.0123445,-0.0074866667,0.012009,0.0010726667,-0.0067118333,0.0018636667,0.0035095,0.000067,0.0018145,0.0021933333,-0.000138,0.0098336667,-0.00013716667
Wampanoag_(European+SSA-Mixed)_(n=3),-0.12884167,0.004378,0.061440333,0.044699333,-0.008067,0.0069026667,-0.066977,-0.050173333,-0.010322667,0.0047793333,-0.000834,-0.0011276667,0.001159,0.000602,0.0087033333,0.00065966667,-0.001309,0.0019533333,0.0017503333,0.00085766667,0.0019286667,0.00095033333,-0.000913,0.004123,0.000463
Warli_Maharashtra_(n=3),0.0258,-0.12592567,-0.18290367,0.13415367,-0.062268,0.069164667,-0.0046216667,0.019153,0.074923667,0.044951333,-0.002436,-0.00024966667,-0.00079266667,0.014955,-0.013526667,-0.015645333,0.011126,-0.001309,0.0020113333,0.013089667,0.0015806667,0.015951,-0.003451,0.0035743333,-0.007664
Wasambaa_(n=50),-0.58118078,0.06598908,0.01277688,0.0038437,0.00019088,0.00485828,-0.00940034,0.01582552,-0.00337458,-0.0073259,-0.00098728,0.00311124,-0.01438142,0.00049822,-0.0153391,0.01171298,-0.0085323,0.00954474,-0.00712452,0.0031115,-0.00065634,-0.00047232,0.0016195,-0.00064336,-0.00074714
Wayuu_(n=3),0.053522,-0.320509,0.12103233,0.10558067,-0.11486533,-0.014314667,-0.32056,-0.38445433,-0.015459,-0.017497333,-0.0058793333,-0.0047263333,0.0035446667,0.025285667,-0.010795,0.0034353333,0.00759,0.00044066667,0.0022003333,0.00039566667,-0.002271,0.006652,-0.001413,0.000869,0.0028473333
Wayuu_(European-Mixed)_(n=1),0.049653,-0.264205,0.106295,0.091697,-0.101403,-0.011041,-0.269199,-0.322792,-0.012364,-0.015192,-0.00347,-0.003283,0.004978,0.015912,-0.00507,0.00391,0.003983,-0.000771,-0.000492,-0.000533,-0.004164,0.003946,-0.000092,0.001218,0.001986
Wayuu_(European+SSA-Mixed)_(n=5),0.0328386,-0.2066722,0.0977108,0.0796632,-0.0799644,-0.0099708,-0.2315916,-0.2757964,-0.0089394,-0.010446,-0.0025502,-0.001444,0.002645,0.0122086,-0.006282,0.002223,0.00314,-0.002046,-0.003068,-0.0004038,-0.003469,0.0042038,0.0004968,0.0001942,0.0008276
Welsh_(n=22),0.13163134,0.1386574,0.060197144,0.043284437,0.040777548,0.016605394,0.00315917,0.0061250642,0.0061153568,0.0040994857,-0.0043534396,0.0057423194,-0.012977547,-0.010277122,0.02075361,0.0049286076,-0.0095996447,0.0027411965,0.0031350729,0.0019320536,0.0049680498,0.0039873493,0.00028039655,0.011509038,0.0011065812
Wichi_(n=15),0.052282733,-0.31643913,0.1201758,0.098471933,-0.12059693,-0.019057533,-0.31143593,-0.3671692,-0.0125032,-0.018636667,-0.00082266667,-0.0003796,0.0007434,0.030359533,-0.010586133,0.0064172667,0.0081445333,-0.00030406667,0.0031675333,0.0022678,-0.0015720667,0.010460867,0.00057513333,-0.0025222667,-0.0025066667
Wichi_(European-Mixed)_(n=2),0.0626025,-0.237634,0.1001255,0.0805885,-0.0903245,-0.0192435,-0.251931,-0.2982565,-0.009715,-0.012119,-0.0030855,-0.0005245,0.0011895,0.021882,-0.009704,0.0057015,0.011278,-0.0015835,-0.000817,0.0016885,-0.0039305,0.0058735,-0.005793,-0.0004215,-0.0012575
Wichi_(European+SSA-Mixed)_(n=1),0.050082,-0.120848,0.092017,0.054264,-0.055087,-0.016733,-0.173438,-0.206068,0.001432,0.003645,-0.002273,0.001349,-0.001635,0.010735,0,-0.00411,-0.004042,0.00038,-0.001885,-0.003502,0.001373,-0.001607,-0.002465,-0.010122,0.003113
Wintu_(European-Mixed)_(n=4),0.10731925,-0.03944975,0.08638225,0.0679145,-0.02185075,0.00608625,-0.111509,-0.133068,-0.0051435,-0.00889325,-0.00362725,0.0006115,-0.00334775,0.00200525,0.00748575,0.0037285,-0.0030495,0.00076475,0.0020475,0.00109625,0.0003815,0.005081,-0.00056175,0.00765,-0.00087175
Wolayta_(n=3),-0.31187533,0.087335333,-0.02577,-0.062877333,-0.00010266667,-0.030771,-0.00086166667,-0.012691667,0.10682933,-0.07417,-0.0081193333,-0.011140333,0.004113,-0.0017893333,0.025515333,-0.017236667,0.011517667,0.0065876667,0.005866,-0.0020426667,0.0026206667,0.0040806667,-0.0043956667,0.00092366667,-0.0030336667
Wolof_Gambia_(n=112),-0.60458366,0.065211411,0.017657384,0.0080461607,0.00069514286,0.0074154911,-0.039200714,0.041233848,-0.027979616,0.024818268,0.0046323929,-0.0012550982,0.018793625,-0.0016097054,0.013528357,-0.012294143,0.010811384,-0.0021718036,-0.0038562232,-0.0014862054,-0.0024276339,-0.0054108839,0.0026597857,-0.0014341161,0.001932
Xhosa_(n=15),-0.61547947,0.0624888,0.019710867,0.0155686,-0.00016413333,0.0076601333,0.0293292,-0.014230067,-0.017752533,0.0084678667,0.0027605333,-0.011319867,-0.0110604,0.0020643333,-0.0080889333,0.0041456667,-0.0042767333,0.057525133,-0.024410467,0.0033932,-0.0045168667,-0.0018629333,0.0024730667,-0.0006506,-0.00037513333
Xibo_(n=3),0.028835333,-0.43227733,0.037837667,-0.054264,0.0030773333,-0.006693,0.012847333,0.012384,-0.0052496667,0.006621,-0.059488,-0.0063446667,0.0068383333,-0.002431,-0.0054286667,-0.0019446667,0.006606,-0.0019003333,0.00016733333,0.0028763333,0.002371,-0.0035863333,-0.0032046667,0.0022093333,-0.002435
Xun_(n=13),-0.606502,0.060072308,0.018159615,0.020547769,0.0010652308,-0.0018879231,0.18421223,-0.14237877,0.014143769,0.0056913077,0.0033226923,-0.044037769,-0.015575077,0.0057483077,0.015889846,-0.016583923,0.025023769,0.21543877,-0.071851077,0.0017413846,-0.026050154,-0.0036808462,0.004105,-0.0018722308,-0.00036853846
Xun_o_(n=1),-0.613507,0.062963,0.019987,0.024225,-0.001846,0.010598,0.085779,-0.06392,-0.011044,0.00893,0.001949,-0.02263,-0.006244,0.003716,0.002714,-0.004641,0.008736,0.122128,-0.045377,0.004252,-0.016346,-0.000866,0.007025,-0.003374,0.000958
Yaghnobi_(n=20),0.1008473,0.05900215,-0.02847275,0.0241604,-0.04607,0.01865775,0.0064625,-0.0009923,-0.0358019,-0.0264789,-0.0047743,0.00031465,-0.0001338,-0.0093928,0.0133142,0.0177603,-0.00359205,0.0004624,0.0014267,-0.0110302,-0.0078486,-0.00500175,0.00148515,0.0023557,0.00355055
Yakut_(n=29),0.04592169,-0.37795207,0.10590593,-0.021451655,-0.10597207,-0.064058345,0.029133,0.037303552,0.021291759,0.022835966,0.027578069,0.010361448,-0.022181138,0.063885414,0.03422969,0.021945793,0.0059617241,-0.014495,-0.036695172,-0.028125517,-0.0013337931,0.032026069,0.0049384483,-0.0012466207,-0.01336231
Yakut_(European-Mixed)_(n=3),0.066017333,-0.26945367,0.097548667,0.0046296667,-0.074988,-0.043972,0.023266,0.030844667,0.011453333,0.0086863333,0.024087667,0.0060446667,-0.012537,0.043488667,0.015653,0.016485333,0.0069976667,-0.010599667,-0.022165,-0.018508667,-0.00091533333,0.021556667,0.0011913333,0.001004,-0.0069053333
Yamdena_(n=4),-0.008252,-0.35568925,-0.13453775,0.0789735,0.166108,-0.14711475,-0.00235,-0.01211475,-0.0279685,-0.015946,0.0284585,0.001836,-0.0041995,-0.00161675,0.00777,0.00467375,-0.0010105,0.0052575,0.00612775,-0.0055025,-0.00159075,-0.01839325,-0.0031735,-0.005844,-0.03520625
Yami_(n=16),0.015579625,-0.44505575,-0.048577875,-0.0657305,0.14106487,0.062210125,-0.0061394375,-0.012763813,-0.024606813,-0.019169,0.045052688,0.00295975,-0.00299175,-0.002081625,0.00737125,0.0045991875,-0.00570425,0.0081239375,0.0087281875,-0.016945688,0.0067225,-0.027257625,0.00236475,-0.0083068125,-0.054231563
Yanadi_(n=4),0.0267485,-0.116786,-0.17762375,0.12475975,-0.06916675,0.05773025,-0.00235,0.015576,0.062329,0.041003,-0.0020295,0.00179825,-0.00498,0.00739725,-0.015031,-0.01359025,0.00290125,-0.00044325,0.0004085,0.011068,0.00614525,0.005348,-0.00539225,0.001205,-0.00035925
Yanesha_High_Selva_(n=11),0.053910727,-0.29145691,0.11505618,0.092524818,-0.10774018,-0.016048909,-0.28611482,-0.34167109,-0.014186455,-0.015175364,-0.003115,-0.0012807273,0.0024054545,0.021469091,-0.0049476364,0.0033266364,0.0054642727,-0.0032018182,-0.0011883636,0.00052318182,-0.00081672727,0.0061826364,-0.0027001818,0.000438,-0.0023188182
Yanesha_High_Selva_(European-Mixed)_(n=8),0.06004175,-0.24639262,0.10559375,0.080548125,-0.091671,-0.0149905,-0.255486,-0.30567,-0.009331375,-0.011799875,-0.000771375,-0.000768,-0.00050175,0.018802625,-0.003426875,0.0027345,0.004107125,-0.000332625,-0.000644375,0.000984875,-0.000499,0.003493125,-0.00101675,-0.000451625,0.00032925
Yanesha_Intermediate_Selva_(n=12),0.053591583,-0.31032883,0.11627883,0.098030583,-0.11255942,-0.0181745,-0.30016733,-0.36042733,-0.0157485,-0.017601,-0.000081083333,-0.002273,0.0038899167,0.0215495,-0.0043204167,0.00387825,0.0038246667,-0.002006,-0.0017388333,-0.00066691667,-0.0012271667,0.0072644167,-0.0028961667,-0.0016165833,-0.0029836667
Yanesha_Intermediate_Selva_(European-Mixed)_(n=2),0.0586185,-0.241696,0.106914,0.081073,-0.0900165,-0.015618,-0.258864,-0.3044875,-0.0119645,-0.008747,-0.0023545,0.000225,-0.0037165,0.019955,-0.0017645,0.0066295,0.0089315,-0.0009505,-0.0051535,0.000125,0.0001245,0.0038335,0,-0.000241,0.000898
Yao_(n=29),-0.62614479,0.062997793,0.020312552,0.015158724,-0.00013793103,0.010847931,-0.011215724,0.02016369,-0.026447138,0.0097716207,0.000078344828,0.0012815862,-0.013686966,0.0022304828,-0.018476586,0.01322231,-0.012575241,0.011209759,-0.010606241,0.0042088966,-0.00089062069,-0.00091675862,0.0018699655,-0.0013794138,-0.00092082759
Yarsani_Iran_(n=1),0.091058,0.106631,-0.065996,-0.039406,-0.040623,-0.003347,0.003525,-0.008538,-0.040087,-0.022233,0.000487,-0.003447,0.002081,0.000963,0.002443,0.011535,0.000261,-0.003927,-0.002891,-0.01013,0.001622,-0.006059,0.007148,0.000843,0.003832
Yarsani_Iraq_(n=1),0.087644,0.102568,-0.057699,-0.034884,-0.035699,-0.010319,-0.003525,-0.001846,-0.026793,-0.010205,-0.001137,-0.001948,0.007284,0.001514,-0.001764,0.000796,-0.014603,0.002534,0.003897,-0.014132,0.005989,-0.003586,-0.0053,-0.003735,0.007903
Yazidi_Armenia_(n=9),0.090552444,0.11170833,-0.060548778,-0.032192333,-0.038058333,-0.0025411111,0.0013838889,-0.005256,-0.024633667,-0.0095774444,1.11e-7,-0.0010491111,0.0026593333,-0.0026147778,0.0030614444,0.011004889,-0.0016083333,0.0029138889,0.0027095556,-0.0047661111,-0.00012477778,-0.00065922222,-0.00039711111,-0.0048332222,0.0032994444
Yazidi_Georgia_(n=1),0.093244,0.111823,-0.060813,-0.034802,-0.040033,-0.003531,0.003833,-0.003478,-0.031249,-0.013645,0.002445,-0.001395,0.003452,-0.0021,0.000491,0.010358,-0.001872,0.001924,0.004405,-0.011128,-0.00552,-0.003764,0.001406,-0.000799,0.002285
Yazidi_Iraq_(n=10),0.0925623,0.1115826,-0.059142,-0.0387574,-0.039469,-0.0051435,0.0025245,-0.0044454,-0.0274479,-0.0125322,0.0024266,-0.0009322,0.003476,-0.0007565,0.0013789,0.00765,-0.0047766,0.0035286,0.0046787,-0.0069401,0.0002598,-0.0023671,-0.0002097,-0.0036304,0.0025939
Yazidi_Syria_(n=1),0.095611,0.113739,-0.056568,-0.035853,-0.03693,-0.00251,0.00188,-0.006,-0.029042,-0.005285,-0.000487,-0.00045,-0.000446,-0.003303,0.004479,0.009016,-0.006389,-0.003801,0.011439,-0.015007,-0.003993,-0.000495,-0.003821,0.006748,0.00946
Yazidi_Turkey_(n=5),0.0917414,0.1121146,-0.0651662,-0.0297806,-0.0456702,-0.0034582,0.004606,-0.0038768,-0.0305558,-0.0168388,-0.001299,-0.0004198,0.0053222,-0.001046,0.0039088,0.013312,-0.0022166,0.0064864,0.0003016,-0.0108302,0.0000996,-0.0020776,-0.00106,-0.0053982,0.0074722
Yellowknife_(n=1),0.054852,-0.324371,0.111644,0.066591,-0.111415,-0.027518,-0.177863,-0.210637,-0.005451,-0.014954,0.016939,-0.002478,0.004011,0.000063,-0.013138,-0.000791,0.003413,0.004398,0.008717,0.000593,0.004213,-0.004626,0.003964,0.00386,0.003756
Yellowknife_(European-Mixed)_(n=1),0.059959,-0.262461,0.099614,0.066105,-0.087548,-0.017245,-0.155402,-0.18737,-0.007643,-0.017376,0.016999,-0.001797,0.001491,0.002021,-0.007824,-0.001051,0.002115,0.005624,0.007238,0.003112,0.00405,-0.004723,0.004167,0.005654,0.00206
Yemeni_Arab_(n=8),0.025894625,0.13557312,-0.060716375,-0.10574275,-0.01065575,-0.041938125,-0.01272,-0.00761525,0.053764375,-0.003302875,0.012889625,-0.026283,0.05112075,0.005023375,0.0016795,0.01544675,-0.017944,0.004766625,0.0028125,0.019681125,0.010887,0.01451375,-0.005977375,0.006506625,-0.00395175
Yemeni_Arab_(Afro-Arab-Mixed)_(n=1),-0.006829,0.136081,-0.058454,-0.10336,-0.007386,-0.03765,-0.011281,-0.002308,0.054403,-0.00328,0.009256,-0.017085,0.04103,0.009358,0.005429,0.008751,-0.026859,0.005701,0.007165,0.022261,0.007112,0.015828,-0.007641,0.001928,-0.003832
Yemeni_Arab_(South_Asian-Mixed)_(n=1),0.0387,0.052808,-0.092772,-0.014858,-0.031698,-0.00251,-0.005875,-0.004154,0.042336,0.010934,-0.001461,-0.011839,0.031516,0.002752,-0.005157,0.008221,-0.008996,0.004561,0.002137,0.001501,0.002496,0.007666,0.003697,0.002771,-0.001317
Yemeni_Arab_Al_Bayda_(n=6),0.038699667,0.13861983,-0.062664667,-0.10739833,-0.010155667,-0.048480333,-0.013160833,-0.010153333,0.054130833,-0.0059835,0.010961167,-0.0287995,0.050916333,0.004106,0.0063788333,0.024197333,-0.018471,0.0071578333,0.00083783333,0.017925333,0.0097745,0.016177833,-0.0074358333,0.0011248333,-0.003752
Yemeni_Arab_Al_Bayda_(Afro-Arab-Mixed)_(n=1),-0.001138,0.132019,-0.059208,-0.09367,-0.019696,-0.038487,-0.011516,-0.006692,0.048881,-0.000729,0.009094,-0.017534,0.036273,-0.001514,0,0.01896,-0.015776,0.006334,-0.002011,0.019009,0.011605,0.009892,-0.002218,0.003494,-0.003712
Yemeni_Arab_Al_Jawf_(n=4),0.04922825,0.14141225,-0.0630735,-0.11555425,-0.01069425,-0.04734175,-0.00940025,-0.0071535,0.05813575,-0.0025965,0.01286925,-0.03143475,0.05730875,0.003888,0.0038,0.01959025,-0.02047025,0.00399075,0.00317375,0.02213575,0.01070025,0.01471475,-0.01306425,0.00855525,-0.008562
Yemeni_Arab_Amanat_Al_Asimah_(n=2),0.0409765,0.1370965,-0.0605275,-0.1080445,-0.0172335,-0.047551,-0.0092825,-0.008769,0.0474495,-0.007745,0.011286,-0.0263765,0.044375,0.0027525,0.006379,0.021281,-0.0119955,0.0050675,0.002388,0.018196,0.0141625,0.0137255,-0.004868,-0.000482,-0.006526
Yemeni_Arab_Amanat_Al_Asimah_(Afro-Arab-Mixed)_(n=2),-0.0073985,0.1264335,-0.062036,-0.096416,-0.0056935,-0.039463,-0.0119855,-0.0036925,0.045302,-0.0102965,0.01088,-0.0198575,0.038429,0.002546,-0.0016285,0.0167725,-0.0102355,0.005701,0.00088,0.0138815,0.0103565,0.00507,-0.006532,0.0028315,-0.0058075
Yemeni_Arab_Amran_(n=16),0.044319875,0.13633475,-0.061093562,-0.10315844,-0.014348875,-0.042652812,-0.009209375,-0.0079754375,0.0458005,-0.0046129375,0.011976,-0.02306075,0.046865375,0.0055134375,0.00420725,0.016499,-0.014114062,0.0046558125,0.0014848125,0.016101312,0.0071515625,0.00959075,-0.0062703125,0.004420625,-0.00577025
Yemeni_Arab_Amran_(Afro-Arab-Mixed)_(n=2),-0.029025,0.125418,-0.0486485,-0.090117,-0.017542,-0.033467,-0.005053,-0.003,0.0478585,-0.0082915,0.012423,-0.0171595,0.037314,0.007707,-0.0006785,0.010806,-0.0125825,0.0046875,0.0014455,0.0083165,0.010606,0.008161,-0.006717,0.001687,-0.002694
Yemeni_Arab_Dhale_(n=7),0.024065429,0.13854743,-0.060285286,-0.11143586,-0.0080452857,-0.044662286,-0.012690571,-0.006494,0.054900143,-0.010049143,0.015774857,-0.020810286,0.049036714,0.0068811429,0.0020165714,0.016536,-0.020153714,0.0012307143,0.0042018571,0.017758429,0.010035857,0.0093801429,-0.0048592857,0.0022205714,-0.0052347143
Yemeni_Arab_Dhamar_(n=10),0.0346021,0.1405492,-0.0589439,-0.1105636,-0.0095093,-0.0471046,-0.0130431,-0.0084689,0.0495153,-0.0082735,0.0140954,-0.0256872,0.0485377,0.0052846,0.0037867,0.0156986,-0.0140944,0.0048269,0.0000629,0.0174082,0.0096329,0.0119201,-0.0055956,0.0045908,-0.0039636
Yemeni_Arab_Hadramaut_(n=5),0.0350574,0.128972,-0.0683344,-0.1000012,-0.0115096,-0.04228,-0.0140068,-0.0050766,0.0522354,-0.0046288,0.009516,-0.024668,0.050277,0.0033026,0.0035016,0.0232298,-0.0137424,0.0031166,0.0001258,0.0217854,0.0106062,0.0082352,-0.0076414,0.0049402,-0.0021314
Yemeni_Arab_Hadramaut_(Afro-Arab-Mixed)_(n=8),-0.0768305,0.10624975,-0.05392825,-0.067385875,-0.011579,-0.0247515,-0.011398,-0.0036345,0.033362875,-0.01252875,0.008139625,-0.016841375,0.033820375,0.005160875,0.004003625,0.01480025,-0.014179375,0.003753125,-0.001697,0.0105365,0.005272,0.004683375,-0.002618875,-0.001099375,-0.002859
Yemeni_Arab_Ibb_(n=6),0.023523333,0.13641933,-0.058076667,-0.10319867,-0.010412,-0.046435333,-0.0088128333,-0.0059998333,0.052426333,-0.006773,0.0128555,-0.0253025,0.048066833,0.0042206667,0.0046145,0.019601167,-0.012973333,0.0062501667,0.000461,0.016529,0.0081938333,0.011396833,-0.0052791667,0.0037955,-0.005229
Yemeni_Arab_Ibb_(Afro-Arab-Mixed)_(n=1),0.003415,0.121864,-0.044123,-0.095608,-0.009232,-0.034025,-0.010105,-0.003231,0.051335,-0.001093,0.010068,-0.023979,0.033449,0.012111,0.008958,0.006497,-0.02373,0.003927,-0.002011,0.010755,0.009483,0.011252,-0.007765,0.002892,0.000958
Yemeni_Arab_Ma'rib_(n=6),0.040027667,0.1430205,-0.060150667,-0.114989,-0.0092323333,-0.046481833,-0.010105167,-0.0050383333,0.054028333,-0.0078968333,0.014696,-0.025776833,0.050742833,0.0069958333,0.0002715,0.019136833,-0.020079167,0.0041595,0.0012988333,0.0185295,0.0102735,0.011602833,-0.0060595,0.0038558333,-0.0055083333
Yemeni_Arab_Ma'rib_(Afro-Arab-Mixed)_(n=1),-0.025041,0.135065,-0.059585,-0.097869,-0.007386,-0.041555,-0.010575,-0.003231,0.05604,-0.020593,0.009094,-0.018134,0.046233,0.007432,0.0076,0.019756,-0.019427,0.006714,-0.00264,0.017633,0.001872,0.013602,0.000616,-0.004097,0.001916
Yemeni_Arab_Raymah_(Afro-Arab-Mixed)_(n=1),-0.05805,0.127957,-0.055437,-0.097869,-0.006463,-0.032351,-0.016686,-0.010615,0.055017,-0.003098,0.012991,-0.021581,0.046382,0.008395,0.001493,0.021347,-0.013169,0.006968,0.004274,0.017258,0.011355,0.013107,-0.000123,-0.001687,-0.000599
Yemeni_Arab_Shabwah_(n=1),0.030732,0.122879,-0.063733,-0.11079,-0.008309,-0.048527,-0.00987,-0.008769,0.051745,-0.008201,0.019324,-0.038666,0.059762,-0.004954,0.000407,0.027844,-0.009648,0.001267,-0.002137,0.028514,0.010107,0.006925,-0.002835,0.00494,-0.00934
Yemeni_Arab_Shabwah_(Afro-Arab-Mixed)_(n=1),-0.022765,0.129988,-0.062602,-0.092055,-0.009848,-0.04016,-0.014571,-0.006923,0.049495,-0.012757,0.01088,-0.025927,0.049504,0.004266,0.008822,0.022673,-0.012778,0.003927,-0.002011,0.017508,0.007986,0.010881,-0.0053,0.006868,0.000479
Yemeni_Arab_Taiz_(n=1),0.006106,0.134128,-0.058514,-0.106932,-0.009344,-0.043564,-0.012125,-0.006652,0.053033,-0.013928,0.011416,-0.023875,0.048516,0.005101,0.007163,0.017296,-0.010874,0.004239,0.001574,0.016244,0.007534,0.012813,-0.004979,0.004315,-0.004494
Yemeni_Mehri_Mahra_(n=9),0.054255556,0.13608089,-0.068258889,-0.12119778,-0.0037272222,-0.056305,-0.013030111,-0.0088204444,0.062879778,-0.002045,0.016798111,-0.032571111,0.065741111,0.0058413333,0.0080527778,0.027077778,-0.021064333,0.0028716667,-0.0019133333,0.024831222,0.013725889,0.016088667,-0.0087368889,0.0027847778,-0.0052288889
Yemeni_Mehri_Mahra_(Afro-Mehri-Mixed)_(n=4),-0.04752125,0.11018475,-0.056851,-0.08244575,-0.00515475,-0.038696,-0.01327825,-0.00340375,0.043359,-0.00646925,0.0038975,-0.02053175,0.043223,0.0017545,-0.003325,0.019358,-0.009127,0.006081,0.0011315,0.016758,0.011199,0.0104795,-0.006409,0.00412675,-0.00299375
Yemenite_Jew_(n=11),0.051220455,0.14494382,-0.063904909,-0.11334455,-0.011862182,-0.045966182,-0.012498273,-0.0080555455,0.048323455,-0.0074550909,0.012533455,-0.026226727,0.054085545,0.0048542727,0.0039359091,0.017164273,-0.023196727,0.0055513636,0.0057935455,0.022885818,0.012886273,0.016052455,-0.0069353636,0.0049951818,-0.0056825455
Yerukala_(n=10),0.032781,-0.0930223,-0.1731738,0.1152797,-0.0756139,0.0602125,-0.0044885,0.0101073,0.0527468,0.0310713,-0.0059111,-0.0017984,0.0002677,0.0059865,-0.0074103,-0.0044019,0.009896,0.00038,-0.0000377,0.0032765,0.0012727,-0.0003463,-0.0017131,0.0020846,-0.0065862
Yi_Guizhou_Bijie_Weining_(n=41),0.019572073,-0.44200293,-0.014367317,-0.057588537,0.073957488,0.03237178,0.0024818293,-0.0016265122,-0.010410707,0.0015423902,-0.045052927,-0.0075517805,0.0077811707,-0.003772878,-0.0059253415,-0.00036214634,0.0006677561,-0.0023946829,-0.0049696829,-0.0045357073,0.0068081463,0.014799171,0.012132415,-0.00019692683,0.023581878
Yi_Guizhou_Bijie_Weining_o_(n=4),0.018496,-0.431346,0.01074775,-0.0434435,0.02538925,0.0051595,0.00546375,0.00824975,-0.0022495,0.01261975,-0.089273,-0.01165225,0.00925425,-0.00295875,-0.01279175,-0.00351375,0.00368325,-0.00430725,-0.01131275,0.00800375,0.0004055,0.0229065,0.00936675,0.00195825,0.0443675
Yi_Sichuan_Liangshan_Yi_Zhaojue_(n=3),0.020108667,-0.43938567,-0.007291,-0.048557667,0.054471333,0.019429,0.002585,-0.000154,-0.0064766667,0.004738,-0.063494,-0.006944,0.011793667,-0.0051836667,-0.0086406667,-0.003978,0.0029553333,-0.0012246667,-0.008338,0.003085,0.00391,0.023205667,0.0086686667,0.0032133333,0.027901667
Yoruba_Nigeria_(n=38),-0.63007071,0.063791184,0.0216745,0.016422,0.00046160526,0.013159289,-0.044732395,0.047597263,-0.048805947,0.033464316,0.0053161053,0.0018497368,0.024443,0.0013508421,0.012854132,-0.0105025,0.0072295,0.00057013158,0.0060864211,-0.0030968684,0.0010804211,0.0023721842,-0.0013135789,-0.00070078947,0.000075578947
Yugur_(n=30),0.0346022,-0.37489963,0.020263967,-0.039524433,0.010401933,0.0043972333,0.0085463667,0.0053613667,-0.0059789333,0.0045193333,-0.060370533,-0.0056999333,0.0091078667,-0.0056792,-0.0051121333,0.00041103333,-0.000065266667,-0.0015033667,-0.0022333,-0.00084616667,-0.0008859,0.010551767,0.0020665,-0.0012330667,0.013507633
Yugur_Western_(n=16),0.027531,-0.41636719,0.011219375,-0.055434875,0.03712225,0.01478125,0.006492125,0.0017163125,-0.0076058125,0.004305375,-0.067381188,-0.0081678125,0.00904975,-0.00528125,-0.0077274375,-0.001027625,-0.00036675,0.0013303125,-0.0022389375,-0.00451775,0.0049210625,0.0098923125,0.0088045,-0.0003163125,0.0060024375
Yukaghir_Forest_(European-Mixed)_(n=6),0.0865055,-0.14082017,0.10289083,0.029339167,-0.0433925,-0.021985833,0.013004167,0.023345167,0.0146235,-0.0040091667,0.0306915,-0.00047466667,0.0051783333,0.007982,-0.013006333,-0.0044856667,0.00026083333,0.0043071667,0.0106425,0.0053983333,0.021046167,-0.018980667,0.0059158333,0.0033538333,0.0107175
Yukaghir_Forest_(European-Mixed)_o_(n=1),0.064879,-0.252867,0.098051,0.002584,-0.081861,-0.048248,0.020916,0.030922,0.013703,0.012028,0.033614,0.007643,-0.003122,0.022983,-0.008822,-0.005436,0.001956,0.005448,0.001634,-0.012631,0.018467,-0.006306,0.008504,0.003976,0.002275
Yukaghir_Tundra_(n=25),0.04225116,-0.40409952,0.13015184,-0.0031654,-0.13090452,-0.07351564,0.00781184,0.01842388,0.02361848,0.01390092,0.05459504,0.00544912,-0.00501876,-0.00095232,-0.01679684,-0.00989648,0.00313972,0.01177184,0.02288712,0.00679324,0.04181116,-0.04013264,0.008504,0.01353908,0.01903048
Yukaghir_Tundra_(European-Mixed)_(n=3),0.099405667,-0.063301333,0.093526,0.045650667,-0.023389,-0.0077156667,0.00188,0.007846,0.0072266667,-0.014518333,0.014344333,-0.0064443333,0.0060456667,0.0062846667,-0.0099526667,-0.0021213333,0.004433,0.001689,0.005531,0.0056276667,0.011313667,-0.014591333,0.0080936667,0.0046993333,0.011535667
Yukaghir_Tundra_(European-Mixed)_o_(n=1),0.060326,-0.290441,0.113136,0.010982,-0.092325,-0.047411,0.012926,0.023768,0.016975,0.00492,0.042871,0.008393,0.001189,0.008533,-0.012486,-0.007558,-0.001173,0.008361,0.014078,0.002126,0.023958,-0.021021,0.010599,0.000964,0.013771
Yukpa_(n=1),0.054635,-0.31583,0.111251,0.099484,-0.111098,-0.020638,-0.304574,-0.363677,-0.01084,-0.015672,-0.01023,-0.006894,0.003717,0.024359,-0.010858,0.006895,0.012256,0.004307,-0.000754,0.00075,0.000499,0.008656,0.001356,0.000361,-0.006706
Yupik_Chaplin_(n=4),0.04552925,-0.37371475,0.11917,0.0360145,-0.1223305,-0.0435765,-0.09318175,-0.104015,0.007823,-0.014442,0.03130025,-0.00427125,0.01252475,-0.01974875,-0.03114775,-0.0128945,-0.00501975,0.02283575,0.0373325,0.02451175,0.0330355,-0.05171775,0.0061625,0.02578675,0.0428705
Yupik_Chukotka_(n=3),0.047805667,-0.36863733,0.11816467,0.040590333,-0.12340767,-0.044064667,-0.10222967,-0.117995,0.0068176667,-0.010751667,0.029446667,-0.004546,0.0071356667,-0.019083667,-0.036328,-0.018651,-0.004216,0.017103,0.036871333,0.019759667,0.028324667,-0.049667,0.0068606667,0.028638333,0.036164333
Yupik_Naukan_(n=15),0.0468194,-0.36430433,0.1206786,0.044229467,-0.12063773,-0.042317,-0.10468953,-0.1215024,0.0058493333,-0.0135462,0.029381533,-0.0050254667,0.010852133,-0.0177808,-0.032482467,-0.013700867,-0.00044333333,0.013758267,0.035589333,0.019017333,0.028666133,-0.049997,0.0094900667,0.0262768,0.042231667
Yupik_Naukan_(European-Mixed)_(n=3),0.090679,-0.085981667,0.072407,0.040590333,-0.037032333,-0.010597667,-0.034625,-0.039690667,-0.00013633333,-0.012149,0.016726,-0.003297,0.0073336667,-0.009496,-0.022348667,-0.008397,0.0015646667,0.00076033333,0.015754333,0.007754,0.0089423333,-0.02539,0.00061633333,0.014258667,0.013452
Yupik_Sireniki_(n=6),0.046667333,-0.367283,0.11797567,0.039298333,-0.11915017,-0.0460635,-0.0926335,-0.105534,0.0049086667,-0.011663,0.030962,-0.0029973333,0.0065411667,-0.017501,-0.033636,-0.016839,-0.004042,0.014738,0.037457833,0.018321333,0.029572833,-0.0526555,0.013988667,0.027534167,0.040774667
Yupik_Sireniki_(European-Mixed)_(n=1),0.087644,-0.152329,0.097297,0.050711,-0.062781,-0.019243,-0.041832,-0.043614,-0.003681,-0.016766,0.016564,-0.001199,0.016055,-0.004129,-0.019679,-0.003447,-0.004433,0.008995,0.021369,0.003752,0.015847,-0.023865,0.003204,0.006868,0.018202
Zaghawa_Chad_(n=11),-0.47660845,0.072656455,-0.0018169091,-0.033239636,0.0053994545,-0.015009364,-0.040571455,0.032306364,0.091942818,-0.080465545,-0.016504545,0.013869455,-0.018325909,-0.0044164545,0.016557818,-0.020515364,0.017566273,-0.020892,0.0027081818,-0.011789909,-0.0042311818,-0.0053958182,0.0042128182,-0.0020045455,0.0049204545
Zaghawa_Chad_o_(n=1),-0.571392,0.059916,0.008674,-0.011951,-0.003385,-0.005299,-0.034077,0.029306,0.06872,-0.082735,-0.016076,0.016635,-0.029435,-0.005092,0.008958,-0.019623,0.022426,-0.015963,0.011187,-0.013882,-0.002246,-0.003215,-0.002835,-0.001807,0.000958
Zaghawa_Sudan_(n=31),-0.50636606,0.067745581,-0.0020559677,-0.028090581,0.0027994516,-0.013008871,-0.037943032,0.031338581,0.091283581,-0.086709097,-0.016631677,0.015068871,-0.024092645,-0.0030987742,0.014649032,-0.020577097,0.019397806,-0.018255419,0.010319452,-0.01495471,-0.0019643548,-0.0027522258,0.00092225806,-0.0017607419,0.0039401613
Zaghawa_Sudan_o1_(n=6),-0.55678483,0.062624333,0.0023885,-0.019326167,-0.0040006667,-0.0064145,-0.033449667,0.032114,0.080173333,-0.0961295,-0.0190265,0.020232,-0.030376333,-0.0035551667,0.011287333,-0.015512833,0.019383667,-0.015097,0.017136833,-0.017383333,-0.0023916667,0.0011953333,-0.0031635,-0.0040766667,0.0040315
Zaghawa_Sudan_o2_(n=3),-0.592639,0.062624333,0.011062,-0.0043066667,-0.00318,0.0011153333,-0.026164333,0.027922,0.032792,-0.050479333,-0.010988,0.012139,-0.015956333,-0.004725,0.005836,-0.016706,0.015776333,-0.010262,0.010139667,-0.01655,0.001622,-0.0023496667,-0.0028756667,-0.0011243333,0.0069853333
Zaghawa_Sudan_o3_(n=1),-0.430251,0.076165,-0.008674,-0.035207,0.001539,-0.013387,-0.033372,0.028153,0.07506,-0.073988,-0.009094,0.007793,-0.010555,0.000275,0.008686,-0.02148,0.000261,-0.010262,0.010559,-0.012256,-0.001248,0.000495,-0.000123,-0.006507,0.003952
Zapotec_(n=12),0.055394,-0.29856575,0.11250767,0.090251583,-0.10363475,-0.018825083,-0.26746158,-0.32244808,-0.010925,-0.015717917,-0.0047633333,-0.0035345,0.0023413333,0.019163917,-0.0067861667,0.0015800833,0.00296625,-0.0020586667,0.00182275,0.00067733333,-0.0024956667,0.0025965833,-0.00065733333,-0.000281,-0.002395
Zhuang_Guangxi_Chongzuo_(n=10),0.0170735,-0.4458172,-0.0388811,-0.0674424,0.1259312,0.0609097,-0.001457,-0.0086305,-0.0183049,-0.0117176,0.0044496,-0.0016335,0.0010553,-0.0033303,-0.0010586,0.0044815,-0.0005867,0.0007346,-0.0015335,-0.0137942,0.014175,0.0036603,0.0145556,0.0000602,-0.0008141
Zhuang_Guangxi_Donglan_(n=1),0.013659,-0.447848,-0.042992,-0.062339,0.124639,0.059404,-0.00094,-0.010153,-0.020248,-0.016948,0.012179,-0.006594,-0.002825,-0.007019,0.000271,0.007955,0.003912,-0.001394,-0.003142,-0.008254,0.009234,0.008037,0.008134,-0.003012,0.007544
Zhuang_Guangxi_Fusui_(n=6),0.019160167,-0.44564817,-0.0370835,-0.0663765,0.1225355,0.0623785,-0.0024675,-0.0089226667,-0.016941333,-0.0102355,0.00051433333,-0.0008495,0.00109,-0.0072251667,-0.001493,0.001768,0.00076066667,0.0011823333,-0.003352,-0.011401,0.011646167,0.0052758333,0.015015833,0.00054216667,0.001497
Zhuang_Guangxi_Guigang_(n=11),0.017280455,-0.44978727,-0.035929455,-0.067624455,0.12212073,0.060620727,-0.00098272727,-0.0096920909,-0.019318364,-0.011315,-0.0018305455,-0.00058590909,0.0023786364,-0.0040411818,-0.0013200909,0.0018682727,0.000972,-0.0017160909,-0.0011197273,-0.014279636,0.011672455,0.0035858182,0.015719636,-0.00076681818,-0.001241
Zhuang_Guangxi_Guiping_(n=1),0.017073,-0.446833,-0.032432,-0.061693,0.101865,0.051316,0.00752,-0.005307,-0.018816,-0.009841,-0.005521,-0.000899,-0.002676,-0.009771,-0.004479,0.002917,0.004303,-0.006841,-0.000126,-0.003877,0.00861,0.011376,0.016515,0.002289,-0.005269
Zhuang_Guangxi_Hechi_(n=9),0.018591222,-0.44897689,-0.037502444,-0.066035556,0.12405722,0.059744556,-0.000235,-0.011025111,-0.019657222,-0.010832889,-0.000415,-0.00099911111,0.0026758889,-0.0042816667,0.00025644444,0.0019003333,-0.00050711111,0.00021111111,-0.0038406667,-0.013645444,0.013434667,0.0036822222,0.014228222,0.00022766667,0.0011575556
Zhuang_Guangxi_Hengzhou_(n=1),0.018212,-0.450895,-0.029793,-0.069768,0.111098,0.049921,0.000235,-0.010846,-0.018203,-0.004009,-0.012991,-0.005545,0.006838,-0.007569,0.00285,0,-0.000261,0.006714,0.006159,-0.018259,0.01435,0.009645,0.020582,-0.003615,0.003353
Zhuang_Guangxi_Jinchengjiang_(n=2),0.014228,-0.4458175,-0.0431805,-0.06137,0.118484,0.061356,-0.006815,-0.010615,-0.0179985,-0.0101145,-0.0030855,-0.0041215,-0.0026015,-0.0048855,0.0011535,0.000464,-0.0052155,-0.0020905,-0.0038965,-0.0096295,0.0095455,0.0012365,0.0169465,0.001747,0.0035325
Zhuang_Guangxi_Jingxi_(n=9),0.016314667,-0.44649444,-0.038634,-0.064420556,0.12535656,0.059094,0,-0.0095123333,-0.019338889,-0.011582111,0.0023455556,-0.001249,0.0033861111,-0.0021865556,0.00039211111,0.0014143333,-0.00075333333,-0.0019707778,-0.0034916667,-0.013047889,0.014321889,0.0036407778,0.015132111,-0.0021556667,-0.000785
Zhuang_Guangxi_Laibin_(n=6),0.016883833,-0.44734083,-0.0384035,-0.066861,0.12407433,0.0573585,-0.0018016667,-0.008192,-0.020214,-0.0123615,0.00054133333,-0.0017485,0.001363,-0.0037616667,0.00095,0.001569,-0.00019566667,-0.00133,-0.003666,-0.013798167,0.014079167,0.003751,0.017603833,-0.00058216667,0.00073883333
Zhuang_Guangxi_Longlin_(n=3),0.020867667,-0.44480167,-0.036957667,-0.069014333,0.12474133,0.062750667,-0.002115,-0.0093843333,-0.019157,-0.01221,0.007199,-0.0014486667,0.000892,-0.0066516667,0.000543,-0.00075133333,0.0016513333,0.0012246667,-0.002179,-0.005711,0.0091503333,0.0046163333,0.013310667,-0.001526,0.001477
Zhuang_Guangxi_Luzhai_(n=1),0.015935,-0.450895,-0.043746,-0.068476,0.118176,0.05773,-0.001175,-0.011769,-0.013499,-0.004556,-0.005359,-0.005245,0.009366,-0.009771,-0.000543,0.002121,-0.000391,-0.003801,-0.005405,-0.003252,0.018842,0,0.010599,-0.004338,0.00012
Zhuang_Guangxi_Qinzhou_(n=1),0.017073,-0.453942,-0.032055,-0.062016,0.113252,0.045738,0.002585,-0.00923,-0.018203,-0.007836,-0.004872,-0.006744,0.007284,-0.003716,-0.007329,-0.002387,0.005476,-0.003927,-0.001006,-0.009505,0.019965,-0.002226,0.009367,0.002048,0.004191
Zhuang_Guangxi_Rong'an_(n=1),0.022765,-0.450895,-0.037712,-0.064923,0.113867,0.054941,0.001645,-0.001154,-0.01718,-0.005285,-0.011367,-0.000899,0.00446,-0.004817,-0.001357,0.001591,-0.000652,-0.006081,0.001257,-0.009379,0.018842,0.00915,0.013927,0,-0.002754
Zhuang_Guangxi_Shanglin_(n=1),0.014797,-0.450895,-0.01697,-0.063631,0.087709,0.042391,-0.00564,-0.010615,-0.017385,-0.001458,-0.034751,-0.008542,0.0055,-0.006881,-0.004479,-0.008353,-0.002999,0.006461,-0.011564,-0.014007,0.015348,0.008903,0.012325,-0.00253,-0.002754
Zhuang_Guangxi_Tianlin_(n=7),0.017561286,-0.44944429,-0.038897286,-0.063954,0.12749643,0.060280143,-0.0015778571,-0.0071867143,-0.019196,-0.012678429,0.0050572857,0.001199,-0.00091314286,-0.0036175714,-0.001299,0.0024247143,0.0048428571,-0.00076014286,-0.0036811429,-0.010594143,0.014937857,0.0040451429,0.017184143,-0.000981,-0.0018477143
Zhuang_Guangxi_Tianlin_o_(n=3),0.023144,-0.450218,-0.023256,-0.070414,0.10299333,0.043414,0.000078333333,-0.007307,-0.018202667,-0.0079573333,-0.024466667,-0.005495,0.003568,-0.009496,-0.001855,0.000265,0.00060866667,0.001647,-0.0013406667,-0.005586,0.009608,0.0063476667,0.015529,-0.0015663333,0.00023966667
Zhuang_Guangxi_Tianyang_(n=6),0.018401333,-0.4446325,-0.039723333,-0.065676667,0.12438233,0.058473833,-0.0025458333,-0.010653167,-0.019532167,-0.013546333,0.0029231667,0.0006745,0.0029733333,-0.0042433333,0.001968,-0.00061866667,0.00034766667,0.00092916667,-0.0023253333,-0.010921667,0.012145167,0.0058116667,0.016576833,0.00092383333,-0.0007585
Zhuang_Guangxi_Wuming_(n=2),0.0210575,-0.446325,-0.0395975,-0.065246,0.1269465,0.057591,0.000235,-0.0103845,-0.0185095,-0.0083825,0.0028415,0.002623,0.0059465,-0.0041285,-0.002307,0.0043095,0.0029985,0.00076,0.0005025,-0.0109425,0.0090465,0.006306,0.017378,0.003434,-0.0017965
Zhuang_Guangxi_Wuxuan_(n=2),0.0182115,-0.451911,-0.0345065,-0.0708985,0.118176,0.051316,0.0034075,-0.011423,-0.0154415,-0.0106605,-0.0014615,-0.001873,0.0046825,-0.0050235,-0.003122,0.0072925,-0.001695,0.0012035,-0.0028285,-0.0156325,0.015972,0.005812,0.019658,-0.0006025,0.002814
Zhuang_Guangxi_Xilin_(n=2),0.014797,-0.4473405,-0.0403515,-0.0692835,0.1247925,0.057312,-0.003995,-0.007154,-0.018714,-0.0112985,0.0073885,0.0026225,0.0044595,-0.001789,-0.001357,0.001392,0.0017605,-0.0025335,-0.007416,-0.0099425,0.007487,0.010325,0.015036,-0.0023495,0.003173
Zhuang_Guangxi_Xingbin_(n=3),0.017073667,-0.44818733,-0.02841,-0.066215,0.12022733,0.057823333,-0.0040733333,-0.0080766667,-0.016907333,-0.016037,-0.00064966667,-0.0030473333,0.0032703333,-0.0038073333,-0.003031,0.0019003333,-0.002825,0.0010556667,-0.0010056667,-0.015215333,0.016138,0.0061413333,0.015570333,-0.0032533333,-0.0011176667
Zhuang_Guangxi_Yongning_(n=1),0.027318,-0.454957,-0.039598,-0.070737,0.1231,0.055778,0.001175,-0.001615,-0.019634,-0.009112,0.003735,0.003597,0.008176,-0.005367,-0.0038,0.002254,-0.007041,-0.007348,-0.002514,-0.005878,0.010856,0.008903,0.014173,0.000241,0.001557
Zhuang_Guizhou_Congjiang_(n=49),0.014959633,-0.44948567,-0.037488837,-0.065951327,0.12183745,0.057525469,-0.00070979592,-0.010238204,-0.019200224,-0.011123857,-0.0032776122,-0.00098789796,0.003492102,-0.0044011837,-0.0014097143,0.0040453265,0.0016896939,0.0015823469,-0.002380551,-0.011926612,0.015001653,0.0060161224,0.016804347,0.00056067347,0.0019647959
Zhuang_Guizhou_Congjiang_o_(n=2),0.015935,-0.448864,-0.0314895,-0.067507,0.1064815,0.052013,0,-0.007846,-0.019941,-0.0087475,-0.0210295,-0.00562,-0.00052,-0.0062615,-0.0001355,0.0023205,0.003716,0.0015835,-0.001634,-0.0095045,0.014537,0.0128595,0.0174395,-0.005121,0.000419
Zhuang_Yunnan_Guangnan_(n=5),0.0170736,-0.447036,-0.0386924,-0.0672486,0.1250078,0.0595152,-0.002162,-0.0107996,-0.0187754,-0.0095492,0.0022736,-0.0038666,0.0038652,-0.0075418,-0.0014656,0.0046672,0.0004954,0.0012668,-0.0008548,-0.0100548,0.012977,0.0049958,0.016022,0.0027232,0.004263
Zhuang_Yunnan_Qiubei_(n=9),0.017073333,-0.44581744,-0.038340667,-0.064492333,0.12327067,0.058691,-0.0026372222,-0.009256,-0.020088889,-0.010934222,0.0042401111,-0.00033311111,0.00185,-0.0052603333,0.00082944444,0.0039334444,-0.00062288889,0.0012244444,-0.0032121111,-0.010449333,0.010966667,0.0065672222,0.015625,-0.0017673333,0.0063333333
Zhuang_Yunnan_Wenshan_(n=9),0.014797,-0.44694578,-0.039346111,-0.068188889,0.124707,0.060147444,-0.000026111111,-0.0099996667,-0.019543444,-0.011602222,0.0055031111,-0.00074944444,0.0030228889,-0.0033945556,0.00021111111,0.0023865556,0.0021294444,-0.00038022222,-0.0011032222,-0.010282667,0.010689444,0.0039431111,0.014009333,-0.00069633333,0.0025412222
Zhuang_Yunnan_Wenshan_o_(n=1),0.018212,-0.443786,-0.027907,-0.063631,0.109867,0.043507,-0.001645,-0.002769,-0.011658,-0.008565,-0.02241,-0.000899,0.002973,-0.006744,-0.003936,0.002254,-0.002738,-0.0019,-0.010056,-0.009004,0.007861,0.010263,0.012325,0.004458,-0.001796
Zulu_(low_res)_(n=8),-0.62659625,0.068929125,0.022155875,0.016513375,0.00088475,0.0053685,0.0165095,-0.0088555,-0.021296125,0.009544625,-0.002435875,-0.005695,-0.01598125,0.004919875,-0.009025375,0.007706875,-0.003943875,0.045481125,-0.020708875,0.001704,-0.00379025,0.003957,0.007749125,-0.001792375,-0.000075
Zulu_(low_res)_o_(n=1),-0.620336,0.08632,0.018102,0.007752,-0.006463,0.010598,-0.000235,0.02123,-0.019839,0.00492,-0.00065,-0.004346,-0.006392,0.000963,-0.019679,0.012994,-0.007432,0.00228,-0.013575,0.005628,-0.012603,0.005935,0.005916,0.004217,-0.005628
